-0.0039727925	0.03132854	0.094821006	-0.042015083	-0.15569505	0.030807503	-0.12181949	0.035405565	-0.26272526	0.05472103	0.02831319	-0.066261314	0.12638023	0.06262576	0.08889833	0.06770358	0.057871126	-0.024999496	-0.14952677	-0.02317742	0.059083946	0.0107573625	-0.099922456	0.10002126	0.057667654	0.08909648	-0.09317609	-0.111712724	-0.10762958	-0.027239569	-0.006461067	0.0023135561	-0.26836914	0.11706974	-0.06923078	-0.08377344	0.034578934	-0.119207114	-0.019326454	-0.040467028	-0.01646366	0.17224276	-0.029004399	0.09706526	-0.008556627	0.17812565	0.18644325	-0.08700552	-0.010743616	0.14781585	0.022197086	-0.18540072	0.032168552	-0.16879949	0.019984767	0.12142496	0.05443635	0.08962882	0.075884946	0.036968462	0.009769104	0.17821206	0.03996063	0.019413529	-0.06101053	-0.1550169	0.2661811	-0.013348439	-0.015244163	0.29062277	0.021637147	0.028326515	-0.17942443	-0.13790564	-0.13557261	0.017152268	-0.058686275	0.030280346	0.11847461	-0.005575564	0.06971321	0.0362668	-0.16869612	0.10569136	0.2056945	-0.09776851	-0.16585597	0.014137352	-0.11706025	0.036358148	-0.21553442	0.052479774	-0.16445164	-0.10255653	0.18919699	-0.19080153	-0.09181112	-0.008245863	0.16284016	-0.23096259	0.1832843	0.0066510937	-0.103202574	-0.18230179	0.09686181	0.208015	-0.014103213	0.010760195	0.027798645	-0.017874785	-0.022326708	0.07970216	-0.196133	0.12303361	0.16387813	-0.06395281	-0.23469827	-0.18935938	0.02018246	0.09183436	-0.004772013	0.0034228722	0.022431642	-0.112993084	0.055995006	-0.04299056	-0.027086241	0.22034805	-0.21451752	-0.019628841	-0.18723099	0.21399634	0.026027784	-0.028346593	0.019019598	0.08757754	0.33887398	-0.13569906	0.07021404	-0.04481003	0.30672923	-0.069993585	0.0849951	0.021246126	0.14647715	0.07468942	-0.10183086	0.0356698	0.024600644	-0.084226795
0.24038193	-0.005354023	0.12481548	-0.32180095	-0.10242179	-0.1782766	-0.26356032	-0.043330833	-0.19805469	0.2231813	0.111654475	0.074047394	0.16153263	-0.072230205	-0.2042265	-0.06784257	-0.10387336	-0.26173562	-0.09751099	-0.14827111	-0.13462865	-0.048219737	-0.10402288	-0.059319984	0.17066322	0.21861526	0.011753695	-0.027262932	0.17197716	0.072623044	0.17992334	0.07385302	-0.2064502	0.08000957	-0.20310643	-0.2799948	-0.026608799	-0.3542919	-0.0030195322	0.04779256	-0.04868043	0.07905083	0.11729574	0.08839231	-0.011225496	0.050582163	0.059048586	-0.19663149	0.02899958	0.29759204	-0.05600925	0.07701617	-0.04658251	0.062740006	0.046251427	-0.041088723	0.068051845	0.23766026	-0.057470497	-0.024529483	-0.05097641	0.17262638	-0.017492335	0.12861404	-0.07641851	0.014319689	0.08022148	-0.010007349	0.13349116	0.23033753	-0.022986218	-0.072481945	-0.14171493	-0.068586804	0.053009514	0.021795323	0.044471577	-0.029654441	-0.03852301	-0.356338	-0.108662225	0.19884692	-0.033204798	0.22939207	0.12095864	-0.07241221	-0.085308604	0.071553856	-0.20593181	0.007895916	-0.2884563	-0.08494921	-0.14058447	-0.21597986	0.11851426	-0.1889442	-0.009300627	0.054658882	0.33724815	-0.4380848	-0.16106187	-0.16921672	-0.09264592	-0.06093529	0.082052246	0.12951219	-0.06828373	-0.29367712	-0.16577448	-0.017880037	0.03595958	0.0034297432	0.04050361	0.13372627	0.36574325	-0.07422444	-0.023951685	-0.21596101	-0.05975714	0.109309226	0.0315921	-0.23168407	-0.08560208	0.0059152646	-0.06515555	0.04792085	0.03769032	0.2757932	-0.27373847	-0.060073953	-0.063653156	0.07664215	0.13813561	-0.17231834	-0.12508689	0.10047024	0.12246416	-0.02968027	0.14433806	0.21935545	0.31923148	-0.16010699	0.050915115	-0.03271121	0.1377228	0.034268297	0.07044741	0.070816	-0.16239093	-0.23401326
-0.102591485	0.14843972	-0.052952036	-0.12147488	-0.046222404	-0.10992406	-0.15360273	0.11594707	-0.20019883	0.007999712	0.11951842	0.11598711	-0.1336124	-0.00446598	0.015033332	0.07509706	0.26889193	0.09572669	-0.20953658	-0.010393204	-0.26336595	-0.11996986	0.062621206	0.22061376	0.3025792	0.19956803	-0.057950567	-0.21450005	-0.33245164	0.061377954	0.2470356	-0.050336108	-0.16234708	0.1403071	-0.11144092	-0.18905236	0.03856258	-0.31378627	-0.21678749	-0.060284007	-0.024259498	-0.0027400278	0.15712912	-0.038644876	0.19892234	-0.07638	0.25599614	0.030219853	-0.044964246	0.013739312	0.04740752	-0.36874872	0.0064058513	-0.114728026	0.16794252	0.0155605655	-0.09546806	0.27095532	-0.2058891	0.33090082	0.0782523	0.11767252	-0.27017286	0.17179449	-0.29154053	-0.18787658	0.0059846276	-0.013506508	0.025450777	0.32337594	-0.09596025	-0.0006772944	0.026281502	0.017966589	0.02499841	-0.08581883	-0.054182723	0.16965243	-0.10611912	-0.1268004	-0.09346213	0.19225243	-0.06771502	0.2034084	-0.06584186	-0.08651122	-0.11150335	0.03927118	-0.002390798	-0.036462426	-0.06952586	0.0950604	-0.15950222	-0.028426096	0.0431258	-0.07696001	-0.06851613	0.04118697	0.18522538	-0.16629545	0.08557049	0.1385014	-0.1520745	0.03130673	0.16962048	0.17821346	-0.09064391	-0.0985391	-0.026360719	-0.03415746	-0.19893026	-0.15646948	-0.1343316	0.0661451	-0.02781029	-0.0026693589	0.14500229	-0.109873325	-0.10547884	0.15296528	0.03647329	0.12390033	0.02554224	-0.22969778	0.16188636	-0.006166027	0.12525113	0.18491113	-0.20599811	0.21322495	-0.12777597	0.345215	-0.04938312	-0.16261572	-0.044331465	0.08018703	0.10916871	0.046312064	-0.18483642	0.05928078	0.40747112	0.06829501	0.02641018	0.0165494	0.1413891	0.3091917	-0.16557214	0.096590325	0.019669432	-0.08178115
0.05142396	0.0319902	0.053105444	-0.018437408	-0.052637357	0.0022429952	-0.12037746	-0.046124585	-0.2354315	0.09473229	0.10421379	-0.07868878	0.38480195	0.091528855	-0.11332324	0.11713745	-0.23593639	-0.18202575	-0.13547197	0.22802505	0.13539468	0.17487217	0.115327	0.257974	0.16518982	0.1492457	-0.030440943	-0.19769976	-0.1686505	0.10484908	0.013432588	0.057250656	-0.17167972	0.17743045	0.019765345	-0.09517238	-0.14352039	-0.27160722	0.030042844	-0.030749116	0.060003273	0.3578858	0.29439864	0.0016300597	-0.2296709	0.10425899	0.12326125	-0.10302711	-0.002219441	0.27295548	-0.12152476	-0.17077419	0.21112835	-0.16433422	-0.050553367	0.033794854	-0.002861451	-0.22929779	0.07640017	0.058026664	0.058065046	0.30992755	0.0012570964	-0.094733566	-0.21182545	-0.21757174	0.025365476	-0.20729059	-0.27859613	0.21693197	-0.16102478	-0.058627512	-0.23247474	-0.11638348	0.023654882	-0.051871784	0.14506756	0.0695521	0.12236684	-0.09506855	0.18703963	-0.08882502	-0.2666718	-0.0868083	0.22137566	-0.09941678	-0.097747445	-0.30383494	-0.0935759	-0.16422343	-0.041439183	-0.31286317	-0.1926789	-0.3606551	0.19423877	-0.4769199	-0.1397703	0.06998577	0.18545742	-0.4090918	0.15896836	-0.2380561	0.13280511	-0.36400086	0.29883334	0.35303643	0.032865196	-0.14361401	0.11905345	0.015726024	-0.06228452	-0.098198004	-0.04750754	0.018781401	0.4263364	-0.1219054	-0.26260462	-0.17442329	0.12914838	0.044748265	0.10814859	0.06494688	-0.36875102	-0.24366364	-0.2012078	0.09471248	0.14346841	0.3310938	0.13841248	-0.17355235	-0.16587926	0.17461313	-0.36327118	-0.21847148	0.14147401	0.12745276	0.31915742	-0.23199321	-0.053640362	-0.004209582	0.44735196	-0.035410866	0.06168203	0.094188005	0.18485287	0.07944244	0.054624587	0.02587847	-0.081481025	0.02748332
-0.0020666048	0.2237728	-0.043213483	-0.35892755	-0.17584236	0.02048914	-0.15389627	0.13661945	0.020355027	0.40508106	0.06194321	-0.23757495	0.15966548	-0.035127442	-0.07889058	0.14375554	0.021449512	-0.07849739	-0.24626479	-0.34368068	-0.15308788	0.11121885	-0.22144121	0.24727346	0.5989588	0.103544936	-0.13696809	-0.16330512	-0.11651809	-0.10555389	0.09904478	-0.04682163	0.06882523	0.1683199	-0.16388574	-0.22750849	0.074831024	-0.3208644	0.24113178	0.21286434	0.05752826	0.24099359	0.16757493	-0.17415807	0.030031396	0.10272755	0.040807016	0.2639044	0.05749589	0.14628802	-0.17193113	-0.0978444	-0.2503185	-0.031417444	0.079629645	0.04173027	0.1304453	0.16827889	-0.06790302	0.19554558	-0.12110993	0.3196088	-0.23715799	0.201272	-0.17535073	0.1187629	0.034873653	-0.074268445	-0.11108857	0.17267865	0.11906659	0.086657114	-0.11530069	-0.29192343	0.12324898	-0.10576451	0.059209075	-0.0049150963	-0.173438	0.2488922	-0.04977729	-0.013175755	-0.302598	0.4315642	0.1197918	-0.056833763	-0.11168607	0.17682639	-0.20051606	-0.0070848167	-0.17749825	0.3113771	-0.008208756	0.28364465	-0.15925449	-0.18142572	0.043302376	-0.28037673	-0.04094071	-0.24695902	0.17889367	0.022622097	-0.25379696	-0.19864534	0.20660153	-0.027852118	-0.1402676	-0.18031633	-0.18576597	0.14731395	0.14162935	-0.10938544	-0.29945043	-0.12732655	0.24591798	0.047200933	-0.022112722	-0.21466275	-0.20123276	-0.19155866	-0.2518299	0.24975654	0.13746405	-0.4117387	0.14719924	-0.3280909	-0.019969784	0.004924569	0.0070474604	-0.017737497	-0.009246432	0.10641541	0.26133683	-0.0020477118	-0.1413017	0.048162546	0.49628592	-0.23341455	0.020146087	0.04449283	0.329998	-0.09363547	0.09914325	0.20009618	0.38710392	0.12858655	-0.059755556	0.14848569	0.32735565	0.1119002
0.011264341	0.1381011	-0.11798008	0.1995485	-0.021244112	-0.26737934	0.025626872	-0.24111369	-0.08991496	0.4031967	-0.09928072	-0.08963593	0.16881612	0.20932299	-0.2004329	0.23029163	0.010768894	0.062150437	-0.26172104	-0.0018223304	0.024428101	0.46111298	-0.06120483	0.5375244	0.22060782	0.24089678	-0.25889048	-0.11940248	-0.2272258	0.5552611	0.16484568	0.08284039	-0.4274096	-0.00899928	-0.08328599	-0.1029523	-0.22502199	-0.08371863	-0.13061647	-0.2783379	-0.12107133	0.49803442	0.2064654	0.103692226	0.16675122	-0.26493827	0.14638491	-0.30453223	0.18954772	0.20454505	-0.16077593	-0.5336176	0.18554083	0.16820237	0.020698253	0.20727073	-0.023577368	-0.40780738	-0.23464778	0.103371136	-0.24959344	0.27216366	0.028359935	-0.23241645	0.08861365	0.23716679	-0.14522006	-0.21925993	-0.21121623	0.6060576	0.09989933	0.021655558	-0.25792795	-0.015136148	0.12614746	0.16808325	-0.1776724	0.18643641	0.4030134	-0.21198852	0.15005395	0.022236183	-0.25809902	-0.1842198	0.1499226	-0.12290073	-0.09579244	-0.23375432	-0.22560035	0.027429812	-0.26852703	-0.17068979	0.021692043	-0.2931981	-0.0006205126	-0.58202785	-0.3991202	-0.085365474	0.28507927	0.08524697	0.2327664	0.27780214	0.22043577	-0.5207849	-0.08906365	0.031862758	0.09860387	-0.18128414	0.20337157	-0.07011258	-0.08296599	-0.080524154	-0.33596072	0.42121437	0.43166003	0.078830004	-0.03475065	0.0035549037	-0.038929082	-0.035658274	0.0971864	-0.21995416	-0.16575214	-0.24231832	0.15791504	-0.23077387	-0.07911414	0.018144615	-0.012510722	-0.07604121	-0.26058418	0.3099041	-0.13534869	-0.23732187	0.31024837	0.3170575	0.05829104	-0.1681971	-0.19353682	-0.23871033	0.10567782	0.009655368	0.35686576	0.15331462	0.19821084	0.18162581	0.13454852	-0.20532863	-0.1312747	-0.27928692
0.051693846	-0.17616494	-0.19616096	-0.04132508	-0.1316027	-0.22379409	0.0358066	0.078628324	-0.012468708	-0.1041611	-0.03492025	-0.13379164	0.16211496	0.23998797	-0.024582574	0.05408252	0.10646651	-0.014370867	-0.048143808	0.09625038	0.053540193	-0.023557633	-0.5056298	0.18405782	-0.09868079	0.26010725	0.17585175	0.024142195	-0.20628431	0.13436006	0.30200794	0.2681501	-0.4380918	0.3245967	0.027365183	0.4170774	-0.26973826	-0.7258072	-0.11135944	0.385372	0.29093453	0.053843584	0.119480416	-0.0041891057	-0.21371451	-0.08556338	0.2535307	-0.17256595	0.060895827	0.10209344	-0.055246353	-0.26818267	-0.03361553	0.11352029	0.15200141	0.22810428	0.006054062	0.30267012	0.4488038	0.11371936	-0.17583735	0.10734382	0.16278623	-0.1354979	-0.25541633	-0.08507829	0.013282792	0.0781122	0.4934448	0.18004543	-0.2825543	0.015960896	-0.11074834	0.23539492	0.15232241	-0.057818487	-0.09928513	0.10200914	0.054770257	0.2345432	0.2606203	0.21384011	-0.25606292	0.056783468	0.27448645	-0.05978728	-0.109972715	-0.13303946	-0.4277383	-0.14013088	-0.11690592	0.12960596	-0.44549227	-0.37762192	0.033504248	-0.3582665	0.04078209	0.009493864	0.28838623	-0.15486735	0.23888277	0.34413671	-0.07710697	0.25973216	-0.036620688	0.39199248	-0.14231358	-0.08025294	0.12781619	0.025148707	-0.24633494	0.16204411	-0.059414126	-0.024934202	0.26728198	-0.047043975	-0.13380836	-0.2476972	-0.3899551	0.018498182	-0.07195559	-0.25683784	0.3265584	0.00072235754	0.094742194	-0.32206583	0.0025416957	0.23276664	-0.17030166	-0.012991911	-0.27897972	0.005383168	0.07859211	-0.34634575	-0.1622616	-0.021352287	0.19727491	-0.11475157	0.18565468	0.0918417	0.39321268	-0.051235124	0.6034092	0.08450131	0.020770568	-0.19013251	0.0053055207	0.06019094	0.3330897	-0.45954666
-0.08051345	0.0656633	0.1366362	0.135777	-0.28405786	0.046559837	-0.10466096	0.19665971	-0.3810985	0.13502415	0.09776683	-0.014124462	-0.13172777	0.10416236	0.11165502	-0.10170387	0.39624175	0.28162813	-0.2426533	-0.31323254	0.12980439	0.04427365	0.19633707	0.16049612	0.11513802	-0.09667477	-0.16562991	-0.26528156	-0.047222473	0.19911174	0.13899109	0.363047	0.09538298	0.33326268	-0.4030845	0.15489158	0.13320132	-0.15854819	-0.08808247	-0.05305648	0.1532138	0.20934966	0.27336863	0.00951395	0.065739796	-0.1233903	0.33379507	-0.117556736	-0.30172417	0.14004165	-1.6966482e-05	-0.47379765	0.019556655	-0.2522158	0.1986171	-0.19834192	0.18904322	-0.06595606	0.16785622	0.111725815	-0.1550547	-0.044828776	-0.38551456	-0.04849157	-0.41592482	0.022905389	0.57067525	-0.037997354	0.20280436	0.3942929	-0.2939062	-0.15317327	-0.19030297	-0.27918735	0.015714	0.17243291	0.020941263	0.051280122	0.037822947	-0.152393	0.124160536	0.1461306	0.12408346	0.29465824	0.28512007	-0.5276489	-0.060741387	-0.021552404	0.18896428	-0.103025705	0.103995994	0.027271789	-0.04177768	-0.041681208	-0.16891836	-0.14891413	0.02303193	0.18382299	0.39854264	-0.30867973	0.10419212	0.08504231	0.18045719	0.07557906	-0.1851478	0.13270935	-0.51774764	0.057779085	0.07859088	0.19881226	-0.19255514	0.11197323	0.046907116	0.48786926	0.018528452	-0.33905372	-0.10823702	0.012522782	0.14849633	0.12433468	0.24716973	0.2147364	-0.04300456	-0.27403295	-0.21391347	-0.117508225	-0.22684251	0.053072624	-0.45236245	-0.008198753	-0.14045195	0.43019244	0.14604336	0.16079381	-0.15045239	0.09456337	0.011327268	-0.03859664	0.043483168	-0.27855626	0.11959194	-0.16071224	0.13498881	0.15574272	0.021571068	0.2109681	0.2366158	0.101332955	0.30132762	-0.035021573
-0.07102446	0.3761212	0.22679432	-0.14743195	0.03557117	0.25294468	0.25454372	-0.053921405	-0.0424383	0.17906196	-0.09090312	-0.17314236	0.15968667	0.15972275	-0.15324765	-0.027708452	0.17357911	0.11616022	-0.044488966	0.1544718	-0.17135423	0.13350004	0.19349764	0.2368113	0.0045617167	0.35966942	-0.019451885	0.094624564	-0.4475105	0.01540145	-0.016039025	0.31160852	-0.10688651	0.24228711	0.010454883	-0.0065813097	-0.12332386	-0.35960862	-0.21042953	-0.20847161	0.21345852	0.14930467	0.2187198	0.0011128243	-0.17312585	0.15736474	0.27894843	-0.13330272	-0.03288962	-0.10102386	0.084011614	-0.37026644	-0.45411527	-0.028145391	0.024835713	-0.23845099	-0.03373266	0.06097199	-0.034483463	0.13382906	0.19697843	-0.025984429	-0.14221139	0.1848386	-0.3446623	-0.007937625	0.008280416	-0.12480566	0.17860918	-0.39728263	-0.17569217	-0.34835017	0.09999495	0.016493391	0.057039764	0.06515719	-0.20770979	0.08319003	-0.2992101	-0.015095011	-0.010653181	0.2989511	-0.024445597	0.29627585	-0.22527315	-0.5054495	0.2317179	-0.19205737	-0.12570423	-0.22333287	-0.26058325	0.39778316	-0.061332013	-0.089646354	0.24537674	0.0028989085	-0.16732389	0.4551438	0.42824727	-0.47176534	0.16756517	-0.10640653	-0.12369964	0.09694662	-0.060202975	0.06515126	-0.034271117	-0.21060106	-0.05282549	-0.19856642	-0.0771555	-0.031202253	0.044471473	0.27094653	0.3527306	-0.14430629	0.2593063	-0.047680467	-0.0546403	-0.220696	-0.11668954	-0.19276427	0.049423404	-0.087073	0.09490208	-0.27199256	0.028637363	0.15294518	-0.06841822	0.16737653	-0.15936422	0.36917764	-0.35145518	0.1840726	-0.08051159	0.5928308	0.08870904	0.01638892	0.21851842	0.05573623	0.28228417	-0.38805512	-0.10606654	0.21097378	-0.14040138	0.5285823	-0.17166793	0.029930783	0.19052501	0.15979709
-0.35070062	-0.27303818	0.25278166	0.113365225	-0.0010687088	-0.19197689	-0.19725387	-0.25482655	-0.56460345	0.16330792	-0.056256305	-0.25533286	0.01254492	-0.28622383	-0.19783258	-0.22784932	0.11893412	-0.1921671	0.122211225	0.13200268	-0.14707017	-0.008979203	-0.11028401	0.054928154	0.29871237	0.5079286	0.09946665	-0.06178232	-0.051052924	0.03780289	0.33350858	-0.058675885	-0.43364206	0.20289546	-0.24016996	-0.019015716	0.2197528	-0.10898506	0.088911794	0.23644002	0.20145352	0.023225972	0.50314677	0.12961453	-0.5094721	0.10067961	0.27812535	0.027347267	-0.3783608	0.16652976	-0.0350644	-0.3531815	0.10565766	-0.20036124	0.079359606	-0.17054793	-0.10198027	0.047640923	-0.18316557	0.01209181	-0.17721586	0.2779566	-0.27616742	0.27520603	-0.20678465	0.118785694	0.3288044	-0.058206532	0.05630476	0.112951025	-0.025311507	0.26594186	-0.11819236	-0.19656715	-0.25748605	0.06435366	0.1360886	0.3397169	-0.1970075	-0.3146463	-0.038068492	-0.10982383	-0.1690408	0.28867346	0.12540157	-0.48421067	-0.010210829	-0.28171268	-0.19026452	0.21168095	-0.24873243	0.004599982	0.35364485	-0.14881699	-0.16858195	-0.20661882	0.12990277	0.12733325	0.21102402	-0.2994507	0.024904842	-0.21852686	-0.2875102	-0.14648686	-0.28861097	-0.01262609	-0.11423308	-0.15740167	-0.05490351	-0.3725912	-0.18819085	-0.014289162	-0.22061339	-0.18552329	0.17195044	-0.29709122	0.029015422	-0.38656542	0.21775323	-0.17521684	0.18763733	0.13715488	-0.11072454	-0.18363805	-0.023858504	0.07523895	-0.21639507	-0.041174367	-0.09728907	-0.025397096	-0.39618146	-0.06429026	-0.028160132	-0.017034458	0.03806281	0.36033985	-0.07686192	0.012411046	0.045431722	-0.12175849	0.043905824	-0.28613716	-0.1958112	0.16258457	0.13546243	-0.014453188	0.027309302	0.14410949	-0.07948729	0.07983716
-0.017433276	-0.090504706	-0.05256928	-0.30317268	0.11827047	0.056639116	0.12794574	0.29617646	-0.22579293	0.49767435	0.21255179	-0.03274316	0.40215248	0.44107804	0.025492296	0.35931876	0.107534565	-0.59240127	-0.2873909	-0.02696186	0.27981663	-0.21199912	-0.19716866	0.03433369	0.1804003	-0.0797624	-0.007757147	-0.15998118	-0.27932638	0.15216887	-0.13813987	0.13937713	-0.15230934	0.55857575	-0.30512515	-0.16214728	-0.13468817	-0.43353644	-0.0490088	-0.21720156	-0.05938203	0.4451718	-0.07149653	-0.1313746	-0.25053313	0.13120265	-0.16145808	0.28970852	-0.009367295	-0.054670233	-0.008653284	0.18059798	-0.36935544	-0.1939033	0.085737824	-0.0011811478	0.17074011	0.2549097	0.19248262	0.44034767	-0.09278434	0.025682116	-0.06210206	0.43444303	0.23395547	0.07663819	0.36726865	-0.14649226	0.26587462	0.47513726	-0.35333145	-0.1542937	0.08585534	0.0071216295	-0.14684416	-0.24929209	-0.25813252	-0.005202584	-0.4111268	-0.24682094	-0.11419076	0.04444858	-0.24159543	0.16493985	-0.07669687	-0.30086333	0.12875344	-0.2741518	-0.009135844	-0.5661812	0.04139072	0.057510614	-0.1754497	-0.3482589	0.27135307	-0.18362474	-0.10340848	0.11334321	0.09366867	-0.13875641	0.3069414	0.37062606	0.145225	-0.23047982	-0.0023791695	0.26544428	-0.33350992	-0.049843434	-0.08557156	-0.22203983	-0.14728567	-0.14014156	-0.09975402	-0.14221877	-0.072743714	-0.3209344	0.021769872	0.104069375	-0.5608793	0.2978477	-0.19529176	-0.2690532	-0.1386687	-0.24444333	0.119544014	0.10736045	-0.23361942	-0.16548705	-0.11871795	-0.1337058	0.01502948	0.32716087	0.22710097	0.15074395	0.2251617	-0.01915463	0.03853708	0.081079125	-0.31581998	-0.15829067	0.047377713	-0.3504196	0.12414781	-0.19952463	-0.2997429	0.065279976	0.072556406	0.09459195	0.38298354	0.09465694
-0.2585671	-0.26146767	-0.20154916	-0.14021797	-0.28211516	-0.28280514	-0.12570094	0.13170044	0.120411806	0.03530185	0.32540262	0.10024788	-0.37739122	-0.024247956	0.12735589	-0.08582817	0.31347704	0.26193807	-0.046654977	-0.043120652	-0.43514892	0.036700934	-0.10959767	0.035189375	0.31062928	0.1776024	-0.11849684	0.030077664	-0.3624429	0.39253682	0.12655056	-0.29023343	-0.17073555	0.27090454	0.12636758	0.028755203	0.3765727	-0.22208658	0.078309596	-0.33284187	0.16494127	-0.1043656	0.11613342	-0.12654121	-0.12556753	0.23067853	-0.07917989	0.22179544	-0.29899898	0.37899256	0.13006683	-0.22132595	0.042958785	-0.26059315	0.047382087	0.27486914	0.26782694	-0.18306394	-0.08543977	0.2869692	0.10822482	0.008989058	-0.18848674	0.35687533	-0.25046417	-0.16414987	0.008723356	0.080960974	-0.09156296	0.04287491	-0.3724803	0.04608707	0.064025514	0.009696836	-0.09300583	0.35172275	0.07320567	0.13662358	-0.03123246	-0.35221982	0.0979876	0.2791711	-0.166466	0.27155727	0.27412874	-0.35917878	-0.014477602	-0.1012614	-0.19415574	-0.35023367	0.015514482	-0.16384009	-0.2739412	-0.08821311	-0.012074346	-0.037646417	0.043833572	0.25511	-0.009919454	-0.084731184	0.33102542	0.21844374	-0.20823249	-0.1836569	0.07975762	-0.021616027	-0.069223724	-0.12813069	-0.23340294	-0.10419726	-0.058400918	0.077718735	-0.19281223	0.26125923	0.29658815	0.021295669	0.13251601	-0.09364865	-0.22164014	-0.0723114	0.124313846	0.04250529	-0.13734223	-0.25116372	0.3589622	-0.27148372	0.1965279	0.25507763	-0.52555984	0.10998069	-0.34395793	0.3706861	-0.047811463	0.28192952	0.1578888	-0.12615785	-0.12910853	-0.21669115	-0.08214827	0.14063784	0.38914433	0.14413685	0.03711359	0.027735306	0.19655415	0.03629439	0.22498034	-0.27530158	0.06946148	0.036387756
0.21656366	0.019999526	0.13814314	-0.01534261	-0.20425428	-0.2941972	-0.38047728	0.027887201	-0.15736645	0.66014737	0.11232808	0.22464707	0.13997081	0.106458195	0.28209025	-0.29490322	-0.12007467	-0.3353553	-0.20199546	0.12501751	-0.34939888	0.18871789	-0.21171631	0.2747456	0.3175621	0.33847845	-0.09142702	0.15704975	-0.11876084	0.24597774	-0.08263488	0.05402133	-0.115212515	-0.35589826	-0.40587094	-0.4275901	0.19240229	-0.4767328	-0.11050409	-0.08786928	0.014716796	0.03793162	0.45650223	0.37607273	-0.06296273	0.2627355	0.112228654	-0.35684016	-0.25287953	-0.09827743	-0.27955297	-0.3013638	-0.047550242	-0.24402598	-0.2160422	-0.22229668	-0.056776505	0.043312006	-0.040107273	-0.14495575	0.12864514	0.01399852	0.088704	0.14424558	0.03638738	0.0026035842	0.13489461	0.017111784	-0.30034554	-0.15554078	-0.27520537	-0.066164695	0.036643	0.3606906	-0.33949724	-0.23055947	0.16286014	0.32384938	0.14463122	-0.1856232	-0.09664204	0.09032701	-0.29395297	0.2042687	0.19126827	-0.48726293	0.08702815	0.060489167	-0.098073825	0.07066588	-0.4043704	-0.08607212	-0.013708534	-0.22739504	-0.1408087	0.19292314	0.28608617	0.36462584	0.35226652	-0.5646601	-0.033166677	-0.08002383	-0.016151275	-0.11333619	-0.04891428	-0.12987378	-0.05901836	-0.52731025	-0.38483512	0.224527	-0.3184152	0.029284295	-0.3458689	0.25566152	0.22068961	0.017815577	-0.033168007	-0.24795827	0.19609244	-0.026289815	-0.0048534893	-0.08701843	0.41244578	-0.2552588	-0.03323267	-0.36329377	-0.027022608	0.025268393	-0.43530685	0.097208105	-0.2089106	0.37027407	0.3456331	-0.09232736	-0.29256746	0.17556262	0.056998596	-0.227395	0.17240849	-0.038636427	0.006713639	-0.065409526	0.103877895	0.16504173	0.080013536	0.0045526326	0.07430331	0.31665778	0.09241889	-0.18137744
0.08412907	0.33799276	-0.21267271	-0.27289715	0.10459541	0.1508113	-0.56153643	0.18939145	-0.1664479	-0.16711165	0.36731943	0.11001729	-0.31999737	0.27348092	-0.11358789	0.037407115	-0.038312223	-0.20120542	-0.12381569	-0.08625108	0.19181402	0.6361088	0.1224969	-0.101641044	0.381405	0.07575708	0.082086325	0.12665091	-0.14871989	-0.07641021	0.06435018	-0.005437937	-0.4313597	0.004126445	0.15212655	0.3055125	0.14718409	-0.5289406	-0.21003664	0.16942681	-0.20660861	0.1499386	-0.10633047	0.08436706	-0.25369182	-0.32373476	0.14395888	0.26034158	-0.43119124	-0.035588145	0.12778553	-0.12552863	0.11981449	0.08650788	0.3483015	0.03565034	0.0008369696	0.16285454	0.48395935	0.103827305	0.026471457	-0.0017057922	-0.11860982	0.42255896	0.077237815	-0.426665	0.14690113	0.10889255	0.26513556	0.13548271	-0.2933867	-0.050387617	-0.055878736	0.14538427	-0.11005124	0.0493223	0.14838573	0.27984887	-0.17563021	-0.20509546	0.15152441	0.09933618	-0.15711255	0.22919902	0.46951935	0.074086346	-0.12671572	0.10841458	0.29923436	-0.015772244	-0.44214952	0.40796596	-0.0013320124	-0.09824097	-0.0811057	-0.13579096	0.06680188	0.07343185	-0.06936525	-0.27186918	0.026443148	-0.1219224	-0.19613877	0.068542846	0.14194083	0.10559068	0.026701637	0.0025569522	0.15791732	0.029325457	0.07277504	0.28858492	-0.14020588	0.19151492	0.15991847	-0.028005026	-0.11774718	0.15529421	0.06398654	0.19828999	-0.083704434	0.0068426314	-0.29061246	-0.49847472	0.07442801	-0.10435265	0.26413298	-0.11726547	-0.21928659	-0.2722996	0.025206849	0.09674864	0.011636609	0.024436442	-0.11869095	0.21180557	0.4057391	0.06526363	-0.3533662	-0.3317828	0.59544855	0.30499557	0.6322584	-0.22708493	-0.2798245	0.11712472	0.13231227	0.56431395	0.03264606	-0.31219044
0.28871176	0.09075696	-0.071047015	-0.30730948	-0.10181972	-0.31780282	0.20116696	-0.2151991	-0.21043722	-0.014588605	0.078047514	0.22278878	0.25544012	0.13165063	0.39024016	-0.018971318	0.007230067	-0.19990654	-0.19480722	0.25059754	0.039587922	0.5047965	-0.44642937	0.37651962	0.28613722	0.052679166	-0.42537633	-0.05656754	-0.37279516	-0.1122386	0.31985107	0.3009115	-0.33698404	-0.11150682	0.137884	0.31529987	-0.054781955	-0.279141	-0.13421394	0.06683102	0.12181577	0.24026968	0.44058338	-0.10605172	0.09453547	0.14375372	-0.043411016	-0.12172681	0.2494249	0.27844822	0.036986567	-0.10054878	0.0028844427	-0.12098387	-0.022579899	-0.046059955	0.15198022	0.4695831	0.2128729	0.42214027	0.38107163	0.087699756	-0.055125188	0.4805608	-0.04680222	-0.0912485	-0.05530191	-0.075879924	0.24017215	0.7130317	-0.28868693	-0.24603783	0.16470222	0.016760973	0.08541434	0.09278649	-0.15741704	-0.07751673	0.28426602	-0.22561643	0.35660726	0.16484383	-0.13521193	0.19759634	-0.08135029	0.0051176804	-0.13638127	-0.031047985	-0.10006731	-0.10542572	-0.25782394	0.08763358	-0.13771506	-0.0031657834	-0.06202773	0.24787022	-0.048947122	0.067956895	0.19504203	0.065301225	0.13400415	-0.34126648	-0.5141476	-0.21884903	0.08726449	0.25705463	-0.2837265	0.21801448	0.2085607	-0.07453497	0.011161521	0.07837755	-0.29403985	0.08424122	-0.37970266	-0.12755743	0.04737281	0.05606736	-0.52400655	-0.11762494	0.21318841	-0.0972035	-0.32016912	-0.03443211	0.035316583	-0.20918234	0.055482358	0.20435464	-0.1004014	0.47360703	-0.58267784	0.3302239	0.5916167	-0.24567181	-0.08260193	-0.0276138	0.18309282	0.10126318	-0.0012862735	0.2529289	0.081061386	-0.24648167	0.09814301	-0.20407982	0.019078515	0.49232855	-0.062374353	-0.18664968	-0.1375867	-0.09805433
-0.08779724	0.437511	-0.07475549	-0.13466577	-0.22944652	0.18840039	0.02982986	0.25406379	-0.17013398	0.1030819	-0.16144797	0.65419227	0.3020208	-0.04311371	-0.49918732	-0.21140833	0.2629824	-0.40339288	-0.2399816	0.2815274	-0.3792958	-0.08576013	0.055365805	0.11066989	0.11167374	-0.0028414682	-0.23476407	-0.5426805	0.08181567	0.14787242	0.21666743	0.057502925	-0.39346647	0.3103806	0.20698343	0.17411411	-0.08250573	0.09979398	0.57165474	-0.1327679	-0.2121776	0.006586628	-0.10870023	0.11725377	0.10546144	0.34311348	-0.23294109	-0.16543807	0.11579126	-0.014573404	-0.17941868	-0.27748254	0.1159266	0.101992995	0.28984326	-0.22431067	-0.0367701	-0.22186562	-0.11815002	0.20981653	-0.17344213	-0.13685355	0.194798	0.11793492	-0.39486703	-0.45748433	0.14468187	-0.114726886	0.3876666	-0.11173249	-0.23146908	-0.1831403	-0.35773116	0.26164976	0.3978167	0.37109712	0.035287667	-0.083927795	-0.36693627	-0.67533284	0.05877279	0.21077889	-0.026858557	0.33463183	0.109722234	-0.40160912	-0.0725295	-0.08456176	-0.31967798	0.038110353	-0.64221555	-0.32690465	-0.09413105	0.17415084	0.22490717	-0.40058082	-0.017568845	0.19549567	0.2825764	-0.29368553	0.062019676	0.083395675	-0.10604119	-0.12755063	0.19486818	-0.0070546293	-0.13165946	-0.36230612	-0.15772922	0.25013354	0.25259984	0.21043506	-0.18744674	0.092114724	0.5538868	-0.112109125	-0.021588717	-0.46862656	0.0029472741	-0.10320259	-0.28717706	0.5419695	-0.20890412	-0.06503501	0.20489225	0.30049148	-0.024763383	0.22614543	-0.22481784	-0.30882093	-0.15418467	0.4861691	0.6263438	-0.22015391	-0.2538227	0.5529019	0.40004182	-0.17287697	0.21004842	0.5112486	0.051990822	-0.07672162	0.11243068	-0.10980792	0.19191697	-0.0489621	0.20697725	-0.14763035	0.1440226	-0.22973128
-0.30865118	0.13068406	-0.07106847	0.13480967	0.1536035	-0.050186895	-0.3299701	0.13679199	-0.36963466	-0.31068212	-0.039216805	-0.08944829	0.22556905	-0.16112687	-0.0014470306	-0.14861372	0.03660584	-0.070696376	0.061838847	0.06401718	0.106993385	0.123254664	-0.2318431	0.45831817	0.14660926	0.16050315	-0.2672167	0.14127494	0.058871567	-0.12153758	0.20619935	0.005669782	-0.39221594	0.22173609	0.15319213	-0.2788599	0.32799426	-0.38613388	0.19100414	-0.0651187	0.10708083	0.036216635	0.027997203	-0.38533467	0.070540786	0.2760891	0.25664198	0.09744113	-0.045524444	-0.17219612	0.062331278	-0.20043483	-0.26292676	-0.00901894	0.27872178	-0.1470286	-0.07622705	0.35248643	-0.17301072	-0.041713897	0.015714541	-0.16579914	-0.32244867	-0.007308768	-0.29868287	-0.2685669	0.011710966	-0.29900977	-0.36160785	-0.04867412	0.25193223	-0.12602468	0.33748552	-0.4101221	-0.596286	0.13922235	-0.21426745	-0.1888546	-0.16088082	-0.5150083	-0.26369157	0.34984672	-0.12770347	0.1079467	0.042561695	-0.34273016	-0.26012284	-0.36285162	0.058536068	-0.025074534	-0.21773784	0.032132562	0.46180806	0.0523344	0.2774333	-0.18033034	0.068859346	0.48464897	0.07704622	-0.11867992	0.2455582	-0.20617957	-0.11741065	-0.22778225	-0.24188639	0.34323215	-0.38040423	0.01654388	-0.1418655	-0.3309065	-0.20091064	0.13575351	-0.017921606	0.11637295	0.23344524	-0.04848998	0.16483761	-0.22538367	-0.13402729	0.38476148	-0.17729177	0.25627738	-0.027602537	-0.1715101	-0.12206947	-0.35927203	0.043603964	0.124414384	-0.60203743	-0.070118785	-0.038742732	0.3420774	0.3883814	-0.3070473	0.05854243	0.37174916	-0.34303495	0.004711616	-0.14477895	-0.20376033	0.027564293	-0.050127737	0.14359659	-0.13584349	0.29684153	0.53367746	0.42386973	-0.07371346	0.14293772	-0.048315648
-0.026862271	0.21928151	-0.19874692	-0.048513897	0.29113525	-0.3939749	0.03704833	0.24226417	-0.028414937	0.3182849	0.028277999	0.0343004	0.045046337	-0.29683477	-0.18981381	0.016825669	0.034658886	-0.12188771	-0.2603207	0.24800488	0.4106029	0.27489477	-0.26844573	0.013821736	0.24131963	0.12757878	-0.30613333	0.06540288	-0.14665025	-0.10305107	0.13315904	-0.05604342	-0.19288456	0.31786457	-0.27008495	0.043301918	0.07883717	-0.20314123	0.14022948	0.13947953	-0.059536185	-0.30184886	0.0253033	-0.4502656	-0.08359103	0.052842364	-0.19372495	0.040878464	0.10767414	0.076700434	0.12144297	-0.4354755	-0.17279206	-0.1545729	0.14880589	-0.021490568	-0.13657595	-0.19421056	-0.011727681	0.06276126	-0.026521062	0.2991433	-0.3750911	0.12119341	-0.5997423	0.22379981	0.57250166	-0.5888416	0.17600538	0.33867028	-0.051338483	0.15385035	-0.09076226	0.07868725	0.27085477	-0.1311436	0.2680618	-0.112175055	0.034032684	-0.65326047	0.15250619	0.068390876	0.19841123	0.09710566	0.08849852	-0.44400844	-0.3018196	-0.14984451	-0.29149568	-0.023105595	-0.27848274	0.06284194	0.031875852	-0.6357815	0.03968026	-0.16114603	-0.088305175	-0.10955521	0.119544946	-0.24774076	0.11997502	-0.03995634	0.14917162	0.050365757	-0.045675784	0.328334	-0.25907773	-0.34426537	-0.46584678	-0.04334708	-0.3693701	0.026076172	-0.3971019	0.34435052	0.25527906	-0.14520629	-0.32245854	0.18176697	-0.40391496	0.4255626	0.06427524	0.24974948	0.3020602	-0.29542726	0.52878183	-0.073010534	0.31490272	-0.42309287	0.013792025	-0.25977072	-0.21592481	-0.30278617	-0.13150738	0.55492723	-0.011094982	0.23482811	0.05183998	0.1728419	-0.114404954	0.27640626	-0.03083039	-0.11577588	0.2297693	0.22925167	-0.12518817	0.030477937	-0.09994145	0.15214115	-0.30570835	-0.3504602
0.41772577	0.25996533	-0.0071161534	0.27099565	-0.17816906	-0.08825918	0.02690728	-0.02984594	-0.3944395	0.45872506	-0.020626813	-0.19322275	0.24764524	0.22548032	0.37424305	0.113248214	-0.20124729	0.051821508	-0.068288155	-0.5687615	0.0069326214	0.4215304	-0.3351106	-0.16436946	0.37060106	0.36659595	-0.32324573	0.027469434	-0.21221429	-0.0014498743	0.50393444	0.53244525	0.078477114	-0.08623508	-0.073532276	-0.35101825	0.2330404	-0.44062623	0.16713247	-0.07775633	-0.33963746	0.14287467	-0.025906198	-0.21117209	-0.33282098	0.027031183	0.035412513	0.39223388	-0.30448523	0.24273142	0.056279093	-0.4836305	-0.038986035	-0.39319515	-0.030677792	0.7347344	0.3463334	0.009441925	0.1331363	-0.24532793	-0.15681821	-0.32722524	0.15124674	-0.212795	-0.4882516	-0.030523026	0.2219185	0.12805448	0.060476046	0.37269017	0.025889887	-0.09711386	-0.5555605	0.23141122	-0.564122	-0.30083555	-0.1396072	0.1220077	-0.38928995	-0.52107364	0.35828638	0.10319167	-0.1891604	-0.14555655	0.55817455	-0.044151977	-0.58687985	-0.4783708	-0.2650678	-0.07059067	0.15717764	-0.5069972	-0.099632785	0.32317564	-0.15857777	0.2304764	0.28657487	0.096296296	0.5474672	-0.2428652	0.17104368	-0.58219457	0.28340894	-0.3987531	0.27336755	0.46065834	0.15815744	0.018618166	0.07521418	-0.18825804	-0.14091884	-0.19698833	-0.17991474	0.14257291	0.020299885	-0.34170213	-0.3478588	-0.22046164	-0.21306571	0.35144398	0.31565583	0.08318145	-0.3650774	0.3115723	-0.010758692	0.16826788	-0.5746193	0.26600248	-0.1229926	-0.21845324	-0.054850664	0.3785783	-0.31200525	0.21242383	0.20922008	0.31212837	0.38602307	0.3884011	0.13399784	0.40545532	0.18041769	0.10671314	0.16495118	0.11097979	0.116779976	0.20820554	0.16038586	0.019866392	0.011021262	-0.19908457
0.22229135	-0.14699073	-0.081616215	-0.6209439	-0.19239704	-0.5398621	0.13161938	-0.11815351	-0.46579748	0.19751035	-0.0358465	0.43938208	0.19001846	-0.38350496	-0.3048131	-0.42954525	-0.2416047	-0.17534143	0.13742661	-0.30881628	0.36686534	0.2759075	0.16745031	-0.2678711	0.51946354	0.4417562	0.15926029	0.2611825	-0.08993415	-0.059678145	-0.03465313	-0.036609627	0.07490927	-0.20027389	-0.30955616	-0.34382364	0.47381938	-0.44687697	-0.25586653	0.07068385	0.08747793	0.0067275134	-0.45279795	0.23464815	-0.0570479	-0.15535796	0.2541522	0.062263556	0.09278918	-0.35418645	-0.32396585	-0.025296338	0.4509786	-0.16877246	0.42250973	0.18081628	-0.064763986	0.54408365	-0.43265373	-0.06578612	-0.8132752	0.010292708	-0.49058473	-0.023591315	0.21318914	-0.25978145	0.24732378	0.03681264	0.23695874	0.1552	-0.0008377141	0.23054878	-0.59987944	0.28546408	0.2558173	0.019605162	0.15689112	0.4876832	-0.045597628	-0.24359256	-0.22777903	0.21754323	-0.3889656	0.39189398	0.18813108	0.062652536	0.30765277	-0.060469903	0.12859426	-0.3623876	-0.501648	0.3822908	0.3982801	-0.4325585	0.084255815	-0.44479436	-0.13255318	0.40239075	0.42571235	-0.27705947	-0.007458441	-0.14708523	0.6542457	-0.17115407	0.16065378	0.35129845	-0.4266369	-0.26069477	-0.22356194	-0.078892164	0.0077486243	-0.0455249	0.35955474	0.20447499	0.25273427	-0.34771764	-0.10551123	-0.14163786	0.43604723	-0.260273	0.32013446	-0.17597573	0.87670267	-0.24894139	-0.55817944	0.15697937	-0.067307025	0.285377	-0.33144116	-0.15097405	-0.17454001	0.16525252	1.0822649	0.37400308	-0.20552398	0.51157707	0.0897595	-0.14157416	0.35290113	0.01196375	0.5798332	-0.37329364	-0.12018129	0.34160292	0.43307638	0.22373854	0.5611238	-0.12218376	-0.43668512	-0.43313953
0.19174854	-0.13086134	-0.09115144	-0.00052413566	0.108195275	-0.081665695	-0.37135082	0.07473457	-0.26134393	0.18114357	0.15001582	0.18831189	0.07071003	0.12691963	0.32051185	-0.10762541	0.029692654	-0.51885265	-0.05488221	0.25982812	-0.17812641	0.19041055	-0.23166618	0.0034139089	0.55566907	0.17455779	-0.30370587	0.10128581	-0.120089225	0.3813197	0.36885262	-0.1595398	-0.17937364	0.32018128	-0.18775932	-0.1302161	0.31248146	-0.5987922	-0.028180962	-0.29351592	-0.03847154	-0.279227	0.02630906	0.355006	-0.18970615	0.09804913	0.210733	9.011133e-05	-0.222905	0.110722095	-0.21743274	-0.11896333	0.34933293	0.01936885	0.12120526	-0.03858825	0.26216912	0.24973638	-0.39484173	-0.06255321	0.25072795	-0.029908514	-0.21716578	-0.21240701	0.18989989	-0.021253422	0.089219384	0.0017336636	0.12687583	-0.22704536	0.08290346	-0.35315982	-0.4287219	0.43981323	0.23804064	0.16444373	-0.14108576	0.32026368	-0.0689044	0.02975504	-0.0023534605	0.20994954	-0.031289034	-0.070365675	0.0156006245	-0.36444888	-0.22608353	-0.15593135	0.3411128	-0.06393599	-0.02548919	0.12261836	-0.16804391	-0.32781383	0.025431357	-0.13179596	-0.24506648	-0.050258737	-0.016326068	-0.7589965	-0.09652793	-0.17851013	-0.08404935	-0.3708379	0.037994683	-0.33660105	0.28040656	0.13079211	-0.03980619	-0.17959613	-0.47343057	0.37965018	-0.65112096	0.2213176	0.20330556	-0.15933044	0.17882395	0.15066083	-0.3221335	0.13438411	0.06951703	0.32331285	-0.010882669	-0.2120457	-0.2946696	-0.16539721	0.19323945	0.22532788	-0.15454797	-0.23100878	-0.77390355	0.3329718	0.39000306	-0.11737698	0.24617457	-0.2990277	0.16398746	0.0073124953	0.32360685	-0.06752716	0.22506517	-0.56981564	0.023091087	0.36837184	0.19389948	0.09873736	-0.11258976	0.29440033	0.6546589	-0.13152926
-0.03744675	-0.210473	-0.10121487	0.09742633	-0.62265325	0.3525549	0.0817357	0.4463933	-0.13994852	0.15290625	-0.10321079	0.5071473	-0.063411735	-0.07314831	-0.28423882	-0.43598008	0.09473064	-0.036428377	-0.25867152	0.34292248	-0.13591157	0.13789718	0.014080882	-0.11734859	0.6146669	0.5642426	0.17104852	-0.2502133	-0.20467228	-0.30019358	0.10422413	0.15650481	-0.3408366	0.062301748	0.21711822	0.19375795	0.37602434	-0.16935398	-0.12981413	0.3033489	-0.64404553	0.12136758	0.2685449	-0.08072402	0.062259845	0.15870316	0.025045764	-0.10099022	-0.14877902	-0.062446002	0.27756733	-0.18535686	0.25242513	-0.35224336	0.14189346	0.2251148	0.6603354	0.28173265	-0.29802236	0.16114493	-0.15349905	0.26502115	0.100201085	0.27286327	-0.3226204	-0.43179926	-0.31655756	-0.30188552	0.23210557	0.3554037	-0.007339836	-0.02329186	-0.1468805	0.49760547	0.2840195	0.14800382	0.25186428	-0.24254586	0.22089167	-0.103947856	-0.08373196	-0.20693226	0.08419084	0.056921843	0.16001302	-0.080059685	-0.26396284	0.23687021	0.17447153	-0.55641294	-0.04072158	-0.2939086	0.2558996	0.030819627	0.35730729	-0.24508122	0.4912664	-0.26194778	-0.21216057	-0.4731129	0.061143022	0.20294218	-0.20879306	-0.19073953	-0.2280801	-0.051388122	-0.36991242	-0.61194587	0.16106454	-0.08831699	0.017164038	0.22183798	-0.10472281	0.25961158	0.077602044	-0.06933322	0.07577641	-0.24957068	-0.46763358	0.05786574	-0.16860718	-0.11570571	0.2672925	-0.009082908	-0.19901972	0.22658934	-0.5914755	-0.060013644	0.11939268	-0.06421535	-0.7447687	0.29206637	0.32412228	-0.124165274	0.28255576	0.35587388	-0.069091514	-0.116381906	-0.081856914	-0.30710375	0.2375488	-0.5357091	0.08522636	0.42263153	-0.25614917	0.1864447	-0.21644141	0.1132308	-0.26728088	0.023772951
0.08908877	0.03250155	0.24316013	0.10477711	-0.4096047	-0.23004366	0.028892335	0.025431132	-0.56602854	0.1363339	-0.38711601	-0.25596854	0.26039374	0.13567765	-0.09626606	0.3541124	0.27733016	-0.2604991	-0.54177064	-0.42496902	-0.11831453	-0.17642438	0.4605685	0.37522498	0.35106727	0.2885472	-0.60684705	-0.5968001	-0.07363768	0.35995615	0.059339296	0.16781925	0.10615605	-0.29290462	0.025528887	-0.22427808	0.49590397	-0.58523655	0.23143293	0.029010978	-0.2624696	-0.083484605	0.15552054	0.061518863	-0.2605513	0.20358793	-0.18819794	-0.16328615	0.023929125	0.025170049	0.13619778	-0.2573825	-0.48004708	0.019563891	0.26402164	-0.21203367	-0.09271453	0.6627901	-0.022929588	0.6897306	0.38015717	0.045084972	-0.3094018	-0.3793128	-0.43268007	0.39326233	0.35451403	-0.4488739	0.06594263	-0.15947552	0.28367496	-0.06305336	-0.2203771	-0.6721373	0.17115311	-0.19596344	-0.03070327	0.33531502	0.37502125	-0.036820475	-0.478489	0.046219904	0.33032942	0.03256051	0.39452085	0.22504179	0.009126519	-0.0755903	-0.28439254	0.019869365	-0.10159606	-0.34148127	0.50097775	-0.36631513	-0.2589746	-0.24032186	-0.29206726	0.3372483	-0.11512677	0.17616394	0.29558504	-0.2466568	-0.13394155	0.053061027	0.16212407	-0.11527021	-0.05052397	0.0022201722	0.3198778	0.456854	-0.16900039	0.7946357	-0.20990366	-0.17166902	0.10036779	-0.19340268	-0.26385906	-0.04782232	-0.4111323	-0.30515656	-0.041642282	0.100874536	0.219614	-0.59691525	0.19290234	-0.23441522	-0.25659254	0.60994506	0.28284186	-0.0134434765	-0.26520914	0.23091885	-0.59285635	-0.36171526	0.12618734	0.2594724	0.053912714	-0.23096175	0.053313494	0.2711488	1.0461286	-0.54179657	0.8291585	0.27418217	0.38744876	0.13151418	-0.03325898	-0.055008747	0.08560755	0.045760937
0.5130213	0.1601239	-0.26662832	-0.16762151	0.26428896	0.3942784	0.08167625	-0.16294788	0.07073828	-0.02747243	0.27462834	0.49661374	-0.38337156	-0.6182268	-0.1614004	0.28973612	-0.04748833	-0.42873567	-0.14583607	-0.006512285	-0.009306949	0.24707049	-0.14619991	0.21931764	0.25609353	-0.2750398	0.048981737	-0.3330385	-0.21642564	0.06647455	-0.017204477	-0.32643038	-0.011564262	0.20924762	-0.15786266	-0.4273683	-0.0020224971	-0.21860705	-0.37976044	0.01806574	-0.27187377	0.249429	0.015498298	-0.1188932	0.15717965	0.07066697	-0.033008963	-0.07332583	-0.05392599	-0.49085307	-0.4552209	0.060795523	-0.23370123	-0.71592176	-0.07705284	0.24345732	0.014822493	0.6109359	0.026678484	0.04336424	-0.069161505	-0.25876957	-0.71771646	-0.4275936	3.085435e-05	0.41903126	0.011234023	0.42025244	-0.16843784	0.88295686	-0.28123417	-0.13725322	0.34698024	-0.06803709	-0.50570065	-0.1421584	-0.31504163	0.56910205	0.30299515	-0.56011486	0.11551463	-0.045481585	-0.28606737	0.8855951	-0.11008915	-0.46031085	-0.011111653	-0.3798042	0.18729544	0.0061527644	-0.08143269	0.5149061	0.28351244	0.036138292	-0.12335605	-0.12745254	0.13907102	0.12823649	0.06611771	-0.17753915	0.15896936	-0.059147965	0.42631254	-0.29589668	0.18128598	0.0378758	0.038672913	-0.1240751	-0.45370588	0.13398397	-0.5679818	0.004690311	-0.46630424	0.6384647	0.09351702	-0.5685756	0.059947815	-0.34000412	-0.2394461	-0.41357002	0.24393323	0.46363932	0.24229912	-0.65209305	0.19867198	-0.26782215	0.076865114	0.24307674	-0.04979841	-0.7291149	-0.12613915	0.225233	-0.049104683	-0.26026276	0.17121732	-0.05675137	0.3876207	-0.1956194	0.5489606	0.479511	0.23007207	-0.3188892	0.4137965	0.1882046	-0.62249213	-0.13692732	-0.14763609	0.18569584	0.29584792	-0.4045173
0.08176684	0.044362366	-0.46027434	-0.16693343	0.6177905	-0.6233989	-0.1527437	0.29136565	0.18985078	-0.025617996	-0.3488106	0.4515843	-0.21304135	-0.17764452	0.18947695	0.000941334	-0.12577014	0.32487175	0.13426673	0.10617933	0.30249482	-0.04019743	-0.22020592	-0.050555248	0.7285112	0.28596172	0.049427297	-0.023537604	0.08568271	0.2607853	0.47219482	0.10034186	-0.59647214	0.04361207	0.6626949	-0.39329788	-0.12174315	-0.37156618	-0.24803764	0.0661605	0.119220145	0.062481236	0.37453344	0.2573851	0.29624185	-0.18112738	-0.18723886	0.12913889	0.13634044	0.5677163	0.09089895	-0.829937	-0.39588	-0.1324433	0.22681999	0.3627055	0.22405882	0.22925642	0.078900315	-0.09515754	-0.30869663	-0.15215175	0.23222336	0.5102292	-0.48021835	0.4295694	0.16767704	-0.0073562786	0.22990815	-0.1279859	-0.116773605	-0.041808475	0.070731886	-0.2958506	0.06574891	0.46399495	0.38846278	0.4934494	0.11498767	0.09710245	0.012773183	-0.43924683	-0.44430137	0.4400063	0.37562644	-0.7158839	0.16067918	0.1421753	0.48317453	-0.4762991	-0.38997406	0.16191883	-0.16992933	-0.5674001	-0.023023663	-0.15541145	-0.34940028	-0.49755508	-0.19706436	0.16451229	-0.20441625	-0.29193524	-0.4334436	0.13712044	0.11395197	0.4864849	-0.114577	0.08622237	-0.09489342	-0.03332441	0.032523155	0.069130346	0.12837677	0.28191954	0.32560173	-0.19299716	0.11134966	-0.6229858	-0.39359623	-0.044398416	0.082350746	0.29832402	0.37590837	-0.114051856	-0.39785448	0.40692115	-0.14822787	0.34826633	-0.39655885	-0.027011365	-0.11641471	0.57300925	0.01804426	0.2809147	-0.14801891	0.13140596	-0.27522203	-0.2898731	-0.17838198	0.62305474	0.07453894	-0.30554977	0.3237868	0.25832385	0.09246836	0.48098966	0.10605714	0.5952035	-0.10523345	0.54157525
0.2723595	-0.41858906	0.85746825	-0.44030616	-0.30346194	-0.07861156	-0.023041245	-0.30910078	-0.27620417	0.37090427	-0.20186026	-0.35343403	0.011300353	-0.031050565	-0.093986124	-0.2077525	-0.17004354	0.16423446	0.18690355	-0.13350014	0.0224318	0.00046161935	-0.06667458	0.033748332	0.43072063	-0.24297829	-0.26625088	-0.16157408	0.052533988	0.4845565	-0.4086272	-0.11853751	-0.61450416	0.6072103	0.58727264	-0.36798093	-0.08871	-1.0007801	0.3034631	0.37535113	-0.17383343	-0.11498262	0.033746943	-0.36674428	-0.009939335	-0.17188732	0.39499447	-0.4018888	-0.23363684	-0.7965754	-0.18932144	-0.2849002	-0.3138423	-0.19170575	-0.18701081	0.66686994	-0.033201486	-0.14189935	-0.040690903	-0.015218026	0.12956034	0.16350868	0.046562817	0.12842423	-0.60660315	-0.11946772	0.12025306	-0.17771837	-0.25907305	0.38725823	-0.3109703	-0.41122723	-0.5590708	-0.57079333	-0.058496457	0.38144857	-0.3738135	0.1559179	0.12960105	-0.5049884	0.2455192	-0.16465832	0.19846374	0.1850115	0.21058357	-0.027711727	-0.12345538	-0.034318842	0.10464017	0.9945564	0.1006793	-0.45067328	0.3568829	0.008856225	0.27538925	-0.51627165	0.05358354	-0.1359837	0.08170847	0.021640807	0.45344877	-0.7242779	-0.4390419	-0.5424897	-0.12215753	0.6319991	-0.3877472	-0.80411446	0.081345096	0.11546954	-0.016572522	0.14712864	-0.70442134	-0.10928848	0.20151784	0.2688649	-0.034366105	0.48991087	-0.18793298	0.00756119	-0.036423527	-0.4116191	0.006757652	-0.29892766	0.04368001	0.13465483	0.19463602	-0.22184521	-0.25899222	-0.69307077	-0.02184716	0.20346737	0.27299142	-0.2729896	-0.53244746	0.019750386	-0.30550492	-0.49425247	-0.19474496	0.20390387	0.4686307	-0.2295835	-0.07627629	-0.21560438	0.059417266	1.0149457	-0.44892776	-0.13916577	0.07411247	0.021297507
-0.3430509	0.048984274	-0.104786985	-0.4960609	0.34870526	0.25408384	0.5004969	0.66604537	-0.22967148	0.75622904	-1.0235096	0.36343414	-0.114186905	0.17097953	0.14929871	-0.33619165	-0.32612216	0.5772958	-0.6157953	0.09073506	0.36529872	0.22334984	0.070678376	0.17481233	-0.033761755	-0.027015105	-0.28513473	-0.091899045	0.25268617	-0.14133668	0.09804711	-0.45246598	-0.51478827	0.3688391	-0.06186136	0.21354464	0.073800385	-0.13023005	-0.4141831	-0.015514079	0.00841174	-0.6347962	0.036447223	0.4177785	-0.23592782	0.105227046	-0.042415123	0.17648394	-0.26742962	-0.14993241	0.118216	-0.5688469	0.1774654	0.24023396	0.012896601	0.16661282	-0.033891894	0.43676215	-0.25511953	-0.2464723	0.027512163	0.19196635	-0.22926617	-0.1476243	0.048138876	0.14947867	0.1034706	-0.5143759	-0.13896082	0.594748	-0.1969557	0.7266681	-0.2905355	0.05612837	-0.49470106	-0.095831536	0.3252089	0.3728721	-0.29783157	-0.18676761	0.008064914	0.11128023	0.13548768	0.31470072	0.29422075	-0.21211606	0.060187	-0.18651143	0.15880148	-0.2932375	0.07209585	-0.02109206	-0.37392798	-0.22465338	0.23997772	0.009563843	-0.35489762	0.4696577	0.20949376	-0.47330368	0.0119537655	-0.082549326	-0.562408	-0.065948844	0.394405	0.5488471	-0.39752004	0.120300084	-0.058773734	-0.5534267	-0.3098845	0.46339524	-0.3935506	0.45332104	-0.4908323	-0.118729144	0.092580125	-0.28731704	-0.20653644	0.067396246	-0.35619172	-0.5815419	0.5392175	-0.12796807	-0.04448409	-0.34067446	-0.58760464	0.40414774	0.32516629	-0.015418208	-0.25254148	0.09440658	-0.22845595	-0.572579	-0.34754348	-0.2645993	0.4111031	0.28330365	-0.24044035	0.028066074	0.16341153	-0.20553267	0.56274307	0.0145433	0.22712934	0.29547742	0.06558158	-0.06745023	0.07814297	0.015453684
-0.2165365	-0.19386801	-0.16044249	0.41985482	-0.48201218	-0.72147834	0.34037894	-0.14584643	-0.7260522	0.05204104	-0.20284466	0.35346866	0.43138665	-0.078520074	0.13472363	-0.16172016	0.26851952	-0.051522154	0.3379418	-0.06189218	-0.504634	0.22982454	0.26153103	0.5158187	0.4392201	-0.4669358	0.67139745	-0.35479966	-0.36971763	0.21361761	0.52423257	0.3152831	-0.045269158	-0.040148374	-0.11093029	-0.3697642	-0.12975904	-0.32445893	0.5867568	0.47767043	-0.084891275	-0.23866616	-0.16909638	-0.30727574	0.50547576	0.32658434	0.27915677	-0.5283071	-0.054668106	-0.3099132	-0.09436047	0.123609856	-0.29996926	-0.3337172	-0.19607554	0.165435	-0.1758454	0.40446073	0.036379192	-0.12197033	-0.5130931	0.26453024	-0.20574455	0.7162864	-0.276767	0.1217646	0.13105302	-0.72931176	-0.92347836	-0.12472942	0.23061547	-0.1537128	-0.2824175	-0.11678145	-0.20080747	-0.3164129	-0.26519775	-0.21628915	0.04538164	-0.10551894	-0.059441216	0.46105453	-0.42680156	0.4984604	0.49450582	-0.06368229	-0.004141654	-0.20265232	0.103984796	0.09238307	-0.32888994	0.029426267	-0.26486933	0.0011225111	0.17080663	0.13622198	-0.18035789	0.4256638	0.24691547	-0.69488883	-0.597033	0.12989849	-0.030567732	-0.17842965	-0.16378547	-0.027666373	-0.07954877	-0.1444507	-0.05537303	-0.30246595	-0.50132304	0.10226945	-0.13582084	0.15059724	0.48996836	-0.63561785	-0.071135305	-0.65655196	-0.39926785	-0.12959835	-0.12013746	0.07441958	0.456118	-0.7980454	-0.57638276	-0.24743882	-0.3673904	0.18598494	-0.21248873	-0.24222626	0.23503092	0.5741927	0.1757925	-0.013004418	-0.4278655	0.32518366	-0.12712692	-0.36154452	-0.25414366	0.24898086	0.118553326	-0.403378	0.26493362	-0.4880193	-0.35210827	0.34889364	0.19827038	-0.18546	0.24287091	-0.05798815
0.2868045	0.37190446	0.06947647	-0.18500933	-0.37369406	-0.37256476	0.29256713	0.7088124	-0.6332062	0.08117321	-0.20145093	0.220291	-0.26177114	-0.03156492	-0.09598683	0.47855234	-0.54786724	0.01901509	0.055158064	0.24643719	-0.4206101	0.8257172	0.02046981	0.0987688	0.4932427	0.31314403	-0.20249586	-0.28302243	-0.14567679	0.22179292	0.0047287554	-0.016468983	-0.027446214	-0.26326975	0.2691844	0.0792777	0.45362318	-0.5807976	0.14870341	0.0104515925	-0.36720493	-0.029394792	0.42632198	0.292305	-0.38314843	0.053384215	0.106043786	-0.24080144	-0.013572155	0.003991805	-0.038963374	-0.27584958	0.16294013	-0.22210366	0.09975247	-0.33911926	0.079093546	0.36834702	0.6837375	-0.19656476	0.044864167	0.22076134	-0.45293474	0.30552608	-0.42038903	0.13265152	0.31840563	0.49504372	-0.43840978	0.10297402	0.020442287	-0.32604283	0.24587552	0.33536425	-0.3961645	0.25035873	-0.44729024	0.27332336	0.3009485	-0.13695234	-0.3316317	0.15421543	-0.782633	-0.21470602	-0.03523608	-0.12780173	0.5487373	0.2551385	-0.33994335	0.10511481	-0.528534	0.55464613	-0.13356964	-0.16528319	0.6782118	0.2631221	0.02635437	0.3451182	-0.5355537	-0.3650449	0.07237292	0.41972584	0.23618564	-0.25900924	0.09138934	0.39167663	-0.08325401	-0.1343288	0.16640943	-0.17327778	0.068553254	-0.36730045	-0.4670332	-0.1917185	0.4702552	-0.13795476	0.62045246	-0.17390524	-0.025874183	-0.42482838	0.49339703	0.25126702	-0.04696804	-0.75961995	0.17170888	-0.028792968	0.16693078	-0.4513061	-0.77219594	0.09413061	-0.4224201	0.055910505	-0.1413487	0.27683687	0.323686	-0.10807833	0.2475221	-0.24132325	0.15636702	-0.0041050133	-0.050295405	-0.079508774	-0.113308914	-0.06143653	-0.08866808	0.11729832	-0.4988879	0.034168255	0.13096313	-0.5413497
0.34870395	0.101265706	0.3068739	-0.6028314	-0.6666656	0.21474165	0.21865377	-0.24497496	-0.5198689	0.64769065	-0.2984115	0.023075266	-0.100238934	0.35861656	0.17358245	0.27605584	-0.0901235	-0.08735486	0.19974326	-0.17192852	0.024083568	-0.17907795	-0.6827473	0.2798362	0.4208286	0.29290873	-0.109804906	-0.27935058	-0.54506344	0.20728262	0.43593928	-0.34338662	-0.11662047	0.3854004	0.045022633	-0.11653734	-0.18033774	-0.4062657	-0.038808763	-0.15604962	-0.041493226	0.5243654	-0.46081847	-0.5453615	0.2687637	0.4512218	-0.50007254	-0.096904546	-0.45905727	0.18414015	-0.03541667	-0.5624715	0.10433054	0.312967	-0.2567427	0.37074018	0.01046258	0.25236002	0.3139977	-0.24596809	-0.9044222	-0.18546504	-0.6018274	0.13181522	-0.22732958	-0.20830473	0.71610796	-0.04281137	0.73592925	-0.5727537	-0.35790923	0.55443674	-0.3081817	-0.0941995	-0.28613377	0.18895604	-0.5785949	0.049867753	0.55970526	0.30038115	0.4733897	0.07633951	0.47535035	0.031902913	0.5736823	0.13919368	0.23365484	0.56410927	0.13125876	-0.8271899	-0.2941054	0.19564067	-0.19721726	-0.6450482	0.6332245	-0.33469692	-0.23088485	0.13402794	0.4090597	0.12978832	0.43812796	-0.04705428	-0.29839337	0.4249267	-0.37008303	-0.47426853	-0.027910484	-0.5204164	-0.1151421	-0.06388048	-0.4330909	-0.30439845	-0.18684089	0.17784332	-0.037368655	-0.5272687	0.41815206	0.21347673	0.41613793	-0.12408375	0.018803392	0.2911043	-0.2155231	-0.58548236	0.25701734	-0.13901202	0.46890783	-0.49004254	0.5917476	-0.117084496	-0.08958656	-0.026837464	0.62739116	-0.4922215	-0.2792095	0.2779747	-0.0018919355	-0.31131804	-0.24200355	-0.32093966	0.27863336	-0.27582583	0.18869214	0.57921195	-0.3599864	0.10574629	0.5538648	-0.020718614	-0.3653957	-0.55833864
0.040868066	-0.21621837	0.3163877	0.19924647	-0.22398508	-0.088887	0.15661064	0.2719007	-0.5610392	0.3354523	-0.43224558	0.4772926	-0.29180107	-0.22226211	0.052042227	0.17772807	-0.36687782	0.1165243	-0.048573144	0.14743449	0.34041816	-0.3718529	-0.16961965	0.69854444	0.24824001	-0.37756866	-0.29045814	-0.057143286	-0.0332649	-0.331617	-0.15164007	-0.46119294	-0.39055037	0.32295984	0.049550194	-0.10671357	-0.15638942	-0.43624526	0.16710854	0.36453104	0.0352059	0.42061773	0.11615227	0.3860002	-0.4008485	0.8558182	-0.19100915	-0.22271642	0.28049153	0.48288754	0.2872059	-0.7987675	0.015643977	-0.54105884	0.26900038	0.033139445	0.09942961	-0.20349674	0.36623847	0.23509814	-0.13498229	-0.2486772	-0.007344099	-0.025479127	-0.15862463	0.01592367	0.2181174	0.36543402	-0.121018395	-0.0022652384	0.54758066	-0.34237012	0.047967173	0.34451932	0.09274568	-0.0063447016	-0.26312014	-0.026378514	-0.21327962	-0.20942716	-0.22022608	0.11757663	-0.008824492	0.42902893	0.13992293	-0.35195696	-0.00034960354	-0.16629392	0.058600217	-0.066453956	-0.0148030445	-0.2867133	-0.25318712	0.08533929	0.44779924	-0.15776649	-0.0016145787	-0.13218172	0.24286938	-0.0652913	0.4541993	0.09120167	-0.01871491	-0.484644	-0.21234524	0.23866093	0.071154304	0.09842285	-0.10668585	-0.30716544	-0.21364833	-0.35222924	-0.40307146	0.094529085	0.29662034	0.43399966	-0.65743524	-0.4084388	0.02014247	-0.06917193	0.6615533	0.42006102	0.218922	-0.4639549	-0.049620334	-0.112073556	-0.6415848	-0.010068114	0.47821805	0.3321581	0.06115624	-0.25327525	0.63459605	0.070387706	-0.25494444	0.5352028	0.3794541	-0.1872283	0.028394947	0.27386183	1.1002344	-0.7622536	0.7794748	-0.31468147	0.055970076	0.21564445	0.3337297	-0.47884256	-0.36207464	0.30467436
-0.5745938	0.8339416	0.009971854	-0.85302645	-0.27668697	-0.0796903	-0.47471064	0.33309853	-0.3009122	0.28383204	-0.117041074	0.26194462	-0.68786985	-0.17195535	0.13016886	0.40731105	-0.31275532	-0.40273148	-0.11313998	0.011839458	-0.10408444	0.6333969	-0.5488986	0.22394298	0.09019663	0.16047284	0.17411116	-0.17812249	-0.45368505	-0.099260844	0.0862073	-0.15107995	-0.24075727	-0.42359	0.2790966	0.3328623	0.17378032	-0.37518883	-0.27064252	-0.11172341	-0.33476102	-0.45467123	0.11032353	-0.17879862	-0.2441633	0.45949966	0.1808951	0.2649981	-0.27562675	-0.33894238	0.2796243	-0.42033786	-0.5929441	-0.31801662	-0.14499693	-0.10483604	0.18227187	0.47149292	0.627466	0.097458266	-0.5454966	0.3543378	0.5044596	0.019649118	-0.3411065	0.54899305	0.3535181	0.29839227	-0.06800454	-0.11667535	0.3066254	0.3114464	0.135248	0.029994786	0.039548572	0.28923115	-0.33993116	0.57035553	-0.56252897	-0.3662196	0.583839	-0.4704611	0.46298906	-0.35504737	-0.020202298	-0.34248844	0.12748429	-0.31351465	-0.22296369	0.036764357	0.080814436	0.1617325	-0.342779	-0.055511754	0.45588976	-0.8556084	0.09417252	-0.07557423	0.1007663	-0.19450103	-0.84023184	-0.13033274	0.7438953	0.60373694	-0.03216938	0.63185877	0.52582496	0.031130519	-0.18249123	-0.20308389	0.19407813	0.4571225	-0.28783137	0.21088794	0.05441577	-0.761373	-0.899444	-0.33841693	-0.8101656	-0.21263033	-0.008911044	0.03525264	-0.1748006	-0.17944807	-0.47547933	-0.2908162	-0.5461473	0.04681056	0.10945622	-0.30285773	-0.14047882	0.6175926	0.13000774	0.25490022	0.07653604	0.03512685	0.07226412	-0.05633466	-0.12750329	-0.0863916	0.044645447	0.2982394	0.39869308	0.2191262	0.22200723	-0.055465776	-0.083756536	-0.56787527	-0.08538349	-0.09662043
0.070280045	0.29160324	-0.8177911	-0.13833752	-0.083864175	0.269597	-0.21960394	0.35047755	-0.46690777	0.328415	0.023162551	-0.3855393	0.021514699	0.10278789	0.045707982	0.29412544	0.520973	-0.037804473	-0.053968355	0.49128044	-0.10026068	0.6103189	0.8124824	0.841621	0.1870925	0.7774954	-0.42224577	-0.115755334	0.38482198	-0.055438105	0.1388917	-0.21235986	-0.15789397	0.04615937	0.43861532	-0.063129574	0.023271987	-0.65880513	-0.074113205	0.46241814	-0.037756655	-1.0702294	-0.63699913	-0.04628412	0.15358129	0.030778162	0.11841246	0.0632939	-0.027182953	0.3406044	0.29120842	0.12696202	-0.63009816	-0.2997125	-0.37269577	0.18487296	0.48275647	-0.23985694	-0.58510697	0.52090317	-0.00551137	-0.012286202	0.26759312	0.47420165	0.30051467	0.14419396	0.062209994	0.21024054	0.38680777	0.3895276	-0.20645215	0.2964849	-0.60144943	0.19807963	-0.086020164	-0.11076122	-0.03717186	0.39300054	0.46636173	0.23214345	-0.566112	0.59978193	0.115069486	-0.11148093	-0.24677464	-0.39702585	0.048607096	-0.23549473	-0.114002235	0.054842535	-0.2449284	0.27193075	-0.060606077	-0.5472994	0.0015990401	-0.031044723	0.12460433	-0.018786397	0.5348779	-0.36894277	-0.11638842	0.23429546	-0.058890916	-0.2229928	-0.35424665	0.5518875	-0.4732832	-0.14258727	0.11405132	0.1502608	0.36279723	-0.015588594	-0.2686776	-0.17451008	0.26719436	-0.6259318	-0.1396593	-0.017819282	0.38082638	0.022928603	0.6937242	0.09026145	-0.317423	0.22049099	-0.6107294	-0.105631724	0.38350403	0.30872265	-0.22143579	-0.07858201	-0.37202165	0.65185314	0.51285124	0.10211664	-0.16194253	0.04803956	0.7358121	0.22607283	-0.29805252	-0.23883317	0.26014754	-0.2926577	0.5333978	0.48956585	-0.6652224	0.12680618	-0.06113833	0.2037232	-0.1937742	0.39038637
-0.11960927	-0.10201675	0.64166504	0.10462074	-0.6617779	-0.4560578	-0.27141246	0.2492195	0.41357997	0.5920037	-0.594103	0.0754312	-0.15277663	0.13712193	0.45604503	-0.15208337	-0.038495395	0.20031014	-0.34059533	0.1116822	0.26044095	0.07200475	0.5337059	0.5106971	0.30538574	0.3757359	-0.3753152	-0.45588943	0.040149484	-0.43427622	0.84654987	-0.23755766	-0.6219385	-0.11642681	-0.14355919	-0.27598956	0.5929825	0.052209	0.62974703	0.5994963	0.33227947	0.07265126	-0.04143289	-0.70138717	-0.07247784	-0.031175055	0.6843201	0.43894643	-0.05078115	-0.32677463	0.11202731	-0.37228188	-0.039928935	0.20649366	0.20778407	0.5417717	-0.16828552	0.8417965	0.092096195	0.15134014	-0.1367864	-0.39917907	0.050973423	0.73807603	-0.35619342	0.10480113	-0.5205636	-0.51172614	0.30878767	1.0190892	0.39733732	-0.11862188	-0.17893773	-0.0038625863	-0.29991975	-0.045640014	-0.44029507	-0.4647129	0.1715538	-0.38847175	0.5129182	0.15654826	-0.017990097	-0.25621712	-0.3224619	-0.07599951	0.61793786	0.36983097	0.13954434	-0.32528946	-0.41808176	0.15237582	0.18711013	-0.4126495	0.52372396	-0.19062191	0.42158312	0.27284956	-0.08676177	0.47338063	-0.036008794	-0.71438825	0.20036499	-0.008090072	-0.5165491	0.28794605	0.5163909	0.14788479	0.13592488	-0.2390418	-0.038312275	-0.34596306	-0.20084435	0.33329454	0.17426011	0.043455206	0.8038463	-0.32149655	-0.5333258	0.39888194	0.22080083	0.57961154	-0.09700602	0.26760375	-0.43729427	-0.37175032	0.15028958	-0.8079732	0.08299037	-0.2828915	-0.76550657	0.009246615	-0.51016307	-0.2011948	-0.025496705	0.112421915	0.7942951	-0.032095082	-0.021767711	-0.28092137	1.037109	0.16383171	-0.26636946	0.64352494	-0.18213569	0.04893014	-0.33839586	-0.104243204	0.7846549	-0.43620268
0.3391109	0.09943537	0.25573796	-0.039709974	-0.4518055	0.515924	-0.072234236	0.4046315	-0.43611848	0.044199858	0.33637908	0.3894153	0.34943795	0.0128249405	0.2944402	0.15929042	-0.16871195	-0.33796844	-0.44030672	-0.030258	-0.07594105	0.1420962	0.3263654	0.38018462	0.063897364	-0.22087757	-0.5885457	-0.16863593	-0.2085124	0.5253757	0.17997344	-0.07960394	-0.3287527	-0.5398496	0.18317644	-0.5110826	-0.19216566	0.23289937	-0.6565852	0.13974072	-0.23807995	-0.18740438	0.4077444	-0.060443662	0.07089084	0.81267977	-0.3149864	0.4200803	-0.023689326	0.07565733	-0.14890666	0.010100925	0.18945724	0.32295245	0.4815499	0.03649427	0.777638	-0.124523275	-0.4183676	0.7546965	-0.3168187	-0.26287395	-0.123662144	0.71799207	-0.11429847	0.13376874	0.18360314	0.19471629	-0.09916554	-0.46338713	-0.37860632	0.5969118	0.14386202	0.29081038	0.13570642	-0.6201339	-0.19093975	0.29480293	-0.49640983	0.016135927	0.4017938	0.08961379	-0.55547976	0.6984557	1.0777065	0.34873936	0.64682096	0.7670024	0.0869309	0.159301	-0.20047154	0.09192748	-0.32088026	-0.5509676	0.15933241	-0.7583879	0.1256352	0.71695703	0.4650334	0.024766492	-0.06488309	0.18609437	0.45788077	-0.0306764	-0.15715085	0.2415962	0.12498253	-0.067870416	0.45598438	-0.0071941004	-0.26785475	-0.1512237	-0.50010324	0.433991	-0.02207573	-0.40104622	0.65090126	0.25558648	-0.6344138	0.46753484	-0.16729398	0.24074404	0.0863587	0.046202864	0.15407062	0.07409911	-0.30382195	0.15203014	-0.23545499	-0.697768	-0.38969308	0.3924255	0.1524315	-0.5216495	-0.080796525	0.49666014	0.15236734	0.70207614	-0.12341455	0.22673406	0.025144225	0.12962636	0.46861407	0.42813405	-0.33269048	-0.2193585	-0.079152144	0.20451236	-0.25451225	0.166729
-0.71359104	-0.5361063	0.42600378	0.015474768	-0.2102932	0.07421939	-0.27756473	0.24789315	-0.01170908	-0.3736411	-0.13038662	-0.38280925	0.27160996	-0.76768196	0.55152947	0.44349816	-0.36004823	0.14911258	-0.20105904	-0.005091204	-0.14944477	-0.16113164	0.3201431	0.75533444	0.5009963	0.46946508	-0.49815404	-0.057505313	-0.5754652	-0.28189358	0.08471623	-0.41366532	-0.28740326	0.44908676	0.009426121	0.37381554	0.07072375	-0.21435343	0.22038244	-0.13699883	0.055948872	0.32718056	-0.08497112	-0.3342445	0.246432	0.17353894	-0.3935889	0.27864066	-0.58989096	0.47097778	-0.4328833	0.04614522	-0.25903055	-0.4896183	-0.32209444	0.40906897	-0.15171155	0.44781828	-0.11147488	0.1260437	-0.018939344	0.076968715	-0.36448577	-0.014386715	-0.2436621	-0.086240135	0.128485	-0.18455267	0.7912889	0.36030117	-0.4213194	0.4420083	-0.549733	0.039116446	-0.099370316	0.0756927	0.051762983	-0.2519578	0.014462646	-0.21899498	-0.19863367	0.27072066	-0.24990238	0.3629461	0.46855098	-0.16359174	0.37761497	-0.21126851	-0.63130325	-0.12644275	-0.5392821	0.13290799	-0.15585774	-0.08419858	-0.09791625	-0.09764441	-0.29731786	0.05844607	-0.23428471	0.050812468	-0.16180386	-0.46875986	-0.066750586	-0.26257125	0.19918568	0.5595171	0.46908167	-0.07228439	-0.10234606	-0.0616981	0.07032315	0.2935708	0.06140628	0.6126842	-0.21705249	0.13636447	-0.41263732	-0.021295136	0.19954607	-0.5311356	0.2599997	-0.32860637	0.12005349	-0.32405037	0.03951418	-0.21536236	-0.1539238	-0.48242778	0.18240958	-0.03160386	-0.5969236	0.23378545	-0.024314202	0.26445165	0.024171606	0.9541854	-0.08907049	0.62187076	-0.1940227	0.1756096	-0.12570955	-0.21436946	0.4981903	0.50079834	0.14805503	-0.13714245	0.49542543	0.0138158705	0.24704628	-0.41336724
0.47231725	0.19407465	0.073335506	0.21593586	-0.11653077	0.28855497	0.49931645	0.011997219	-0.036369402	0.27907863	-0.40579647	-0.06763281	-0.3703468	-0.0063859886	-0.13897757	-0.22677715	-0.1356604	-0.3456487	-0.42328724	0.045158036	0.15202847	0.3060897	-0.30840996	0.17470367	0.2654298	0.37094846	0.5630473	-0.3228061	-0.5343834	0.43138728	0.4871626	0.12971349	0.037805296	0.3872009	0.1789673	0.1929942	0.36750567	-0.24673153	-0.15291542	0.41401634	-0.55905145	-0.176779	0.85086966	0.12563056	-0.4259486	0.7458049	-0.030065278	-0.15361223	0.20104471	-0.113670915	-0.24774505	-0.14791867	0.23299462	0.53649414	-0.55984294	-0.26764125	-0.12720072	-0.014275265	0.099368826	0.6988326	0.29366884	-0.26897958	-0.3597912	-0.23838897	-0.37514785	0.06322511	-0.40722013	-0.2671006	-0.0647258	0.081441514	-0.2242171	0.1917173	-0.38723734	-0.13862404	-0.03456109	0.21057734	-0.4522153	0.64723015	-0.3753916	-0.10212292	-0.033956952	-0.2771115	-0.3169497	0.2797255	0.3532683	-0.5606133	-0.1725545	0.24602847	0.379217	-0.40279236	-0.5302258	0.54351455	-0.25472912	-0.33856714	0.4703036	-0.48281363	-0.09970419	-0.008111864	0.8144444	-0.18361399	0.018343814	-0.73153144	-0.5811302	0.1627433	-0.12282182	0.4772004	-0.49875686	0.11546391	-0.21174043	-0.04418048	-0.49980816	-0.17409469	0.026895512	0.13338073	0.05152168	0.40990254	-0.09260738	-0.26682904	-0.073197804	0.10059636	0.4857297	0.55458075	0.41431186	0.06467171	-0.15066937	0.15650892	0.48974314	-0.18260069	-0.6199404	0.2034972	0.13520633	0.35640872	0.38130102	-0.12743372	0.16987406	0.27404475	-0.25850588	0.23215733	-0.33554396	0.41274312	0.17927374	-0.031207955	0.2886641	0.3779498	0.39992085	0.14449881	0.09630067	-0.23704165	-0.39535812	0.29834813
-0.34780392	-0.11389518	0.8404554	0.10607877	0.3571883	-0.20003662	-0.26048025	0.4938314	-0.26606384	0.1479291	0.033301596	0.1508456	-0.061893836	-0.047670286	-0.4848981	0.3529078	-0.010639531	-0.61772496	-0.55489206	-0.14385799	0.3200498	0.199005	-0.27872682	0.4821072	0.53823644	0.3451309	-0.4209362	0.69086593	-0.06895946	-0.043328546	-0.006319784	-0.048055623	-0.48364627	-0.33074123	0.43157718	-0.017217858	0.09326365	-0.29959148	-0.046022944	0.26039004	-0.36203757	-0.37504458	0.114612505	0.12784298	0.10355569	-0.41381374	0.20402314	-0.3555495	0.22863661	0.2726643	-0.095256954	0.5325528	-0.8343192	0.008383864	-0.25515994	-0.47431463	0.26624677	0.24564876	0.21185042	-0.90098983	-0.7029665	-0.19863735	-0.1757737	0.29051074	0.09500208	0.37534848	0.06770383	0.09518229	-0.07507824	-0.48514387	-0.3910386	-0.25191528	-0.38755906	0.18629847	-0.15871532	0.019995656	-0.4524602	-0.36248663	-0.15005961	-0.65160114	-0.41831273	-0.5325639	-0.18605718	0.35581392	0.6497709	-0.09637491	-0.42015126	0.01785247	-0.84506387	-0.30876365	-0.3489304	-0.16837338	-0.22723952	-0.7091534	0.3853607	-0.21273862	-0.05832125	0.20895118	0.28575787	0.41787153	0.43106157	0.345242	-0.71426535	-0.010049592	-0.03925434	0.5127434	-0.1482367	-0.055125922	-0.28747702	0.13324113	-0.49706262	0.100717075	-0.012237502	0.11691929	0.14939484	-0.1966022	0.27119207	-0.015829116	0.19085293	0.4584506	-0.25243366	0.22959578	0.72876924	-0.02828506	-0.1310168	-0.13250953	-0.068889484	0.14941207	0.19170444	-0.670138	-0.3300398	0.23896661	0.19407001	-0.2856255	0.21031609	0.14537835	0.5967814	0.22107461	0.3496176	-0.33166593	0.31760114	-0.06751408	0.39044398	0.18198188	0.19684967	0.17573167	-0.051764954	0.29743573	0.052104287	-0.3014061
0.3523559	-0.15315129	0.2140173	-0.29320896	0.33761418	0.15624875	-0.29728383	-0.07701881	-0.24579714	0.832993	-0.2446336	0.19940126	0.38164166	0.31243142	0.68418545	0.19476089	-0.797926	-0.08325735	-0.35341516	-0.251218	0.16898306	0.3919424	0.04758024	0.20377515	0.25904498	0.87796795	-0.0047032703	-0.4899683	0.20973344	-0.08947927	0.9239088	-0.1663078	0.42098653	0.18918143	0.051548544	-0.075983316	-0.23092675	-0.73335874	-0.29393938	-0.9689659	-0.04219352	0.23653856	0.43183047	-0.5455523	-0.6010862	-0.3560224	-0.10756435	-0.79043305	0.082497716	-0.36970913	0.47128177	-0.0075240647	-0.2740165	-0.06901222	-0.08456412	0.13216566	0.36731118	0.19884214	-0.3846598	-0.39840537	-0.57145774	-0.18136558	-0.68708086	-0.3920066	-0.042582344	-0.027402828	-0.6986594	-0.11003317	-0.47283503	0.5104722	0.038050666	-0.48880967	0.0053394977	-0.11432012	0.24578251	0.32344276	0.18442824	-0.06993218	0.25734046	-0.8576648	-0.73137397	-0.2810967	0.1579882	0.5391021	-0.34436172	0.04426158	0.4848148	-0.2645768	-0.6329357	0.04332071	0.117684506	-0.04788001	-0.0027565039	-0.25732142	-0.019817596	-0.9933125	0.04577681	0.13268335	0.06377991	-0.76870483	-0.7218608	0.12752649	0.19400771	-0.12869367	-0.06301405	0.5566239	-0.37298512	0.2965278	0.08443794	-0.5937477	0.120338015	0.4834504	-0.27441022	0.4044509	1.0997709	-0.36762908	-0.01570575	0.32319212	0.1534582	0.3060769	-0.7073258	0.015508207	0.41862553	-0.62613857	-0.10362215	0.21352448	-0.096416414	0.63489914	-0.967276	-0.7675617	-0.4314412	0.13992599	0.42368308	-0.12615965	0.036034532	0.8350733	0.432172	-0.88644046	-0.38424575	0.56685024	0.38454217	0.37138692	0.48112044	-0.48645553	0.9531299	-0.22110873	-0.40379798	-0.69587916	-0.7456502	-0.36941147
-0.25504026	0.053220972	-0.13970882	-0.1359973	0.03558094	-0.029377028	0.094008915	0.0511479	-0.53554386	-0.05602257	0.31836334	0.3897544	0.3177353	-0.14495383	0.6859231	0.5809084	0.27454054	0.12938051	0.3918098	0.21526603	0.09039918	-0.4426234	-0.059746243	0.6638737	0.26898864	-0.20235488	-0.20569038	-0.18705238	-0.33686772	-0.7083347	-0.14873594	0.013896039	-0.08689147	-0.3388464	-0.2289109	0.2730243	0.15879917	-0.033853523	0.13724944	0.13610226	0.48372224	-0.32398483	-0.20344143	0.18727146	-0.08958686	0.06860079	-0.573281	-0.08178025	-0.35245058	0.17508674	0.29041153	-0.12602946	-0.47621685	-0.040692646	-0.20678243	-0.6513312	-0.2824933	0.9144655	0.1352909	-0.03149623	0.14899202	0.08512592	-0.41581154	0.20045854	-0.52898794	-0.33933035	-0.443532	-0.48191217	-0.66794837	0.53110725	0.0821896	0.21604785	-0.5496532	0.48799723	0.08075642	-0.05246389	-0.25608528	0.43414217	-0.6048052	0.08750711	0.646047	0.40975457	-0.22877888	-0.14657731	0.52809155	0.055717178	-1.2173402	0.015413158	0.151422	-0.36885744	-0.35984644	-0.13719344	0.06426318	-0.3352681	-0.5063749	-0.9250962	-0.38903537	0.31822735	0.7748702	0.022150712	0.22311312	0.6604833	-0.6773901	-0.15681694	0.098121755	0.42647535	-0.3343035	-0.043274928	0.19515486	0.049881827	-0.38670442	-0.0009786577	-0.15153815	0.3106998	0.36347473	-0.31131843	0.40713504	0.34322718	-0.038849592	-0.2909609	0.24966024	-0.13787779	0.24594037	-0.7211006	0.5044724	0.21517046	0.033227336	-0.31508026	-0.27950826	-0.5330788	-0.59441143	0.37028253	0.68475324	0.57497984	-0.45885855	0.002339719	0.55612457	-0.26022	-0.13460517	0.02977421	0.23829974	-0.119288154	-0.15146083	-0.23335929	-0.19724482	0.41527817	-0.29467267	-0.033672106	0.32048696	-0.7222697
-0.18079805	0.02829917	0.34729517	-0.18131815	0.07243183	0.21806116	-0.5281102	0.009999503	-0.43939966	-0.20091176	-0.26177934	-0.13633831	-0.1889675	0.18398026	-0.27350765	-0.21117239	-0.21658877	-0.366372	-0.058924153	0.34362933	0.16096948	-0.19074768	-0.357719	0.28499755	-0.0086323675	0.34461388	-0.22446634	0.40859154	-0.4377753	-0.094867416	0.47909513	0.34796053	0.45116684	0.023435662	-0.0385788	-0.29639426	0.056234945	-0.21829109	-0.16884375	-0.1546184	0.22645356	-0.23363462	-0.2190567	0.51684284	-0.34584004	-0.18325402	-0.4162603	0.045134373	-0.28903952	0.35169524	0.16374812	-0.176818	-0.2500078	-0.31962505	0.0516933	-0.21333398	0.18596211	-0.07686032	0.08956828	0.017166229	0.28889802	0.45913935	0.120902665	0.10596201	-0.5902953	-0.11660069	-0.25390348	-0.022685759	-0.28635597	0.84992564	0.13077594	-0.15649109	-0.0028451926	0.5806642	0.4855366	-0.21154667	-0.33191386	-0.07935584	0.217362	-0.174599	0.34476298	-0.25990972	-0.1685753	0.40007353	-0.16083562	-0.20485641	0.13339338	0.1838718	-0.369036	0.08001724	-0.5301749	0.10455395	-0.13850383	-0.09393653	-0.23144042	-0.13776729	0.23390113	0.6076831	0.41382882	-0.11381991	-0.043251444	0.56282264	0.1713009	-0.1430331	0.054509528	0.32087943	-0.022181597	0.26266724	0.39700022	-0.1354016	-0.053795207	-0.19483311	-0.64563423	0.47974163	-0.12944748	-0.08776418	0.20797656	-0.5430219	-0.39560258	0.03615851	0.10694254	-0.36781362	0.2015132	-0.106482334	-0.58532566	-0.20371169	-0.17348129	0.11867613	-0.03870984	-0.31263518	-0.47551748	0.2703659	0.35410887	-0.40617254	0.12084957	-0.27497804	0.08457635	-0.39362943	-0.6029767	-0.21219632	0.24449922	-0.541408	0.36376983	0.46072787	-0.3707688	0.8653751	0.14027087	0.5119756	0.07889035	0.26662248
-0.26543942	0.6249421	0.7883783	-0.44223207	-0.22525318	0.016646668	0.09625228	-0.048635192	-0.6230521	0.30241847	0.39512223	0.38183692	-0.11816304	-0.46474895	-0.12252279	0.13949928	-0.3562634	0.24036643	-0.56172043	0.15050709	0.25571212	0.11918922	0.21225123	0.04625783	0.6759152	0.5222018	-0.18542863	-0.1605556	0.7429288	0.51664174	-0.0081278905	0.86828214	-0.28095338	0.7444084	-0.073979825	0.2019958	-0.383752	-0.14059071	-0.39199874	-0.015906205	0.34893554	0.063588984	0.023995703	-0.7271712	-0.52736044	-0.43956414	-0.32356414	0.07170281	0.017019333	0.4006988	0.12714349	-0.015510272	-0.7718916	-0.3439981	-0.1080804	0.8601991	-0.60517913	0.5255811	0.102650434	0.39745745	-0.5555357	0.087929234	-0.05290344	-0.41415688	0.15732998	-0.14789407	-0.027330013	-0.11567105	-0.5134201	-0.06421181	-0.2589468	-0.38170066	-0.30791676	0.30753088	-0.29422495	0.3765728	0.38488463	0.020085933	-0.035720095	-0.35170257	-0.34678212	-0.5248895	-0.8611463	-0.11204384	0.38223174	0.42722988	0.36456373	-0.41085988	-0.0049750544	-0.32549912	0.1796415	-0.49882033	0.9699054	-0.54545397	0.48951495	-0.8578788	-0.50925684	-0.0942997	0.32508525	-0.34580415	0.032715634	-0.52083117	-0.14311257	-0.29944232	-0.13563241	-0.21424147	-0.12001702	0.3431062	0.41037267	1.064319	-0.24773811	0.5124237	-0.5618218	0.5074241	-0.3574239	-0.47082636	-0.08721016	-0.73337483	-0.18037231	0.24531789	0.17617548	0.57380533	0.22442329	-0.28819475	0.14173645	-0.80825454	-0.21460144	0.48677036	-0.19234039	0.52295727	-0.3378409	-0.5114034	0.48174378	-0.5583251	-0.18556176	0.368659	0.083586805	-0.098039225	0.103347346	0.48548713	0.4170094	-0.26206598	-0.14667672	0.027206471	0.074922405	0.55494696	-0.64751214	0.32275784	0.267033	-0.19929437
0.003968145	-0.28648534	0.051879503	0.17162733	0.31784287	0.041631225	0.36646578	0.38715062	0.062476184	-0.31629696	0.056405697	-0.3457905	-0.38212082	-0.0731934	0.40717664	-0.24704252	0.27674454	0.2022738	-0.08367129	-0.061820474	0.31200448	1.3090245	-0.4877511	0.5680758	0.7154102	-0.19364296	-0.44073448	0.15572083	-0.3359173	0.3037697	0.15142407	0.3974327	-0.36144525	-0.16702779	-0.13053763	0.07404446	0.056081485	-0.53178895	0.27206606	0.521059	-0.19339573	-0.05858565	0.74259466	-0.107293546	-0.30160958	0.25072214	0.058975704	0.59247154	-0.4539841	0.2761677	-0.34018737	-0.033957023	-0.2635282	-0.5644123	0.35671857	-0.040356904	0.14149424	-0.01076423	-0.7276451	0.085075155	-0.49146244	1.0484575	0.50990057	-0.2512095	0.13214926	0.10917614	0.115442514	-0.05185928	-0.108019836	-0.12047095	-0.07770272	-0.10610321	0.016208064	-0.03938544	0.12350013	0.40355605	-0.030333638	0.26529267	-0.42259055	-0.2799978	-0.31911305	-0.07199802	0.09655368	-0.054589868	-0.059007037	0.12313844	0.42959455	0.20433424	0.021252008	0.5860699	-0.30636862	0.05800223	-0.29611984	-0.1388342	0.003946251	-0.3187849	-0.11508934	-0.58193827	0.46252617	-0.2648308	0.2556249	0.21951975	-0.20155826	0.20287794	0.092294015	0.00968973	-0.19514096	0.087825656	-0.09274007	-0.28353027	0.2559084	-0.11499045	-0.2887747	0.13100863	-0.36552128	-0.15383	0.6138318	-0.98293597	0.3037056	-0.2071815	0.106379464	-0.1736592	-0.097524755	-0.12758324	0.3219829	0.23232503	0.23092051	0.6211502	0.12889682	-0.6741776	-0.28102192	0.5610031	0.38766128	-0.098056406	0.3665326	-0.0025078666	0.32068193	-0.27403083	-0.039679494	-0.18177295	0.646178	-0.319471	0.14732145	0.1534462	-0.25963295	0.5300738	0.07159871	-0.0070298747	0.084812224	-0.52452165
0.73126507	0.77014315	0.34822205	-0.13524762	0.004579101	-0.0036872511	-0.19790503	0.15593725	-0.309346	0.3093138	-0.20685156	-0.04667362	0.06792418	-0.10757187	-0.6105767	-0.16163823	-0.40292192	-0.0022398657	0.6515868	-0.47006953	-0.40210322	-0.07069022	0.024149258	0.23780124	0.4690971	-0.05238205	-0.11228823	-0.38874328	0.12169427	0.11307273	0.49600625	-0.24237135	-0.22975008	0.30970508	0.083975956	0.4334946	-0.055162087	-0.1113828	-0.46073994	-0.3402617	0.49035588	0.48513833	0.42721945	-0.451646	-0.011713179	0.15424933	0.2862676	0.34717578	-0.26919866	0.15545656	0.51851356	-0.17859018	-0.27388054	-0.34457248	0.6697987	-0.19776662	0.24985161	0.05298475	-0.44153476	0.081265815	-0.34264597	0.3436747	-0.22189033	-0.4149869	0.01325199	0.037744667	-0.19967379	0.38571525	-0.35851938	0.00915063	-0.5767624	-0.11837905	-0.588448	0.44327924	0.31772405	0.120835304	0.08068962	0.23649508	0.04566287	-0.43687752	-0.6641551	-0.36181498	0.188351	-0.16376913	0.20246984	-0.36272714	-0.19030578	0.23185569	-0.25135875	-0.3688498	-0.16627666	0.5816961	-0.68494725	0.05109127	-0.008024417	0.09623834	0.05973497	0.67088664	-0.012052883	0.13433927	0.47873315	0.36084467	-0.19855396	-0.44919267	-0.1076078	0.4367393	-0.31985307	-0.35210788	0.24413025	-0.27902088	0.09767974	-0.06400341	-0.44767824	-0.45938522	-0.51164526	-0.48867345	-0.44532943	-0.7645789	-0.57909966	-0.066239916	0.0136887375	0.14831153	0.26085708	-0.4139233	-0.3679782	-0.32394442	-0.12079405	-0.00019056408	0.2761356	-0.33324033	-0.53745675	0.1781012	0.32612845	0.14773004	0.084276766	0.51111203	0.59524226	-0.15744002	-0.658535	0.22500359	-0.17009939	-0.35743564	-0.06502411	0.47845778	0.22008677	0.46618018	0.9828481	0.14222701	-0.21780933	-1.0813193
-0.045045603	-0.116062544	0.06222497	-0.21103238	-0.07395105	-0.4798617	0.47289583	0.1458242	-0.3550171	0.80006737	0.3909173	-0.2219393	0.07772786	0.12988384	-0.011184712	0.26222157	-0.063843094	-0.02859106	-0.4754488	-0.6603427	-0.09551485	0.93893635	0.0336802	0.8699316	0.31384125	-0.18583156	0.28383416	-0.16060112	0.23746777	-0.06282378	0.79485947	-0.013438437	-0.6088384	0.5364149	0.10004271	-0.48683682	0.84830886	-0.49561465	-0.3222225	0.12377842	0.18390055	-0.27737117	0.490208	-0.019800637	0.26580825	0.47484937	0.06432504	0.19352344	-0.10237692	-0.0075020404	-0.42423752	-0.4680715	0.12417271	0.06899263	-1.0020716	0.003628491	0.54342556	0.18231796	-0.12411257	-0.4557502	-0.4219529	0.15956704	-0.68398196	0.1675815	0.33636945	0.29790246	-0.45683348	-0.28839368	-0.07004807	-0.19740334	-0.376149	0.037179574	-0.6395455	0.20212044	0.56107646	0.18810478	-0.21377826	0.2117787	0.28349423	0.48245713	-0.052403823	0.054648302	0.28983697	0.29310268	0.2577038	-0.6816778	-0.28093427	0.051610854	-0.34419012	-0.11351711	-0.46090117	0.51140034	0.6318034	0.7241419	0.24607362	0.21062993	0.08233461	0.07190855	-0.361564	-0.20028403	0.7796773	-0.703795	0.2404943	-0.5575947	-0.2990106	-0.15879169	0.016685586	-0.29426435	-0.26089248	0.36908764	0.13799459	-0.24023448	-0.32344112	0.18564384	0.29314443	-0.21994625	0.4060309	0.12092928	-0.70569736	0.048053954	0.53079337	0.064736545	0.056820765	0.12222576	0.56627005	-0.47310278	-0.016631886	-0.033471536	-0.49346575	-0.11239847	-0.2768644	0.07041726	-0.21607241	0.23286523	-0.62704873	0.1844504	0.86183506	-0.5733731	-0.22145557	0.3730404	-0.008454877	0.39899814	0.70271647	-0.8236736	0.05226195	0.6437706	0.010062379	-0.3811224	0.118472874	0.04120333
-0.028675042	-0.12187033	-0.13805868	-0.102822654	-0.24471946	0.22677346	-0.23361976	0.29737133	-0.5140668	0.5169243	0.13714872	0.18842162	-0.2731029	0.5909368	-0.07510771	-0.32437715	0.42006785	-0.18185732	0.07817486	0.21915908	-0.53510904	0.55192935	0.13976796	0.41004172	0.5100287	0.100980096	0.093116164	0.18140693	-0.48206025	-0.28474233	0.35472122	0.40233934	-0.46102595	0.07454388	0.12386353	0.24301529	0.09502986	-0.5066878	-0.08427883	0.13789028	0.21434006	0.5388148	0.3295611	-0.18916453	0.13470092	0.22290905	0.069874726	0.26656383	-0.44876316	0.0067210584	0.28045297	0.06429386	0.1556392	0.53096426	-0.42410797	-0.19306314	0.4407043	-0.24569125	-0.025278416	0.5398681	0.1301208	0.031432997	-0.36534837	-0.07869714	-0.6067938	-0.14290942	0.51873827	0.41257408	-0.13085619	-0.47502124	-0.14481106	-0.11092232	-0.094035774	-0.12506427	-0.012710795	0.06986845	0.26333866	-0.03985693	-0.729697	-0.2662834	0.040821422	-0.16739845	-0.06432568	0.5898314	0.010106688	0.0061509395	0.11860187	-0.3646099	-0.39122164	-0.25263786	-0.48328906	0.25088394	0.43570352	-0.29470533	-0.16392767	-0.018527746	-0.28085914	0.41718808	0.27981088	-0.16626918	-0.085665785	0.15086025	-0.038934898	-0.3551821	0.5895993	0.25794676	-0.25958627	0.46426275	0.014315937	0.46082878	-0.094919346	-0.050819565	-0.584221	0.58178264	0.21498077	0.14253159	0.0073379087	-0.24292281	0.0239292	0.19020693	-0.33382356	0.47906718	0.6069061	-0.75061846	-0.04375257	-0.14463502	-0.14322595	-0.32770178	0.21321818	-0.3672163	0.2182919	0.18083265	0.01103096	0.020159967	-0.5667388	-0.30812705	0.5441301	0.20210432	-0.6005557	0.35479492	0.09890821	-0.4799114	-0.3232037	0.13403082	0.18471791	0.26697248	-0.18340622	-0.14324488	0.3065464	-0.14051616
-0.69951236	0.12256953	0.5221841	0.3293034	0.45533025	-0.1063512	-0.3603307	0.050852917	-0.39652252	0.4592091	0.032578185	0.59337926	0.04218007	0.48330224	-0.019006377	0.79699916	-0.45974398	-0.17043112	-0.23640572	0.42694402	-0.35538778	0.12073202	-0.051544473	0.78234315	0.16868766	-0.5151489	-0.4221695	-0.28728205	-0.3046228	0.38639942	-0.09353693	0.41997114	-0.4320354	0.30221444	-0.20940249	-0.14579253	-0.033307906	-0.97685796	0.3691937	0.45210484	0.40406755	0.25817537	0.10512984	-0.27206284	-0.15102534	0.13796443	-0.22907269	-0.06266234	-0.116895206	0.1101712	0.46565503	0.21532737	0.0587051	0.038372718	0.016416151	0.21232393	0.16403793	0.5600203	-0.06342156	-0.066897675	-0.3285913	0.3901401	-0.13401501	0.68140876	-0.54336727	-0.1995774	0.45254636	0.06504842	0.26053625	0.19269176	-0.6245048	0.34363672	-0.6376397	0.65427345	-0.2414412	0.34752515	0.23062584	0.35325575	-0.076323465	0.1545464	-0.1164038	0.16624752	0.27156076	-0.008736159	0.6669897	0.39443362	0.11707772	-0.0042971494	0.038371142	-0.63691384	-0.18302037	0.049489412	-0.21151978	0.3611578	0.7970359	0.012043157	-0.032851472	-0.14787751	0.07343873	0.039343003	0.82700413	-0.24754865	0.532156	-0.1083251	-0.52255696	0.17454739	-0.25291976	0.38201487	0.521594	-0.229664	-0.71879435	-0.018165763	0.21936473	0.54036963	0.5962461	0.05002106	0.3645522	-0.15564778	-0.04720573	-0.11254688	0.048568286	-0.1432788	-0.06674187	-0.1778469	-0.2525724	0.39984635	0.19486229	0.61230767	-0.08774063	0.115196854	0.64372295	0.12566221	0.5466735	0.31561098	0.11553019	-0.074267924	-0.008673171	0.47312847	0.43468916	-0.2959265	0.27583858	0.21286678	0.40774813	0.60592425	-0.25388387	-0.06805801	0.31251904	0.36459944	0.18390363	-0.8690718
-0.11329698	0.15936197	-0.024066685	-0.20453858	0.20015225	-0.392117	-0.13264446	0.06250309	-0.038512312	-0.3846076	-0.53272593	0.26123723	0.50356805	-0.37360355	-0.43805343	-0.00024383044	0.10980147	-0.0882215	-0.13714197	0.46194026	-0.59473217	0.5326187	-0.11130069	-0.38534895	0.519715	0.16501085	0.17827606	-0.16731001	-0.50362146	-0.42466414	0.3427164	0.22284684	-0.60857457	0.17398942	0.49746746	0.12844133	0.12867168	-0.2806463	-0.47025403	-0.056017507	0.11869517	0.25102708	0.32737547	-0.19633327	-0.15822744	-0.25533992	-0.3060929	-0.46700048	-0.4011801	0.3515942	0.11899423	0.17690982	-0.30292392	-0.34202868	-0.24758458	0.23721735	-0.0103408545	0.0656607	0.15743224	-0.12726751	-0.15359448	0.39214623	0.17486508	0.4533784	-0.47336024	0.20201993	0.2921411	-0.26613992	-0.27155346	0.3131175	-0.21414962	0.33207837	-0.09129452	-0.31269822	-0.949111	-0.09539304	0.80301017	0.22807638	-0.60757464	0.48446748	0.16702305	0.068913266	0.040880665	0.5170819	-0.23151746	-0.58605224	-0.18442117	0.47328687	-0.30714124	-0.50965834	-0.29924315	0.19381402	0.6212748	-0.47396883	0.07215452	0.27971962	0.70877266	-0.15921715	0.12403529	-0.1050652	0.32897985	-0.13770705	0.21192151	-0.032252513	-0.36617386	-0.2044991	0.49865472	0.1706717	0.01166026	-0.65683174	-0.30263358	-0.29877773	0.13411559	0.15968782	0.36599988	-0.10023435	-0.032448262	0.19733256	-0.39238983	0.25005397	0.5551632	0.2004805	0.76446533	-0.12921943	-0.5641544	-0.045032237	-0.11147864	0.44954327	-0.07485686	-0.056676973	-0.049089596	0.60419923	0.03363036	-0.59348357	-0.16041383	0.32583863	-0.07263301	-0.29642236	-0.02974327	-0.3885919	0.63533944	0.49263412	0.41144878	0.46218088	0.18959936	0.5023073	-0.6102351	0.08416509	-0.44875142	-0.43406323
0.2199314	-0.030750435	0.30555555	-0.36064824	-0.5724039	0.031501148	0.15950164	-0.6333641	-0.38691148	0.60955477	0.26666602	-0.2856363	-0.46774492	-0.8516018	-0.13782683	-0.19343324	-0.04690429	-0.04413117	-0.58974963	0.08215652	0.38629383	0.37933606	-0.10504194	0.15854435	0.6605002	-0.055193502	-0.36544746	0.30398878	0.4905511	-0.1832302	0.3911779	0.44454396	0.24759193	0.31348643	-0.18272999	-0.5375508	0.54341185	0.07198843	-0.14232342	0.14518915	0.3692232	0.46781242	-0.08965106	-0.17979738	0.18503773	0.3315119	0.107503965	-0.06115285	-0.23377033	-0.14930145	0.3490402	-0.61983985	0.1290033	0.24363485	0.18132602	0.2694609	0.29620653	0.019552954	-0.6675575	-0.034842826	-0.68818617	-0.49247175	0.13193646	0.33271056	-0.6484861	0.06810114	1.0992622	0.45885313	0.17284368	0.4900385	0.20045501	-0.55701286	-0.082145095	0.056301184	-0.4193426	-0.3806245	0.056393813	0.25066188	-0.1067997	0.22169945	0.600422	-0.48431093	0.30224714	-0.31637293	-0.3912534	-0.17964329	-0.28135777	-0.49887076	-0.45663136	-0.44967982	-0.49370685	0.57880586	-0.12443053	-0.032065336	-0.510653	-0.24434105	-0.5232593	0.03904223	0.31396997	0.022681477	0.34410882	-0.22133502	0.2227598	0.05188479	0.30989963	0.32141015	-0.10500547	-0.16919893	0.16507606	0.29738876	-0.19400819	-0.28909922	-0.32553834	-0.8819466	0.5037542	-0.08964847	-0.010874788	0.21520507	0.007928107	-0.7490062	-0.3525943	-0.060309526	0.57833093	-0.02615019	0.53821236	0.17174782	-0.36432937	0.68155473	-0.34916404	-0.0027149462	-0.5385215	0.28498137	0.09034605	-0.31060135	0.090223275	-0.34335583	0.8425753	0.05456127	-0.3456618	-0.12067789	0.686673	-0.15033938	1.1231245	-0.3479258	0.8621387	0.2168397	-0.3707257	-0.4226492	0.9146157	0.12269478
0.21318653	-0.39585447	-0.09944639	-0.4659301	0.2260639	0.6071869	-0.24267103	0.70499426	-0.22993104	-0.31468254	-0.6532354	0.115430675	-0.19743256	-0.45673132	0.026609708	-0.075496316	0.1775451	-0.11605518	-0.9178557	0.43254068	0.11653059	-0.18633108	-0.20421216	0.41497767	-0.124166325	0.3916987	-0.4926031	-0.30144057	-0.14177665	0.27783737	0.41316164	0.5341572	-0.23551399	-0.048170745	0.1521095	-0.43127638	0.2094301	0.14563648	0.054711062	0.1469193	0.28815016	0.22082555	-0.36335197	-0.020272033	-0.24905662	-0.13399701	0.16267924	-0.6021338	-0.40990275	0.041055564	0.03768748	-0.080510005	-0.31257975	-0.375287	-0.12864754	0.20520836	0.3934803	0.39354512	0.08145789	0.22297946	-0.33141196	-0.42697543	0.42378622	-0.2157809	-0.11319425	0.013365036	0.12024593	0.02757525	0.24833599	0.39293352	-0.2935172	0.23225857	-0.5539887	0.36735624	0.38932025	0.08975076	-0.09656892	0.092813924	-0.103516705	-0.16679409	0.48905668	0.7258595	-0.3191144	0.3283776	0.106397316	0.48925507	0.06683322	0.36056584	0.015048117	-0.15392724	-0.41827992	0.5044447	-0.41977668	-0.20258173	0.7063467	0.31232575	-0.6077529	-0.11594539	0.2879219	0.1792461	0.30816418	-0.32973316	-0.21608071	0.33164212	0.56517094	-0.2695815	0.19772674	0.16739196	0.20234172	-0.7671022	-0.76106274	0.8115573	-0.3819012	0.40612283	0.18080774	-0.45762527	-0.2720582	-0.22240223	-0.084563956	-0.28816783	0.07947994	0.24936466	-0.36904	-0.6797832	-0.12377714	-0.3500754	0.008099843	0.007115928	-0.08896897	-0.47397837	0.032716278	0.14741182	-0.16150247	0.1854677	-0.27094886	0.6078967	0.47667235	0.2463288	-0.34767172	-0.5681985	0.048137806	0.13464832	-0.20140089	0.07964999	0.41478848	0.61099505	0.23687716	-0.27778667	0.2091448	-0.14066927
-0.3324868	-0.1442973	0.51453996	0.16083507	-0.13754551	-0.153235	-0.53370744	0.12847215	-0.52613026	0.18749085	-0.44164315	0.42675245	0.4775699	-0.38131952	-0.16638666	0.11587304	-0.46049255	-0.12006067	-0.37833545	-0.07416278	0.30696428	0.6658635	-0.012722675	-0.19758606	0.20051037	-0.4031445	-0.23714961	-0.02868088	0.018792106	-0.28462625	0.33194017	0.15437178	0.52729094	-0.21082366	-0.17710689	0.31108898	-0.36317125	-0.24320641	-0.27272055	-0.18337992	0.24351887	0.15097679	-0.0972511	0.3021375	-0.26348785	0.06520761	0.5314327	0.59767365	-0.069992304	0.23051298	-0.33511636	-0.25303355	-0.4319683	0.04372839	0.085511945	-0.1428484	0.7573256	-0.021232102	0.28513506	0.62027806	0.12661356	0.406875	0.016005607	0.5995108	-0.28374055	0.4766763	0.3177553	-0.29941732	-0.11591175	0.17527303	-0.14175867	1.0352106	-0.69636106	0.5194985	-0.2475214	0.12951198	0.09189825	0.19165912	0.007106187	-0.24468043	-0.5059283	-0.07950736	0.06666703	0.26262802	-0.17324217	-0.36586303	0.32235488	-0.6050978	-0.55954903	0.0043197297	-0.3130759	0.22539091	0.03205766	-0.0025591059	0.41579792	-0.17022221	-0.22407708	-0.020717807	0.44694495	0.21237098	0.011099309	-0.08635027	-0.44550967	-0.16072462	-0.019512298	-0.2556745	-0.03341997	-0.1798573	-0.4093721	-0.559715	-0.041446745	0.13987474	-0.13235022	-0.05756614	0.43249187	-0.24944885	0.3881513	0.35932624	-0.24791746	0.16475591	0.17804807	0.43311796	0.08670628	-0.7564598	-0.29936036	0.04558075	0.11738497	-0.462436	-0.47104988	-0.1659782	-0.22617397	-0.10333489	0.55916286	-0.20712331	-0.12305984	0.18065602	-0.14346057	-0.241543	0.10372659	-0.17639874	0.60686105	0.11632268	-0.04972394	0.14519559	-0.51379186	0.76587844	0.07217118	-0.6532908	0.4428381	-0.4372809
-0.014913446	-0.3931273	0.2946307	-0.31495166	-0.10024489	-0.26882303	-0.0022556926	0.12604511	0.2706667	0.3551487	-0.14086457	-0.046348087	-0.111900315	0.08860151	0.65768063	-0.46343517	-0.4051734	0.16626288	0.35449582	0.003287288	-0.89144313	0.38775653	0.14561926	0.48808828	0.9119458	-0.097198434	-0.5567357	-0.025441583	-0.41080788	-1.1153654	-0.13067831	0.6033109	0.2899549	-0.08274084	0.10959381	0.107369676	-0.3592721	-0.13887867	-0.6898836	0.013317222	0.7040839	-0.010195948	-0.21214508	0.3025357	-0.2753362	0.83590305	-0.4680255	0.09970433	-0.09744207	-0.79474086	0.49695593	-0.8036026	0.04664979	-0.2795463	0.527232	0.05609334	0.35449284	0.06943538	0.17372917	0.33545837	-0.53637487	-0.4191195	-0.7440653	0.25427678	-0.1027876	-0.19414395	-0.015513597	-0.43949306	-0.054381996	-0.42858002	-1.0140128	-0.013856161	0.03231666	-0.15906568	0.08689025	0.6000783	-0.6437596	-0.049067926	-0.18995489	0.31211022	-0.34977156	-0.4239015	-1.0128785	0.18686868	-0.6954315	-0.5005614	-0.18181165	0.46546474	0.3583398	-1.0415395	-0.34301463	-0.25902542	0.7451942	0.06275108	0.062054615	-0.34400958	-0.038987007	-0.58564496	0.49705616	-0.16405492	0.44553247	-0.4797172	0.104102604	-0.17654179	-0.1403779	0.30322936	-0.03048606	-0.40979093	0.16967067	-0.0824462	-0.26466802	0.53723073	-0.6492452	0.1017573	0.22258797	0.12965678	0.44261676	-0.0019658413	-0.10086363	0.28113115	0.1438706	-0.36250636	-0.26415431	0.16612494	-0.8260122	-0.1940555	0.3777959	0.8222086	-0.13938814	-0.33224535	0.21921548	0.04775039	-0.3739845	-0.15070613	0.604855	0.2352184	0.55278087	-0.10500223	0.01626135	0.40535936	1.049091	0.45544186	0.52666444	0.030242136	-0.19692744	0.15915929	-0.32964337	-0.40193874	0.3406976	-0.52353364
-0.18667825	-0.058962166	0.08342907	-0.073469356	0.38069415	0.15531641	-0.16469052	0.53299934	-0.7303033	-0.16198215	0.088203296	0.44899753	-0.25818405	-0.13253482	0.08543724	0.4003292	0.028192244	-0.1947493	-0.09847584	-0.7187503	-0.07715531	-0.23910514	-0.36781153	0.4817222	0.1079498	0.56796753	-0.12138119	-0.3109773	0.74624956	-0.36870107	-0.47646606	-0.057759866	0.1935284	-0.5684819	0.25449264	0.5767985	-0.34516746	-0.25490284	0.5348894	-0.44666877	0.1912579	-0.26855958	0.4687301	0.4154108	0.04780237	-0.08526132	-0.48718846	0.04644105	0.14932312	0.084809765	-0.18018243	0.53274333	-0.6970628	-0.4809189	-0.1816374	0.5719012	-0.40512305	0.12030444	-0.22320335	0.053005975	0.029058957	-0.40582514	-0.5725619	0.13485864	-0.2523901	-0.48930174	-0.041190825	-0.018748255	0.48734242	0.6241976	0.012266803	-0.3681563	-0.3455919	0.5675643	0.1966994	-0.52885455	0.08296917	0.23489779	-0.114302576	-0.26902393	-0.3393124	-0.7075322	0.00063275354	0.052363228	0.7940582	-1.1132307	0.08363225	0.15115777	0.114231095	-0.113863975	-0.89634603	-0.30750883	-0.046107966	-0.06883775	0.22051495	-0.4077439	0.6125521	0.48255938	0.67132276	-0.4400087	-0.2240651	-0.27697852	-0.0022291022	0.41726074	-0.3503134	0.8446861	0.27372482	0.47376117	-0.73969096	-0.27258155	-0.5843215	-0.0185793	-0.38557455	0.5233185	0.32936782	0.22492889	0.27979636	-0.33183306	-0.7180181	-0.19231233	-0.047978755	-0.16555326	0.42815745	-0.08399157	-0.46595702	0.36175632	0.18632846	-0.12936863	-0.35226524	-0.23110422	-0.03611869	-0.07288557	0.4771971	-0.7394622	0.1858033	-0.2729403	-0.097957805	-0.18935184	-0.051859397	-0.17938194	0.610949	-0.35857442	-0.15226835	-0.52968055	0.38717577	0.1721241	0.5037687	-0.20187667	0.11478017	-0.4685734
-0.16676198	-0.07659435	0.34708583	-0.25557518	-0.28303978	0.037174888	-0.086650476	0.3756148	0.015614897	0.2017591	-0.4281161	-0.006021806	0.3070159	-0.44016275	-0.4061002	-0.3188175	-0.08113574	-1.1043757	-0.3053005	0.13519882	-0.40695456	0.046901003	-0.36940983	0.0679547	0.36354586	-0.104403764	-0.33983743	0.32403457	-0.59199387	0.12316181	0.5103011	-0.1170759	-0.35370362	-0.5341075	0.09249402	-0.15672173	0.31647462	-0.5699717	-0.63629544	-0.47988966	-0.101459324	-0.45125875	0.4542983	-0.66610837	-0.100148074	0.12310528	0.51376915	0.17291376	-0.32812458	-0.23897316	-0.22135025	-0.5313857	-0.38837638	0.20800436	1.0725888	0.51237345	0.13686787	0.5006842	-0.51478094	0.112825036	-0.42133737	-0.16947633	-0.40841606	0.08720604	0.25833076	-0.022699393	-0.37053224	-0.13087563	-0.43338677	0.4003648	-0.50058305	0.4049363	-0.05474005	-0.1090745	0.12617442	0.009632343	-0.34677732	-0.19307747	-0.11028176	0.23873907	0.3354821	-0.17381218	-0.103988774	0.26963133	-0.06855828	-0.6291961	-0.54087067	-0.6266189	0.062173296	-0.33835068	-0.22545226	0.041234035	0.5088344	-0.13809665	-0.047986124	-0.22657658	0.07235455	0.734528	0.37447578	-0.15564133	-0.10825147	0.50341254	-0.24652354	0.17258835	0.23395503	-0.038700204	-0.11680461	-0.3202068	-0.24476664	0.035475567	0.25274038	0.084547356	-0.2388037	-0.08687459	0.29123434	0.07250035	0.04938432	-0.64368045	0.28055814	-0.56698954	-0.47370556	0.10684141	0.11710306	-0.84290344	-0.1691895	0.27429336	0.21479957	-0.15365374	-0.328281	-0.3232259	0.39039275	0.22340241	-0.12335007	0.17602536	0.04906594	-0.09732472	0.6619131	0.36618134	-0.16494164	0.18286192	0.35733387	-0.36359084	0.092344984	-0.11419623	-0.09429084	0.41928837	-0.52719116	0.16466528	-0.58414346	-0.18282996
0.37940478	0.23461236	-0.2492518	0.10214389	-0.32747725	0.38685465	-0.5418544	-0.035134684	-0.33761752	-0.40300336	0.04251096	1.119057	0.07700416	0.018555537	0.14369865	0.53417677	0.1359787	0.3148369	-0.26290444	-0.40164405	-0.34247595	0.07629385	-0.498974	-0.0281389	0.6293777	-0.14057034	-0.33220875	-0.43889102	-0.63107914	-0.55343187	-0.032230858	0.30980992	-0.280486	0.31235617	0.1447262	-0.25729892	0.13906147	-0.11108733	0.5790004	0.062507614	-0.60086036	0.009181913	0.0900734	-0.0496184	-0.54350954	0.0406133	0.022206323	0.13400786	-0.5270469	0.0140407365	0.5058289	-0.032846745	-0.46012768	-0.05103166	0.30185002	0.08899843	-0.5383246	-0.0022104166	-0.28260505	0.6324124	0.055993665	-0.32760516	-0.16377534	0.105893895	-0.29644626	0.42329237	0.232136	0.23042227	0.31094268	-0.48410615	0.24405588	0.24224222	-0.27444175	0.08703165	-0.4440864	-0.08939725	0.11184975	0.12572396	0.20741463	-0.6620612	-0.049905226	0.012313307	-0.006385841	0.6910875	0.35914758	-0.9423177	-0.33497438	-0.21510051	-0.1032498	0.077252604	-0.93427575	-0.13430837	-0.24350134	-0.5400191	-0.24732172	0.04156338	-0.1666089	0.19838326	0.06615326	-0.3736325	-0.29676816	-0.18628843	0.11276101	-0.35125288	0.024486575	0.06442987	-0.24176699	0.41528016	-0.14515944	0.39997035	0.38494846	-0.7006787	0.2093356	0.4165095	0.084883355	0.075570405	0.21009122	0.47066754	-0.35269848	-0.57697344	0.33118147	-0.10105862	-0.13851406	-0.23745383	0.48859322	-0.28850788	0.34779158	0.22493824	0.062183484	-0.69749045	-0.6405391	-0.45511848	-0.101748675	-0.056204412	0.14852044	0.51402414	0.19202524	-0.32326907	-0.2359917	0.3521296	0.035709288	0.40892994	0.3613041	0.24259251	-0.58465695	0.54329556	0.50258255	-0.12960514	-0.19860831	-0.043629978
0.20740186	-0.7107976	-0.40177715	0.117474765	0.08656305	-0.31010038	-0.32875505	0.20678806	-0.18137395	0.47100863	-0.33241028	0.4080278	0.3480233	-0.08983702	-0.26591238	0.19397546	-0.30496046	0.43901873	-0.7028085	-0.20017864	-0.78368396	0.42729062	-0.21977524	0.163759	-0.07131563	0.39364582	-0.31500128	0.07495395	-0.47908837	0.14777334	0.5058485	0.19778362	-0.7673775	-0.06870657	0.20755267	-0.50055194	-0.077144675	-0.027931435	0.14984174	0.15858112	0.17132927	-0.35882097	-0.058073565	-0.21282643	-0.49226806	0.33629346	0.27922982	0.12597065	-0.5784892	-0.19592428	0.15528375	0.092670195	-0.32127416	0.07849285	-0.267251	-0.31539214	0.73644495	0.33984667	0.20051137	0.29867783	-0.33059233	-0.07753498	-0.3620905	0.30148846	-0.96280795	-0.1812815	-0.19604208	0.3699287	-0.20032406	-0.30513442	-0.37568	-0.31982082	0.052033078	0.38419887	0.035150778	0.40289664	0.013703262	-0.012725069	-0.84679246	-0.40801972	-0.16400495	-0.41677126	0.19571692	0.1596649	0.70148826	-0.68007475	0.0005221574	0.13555439	0.4102223	-0.24787693	-0.28357533	0.4190217	-0.16369198	0.11370247	-0.60028297	-0.17757492	-0.41047248	0.34651533	0.17206793	-0.71780664	-0.8422216	0.1023016	-0.18261835	0.0057382328	-0.03714921	0.19468974	0.34306625	-0.418222	0.1663738	-0.3368764	-0.43160635	-0.07739242	0.38596582	-0.011076795	0.3366419	0.47328115	0.084738195	0.033877924	-0.018334845	0.12297116	0.5900987	0.15373021	0.028900087	-0.02537341	0.31921113	-0.5506298	-0.38404995	-0.004818784	0.68139154	-0.64280385	-0.26032034	-0.42454123	0.16161901	0.21927303	0.80948234	-0.27455908	-0.15682776	0.20648547	0.23862338	-0.49415272	0.22066627	0.14143392	0.46475118	-0.29739627	-0.5958282	0.6596688	0.055988975	0.05628208	0.15694077	-0.6922303
0.7142237	0.005792444	0.36630306	0.0178559	-0.37908128	-0.8850773	-0.41218665	0.2422155	-0.8852687	0.23313548	0.580754	0.3456402	0.077264704	-0.6600563	0.12177694	-0.6433661	0.52587956	-0.37073055	0.17712942	-0.5058573	0.0681514	0.36703813	-0.18383388	-0.20526692	0.03607613	0.43424827	-0.18040335	-0.43667367	0.15164326	-0.23622267	0.27155456	-0.491431	-0.35611883	0.15278493	-0.36297393	-0.7087754	0.0648984	-0.7348299	-0.39376324	-0.23959315	-0.3738513	0.05890168	0.46202186	-0.44222537	-0.047362167	0.28023446	-0.032525484	-0.4406187	0.14182723	0.2303336	-0.34352967	0.5608082	0.42956567	0.25888532	0.10737812	-0.1543034	0.48520234	0.44764352	0.11598676	-0.21858306	-0.14077345	0.70051163	-0.104135096	-0.80129296	-0.32093704	-0.21204893	-0.2663858	0.07873615	-0.06927243	0.25833833	0.025977781	-0.8548327	-0.016692705	0.3017075	-0.121500865	0.4125535	-0.028829893	-0.019520892	-0.2376196	-0.27513182	0.08623464	0.56885225	-0.48151556	0.2782442	0.27940282	-0.6690663	0.37078363	-0.40877903	0.40477154	-0.21918742	-0.29472533	-0.36132926	-0.56115323	-0.277455	0.4445126	-0.4839165	0.031446405	0.008717526	0.7621213	-0.05697883	-0.21848302	-0.21518078	-0.41241375	-0.67634606	-0.21931879	-0.48761135	0.020750767	-0.70457596	-0.045704685	-0.14953631	0.033118907	-0.21311863	0.2986716	-0.27385166	0.5934224	-0.6356519	-0.24659139	-0.19406664	0.26153654	-0.08846477	-0.058326915	0.20035583	0.40084755	-0.27626023	0.2864084	-0.544313	-0.14817141	0.40167937	-0.1843226	-0.20092495	-0.27091703	0.33704117	0.034598224	-0.44876987	0.24033394	0.58041435	0.33620626	-0.3202716	-0.46613356	-0.0029858437	0.35336542	0.08714664	-0.27756998	0.6709242	0.15319233	0.60868704	0.27236906	-0.03309106	0.3124137	-0.20710368
0.3446131	-0.052669227	-0.25671157	0.10714399	-0.33670208	0.55739	0.100086704	0.16952194	0.03016112	0.4610023	-0.025378525	-0.04003424	0.4023935	-0.29188702	-0.2806319	0.31917065	0.4924653	-0.5137836	-0.2300327	0.16991916	-0.23613234	-0.056168906	0.39621934	0.07971012	0.89794344	0.25837812	0.36223093	0.15532228	0.1446564	-0.05919133	0.5314282	-0.7171928	-0.10503954	-0.28850657	-0.25832063	0.1716959	0.6593878	-0.18265529	0.07109583	-0.17439021	0.10647864	-0.41613495	0.07156992	0.18103978	0.054552935	0.3262495	-0.14208476	0.47465464	-0.49303353	0.15393622	0.4214501	0.33922908	-0.41397157	-0.048943337	0.120205015	0.63782305	0.07362153	0.20309034	0.026790157	0.08335271	0.20113792	0.06648627	-0.26519477	0.33001623	-0.5438816	-0.11179837	-0.08691086	0.3086894	0.17920579	-0.43658888	-0.4136794	-0.36767483	0.20023282	0.32372367	0.31368628	0.016948352	0.5037131	0.35199267	-0.1368761	-0.51450056	0.1945343	-0.1063886	-0.6423471	0.7401554	0.3855719	0.03317444	-0.35170797	0.113015965	-0.04073982	-0.1598023	-0.8394675	0.07823094	0.5434696	-0.20589101	0.16127113	-0.18173541	-0.6245504	-0.0795449	0.6963576	-0.8150026	0.7239019	-0.06670793	0.04619059	-0.47811294	-0.52952987	0.751243	0.2807249	0.07015272	0.02408025	0.30503434	0.24238947	-0.57650065	0.38606665	0.2950264	0.16813143	-0.6853133	0.08946186	-0.13913432	-0.64549893	-0.25002912	-0.42324123	-0.41444767	-0.19408193	-0.36676025	0.25798914	0.023404775	0.11394917	-0.53344893	-0.13738483	0.5003089	-0.024599658	0.142055	0.27916646	-0.19707118	0.5804572	0.37523645	-0.07669227	0.030210352	0.28712204	0.26700738	0.13435803	-0.08604486	0.27208042	0.2397359	0.3441797	0.72498053	0.121461384	-0.34627634	0.053428665	-0.07750108
0.60734576	-0.22210191	0.57247794	-0.33537912	-0.35628036	0.114455484	-0.35745382	0.025058255	0.21233185	0.5746748	-0.7743148	0.38774902	1.1969702	0.47402483	0.20771994	-0.092740044	0.32594398	0.49657452	-0.4824727	0.57610685	-0.03795116	-0.21988952	0.67208153	0.2784642	0.60182273	-0.07822944	0.35309887	-0.13006638	-0.23325248	0.11509925	0.23596953	0.0076147323	0.05413946	0.305567	1.0581286	0.13937418	0.45258525	-0.74250084	0.07943781	-0.07089242	-0.19096705	0.095151275	0.5925543	-0.89199984	0.10403966	0.1286457	-0.012476573	0.25561062	0.30135822	0.14587055	-0.71398675	0.07082603	0.42436984	-0.5826517	0.07239421	-0.6139092	0.49587035	0.6482538	-0.7489207	-0.2928536	-0.06534565	-0.22325052	0.7563168	0.029506657	-0.7059389	-0.007796027	0.12139131	0.008406172	-0.31645358	0.1558449	-0.10793671	0.436954	0.09256459	0.037693154	-0.64322495	0.026241602	0.054179903	0.5898442	-0.4353817	-0.15098405	0.05413569	0.06305456	-0.25795513	0.4020011	0.06703141	-0.2733184	-0.2227601	0.21191698	0.03753394	-0.30932924	-0.7165646	0.06256693	0.3506852	-0.43473178	-0.18960786	0.29376245	0.5776684	-0.0548444	0.83952075	0.10749944	0.39127558	0.49833652	0.11360754	-0.558836	-0.51840574	-0.10442555	0.33346763	0.14676753	0.33374822	-0.012178784	0.6448679	0.41631106	-0.25046486	0.016117498	-0.13132405	-0.4702484	0.09886197	0.5515268	0.008031484	0.00041604682	0.41089123	0.16870533	0.05483295	-1.1217089	0.2846556	-0.053643096	-0.24256305	-0.10402063	-0.502009	-0.52544177	0.07018389	0.3588286	0.2192774	0.12137681	0.15710156	-0.068821006	-0.14682904	-0.45430082	-0.39603242	-0.13257508	0.58289796	-0.30514002	0.6013219	-0.308598	0.07116185	0.044227332	0.23399158	0.075897604	0.18873164	0.14862956
-0.43249315	0.1447097	-0.11304094	-0.22417486	0.06396396	-0.17273027	-0.24403025	-0.025625382	-0.26385212	-0.14407226	-0.42487654	-0.46295515	0.5052968	-0.053407345	-0.09607853	-0.07355373	-0.39807343	-0.3097713	0.04905137	-0.030168345	-0.23124756	0.38034964	-0.116571926	0.47697976	0.14991052	-0.050952192	-0.22055015	-0.21885023	-0.32149172	0.5243055	0.20926452	-0.24084026	-0.5311972	0.59655064	-0.45844007	0.11331791	0.13359465	-0.019115156	0.19006342	-0.28149936	0.06574295	0.6857656	0.065695785	-0.14278077	-0.57016724	-0.5945696	0.32475832	0.040280063	0.122341916	0.33799934	-0.13242455	0.38265148	-0.12197433	0.060214285	0.34852988	0.67765605	0.51006764	0.5672246	-0.024395756	0.04375526	0.17493348	-0.27568138	-0.8296758	0.14644226	0.15370208	-0.23460017	0.52744466	-0.5222922	-0.16357423	0.3560007	0.059578564	-0.17229258	-0.22548428	-0.13601938	-0.3736389	0.16553763	0.028955586	0.655733	0.42739722	-0.68199193	0.54345983	0.22392316	-0.3099003	-0.079791635	0.0006546482	-0.48159096	-0.20121564	0.115048066	-0.34343165	-0.28851047	-0.17568707	0.2130412	0.42195562	-0.65173614	0.01060617	-0.4658901	-0.99671525	0.1900695	0.6340359	-0.22721148	0.41498432	0.31586316	0.45950747	-0.5155039	0.21968627	0.79382974	0.105557896	0.54696995	0.1615833	0.17052513	-0.07539506	-0.19978143	-0.009706779	-0.13470216	0.2333485	0.4523645	0.12604335	-0.26892763	0.049607366	0.38850564	0.16324967	-0.40936854	-0.17491393	0.7231255	0.009440897	-0.21704714	0.26355895	0.1950148	0.70998806	-0.33680585	0.0020619163	0.34813786	0.06538238	-0.1671166	-0.20697717	0.57580155	0.119461656	-0.33088875	-0.058345824	0.6083903	0.31997412	0.15492354	0.49298367	0.385394	0.05361926	0.102619596	-0.6969672	0.22677875	-0.2020185	0.08008968
-0.32562512	-0.01892849	0.31147137	-0.34162337	0.13636546	0.075504705	0.35446885	0.014880637	-1.1623436	-0.40473416	-0.15284164	0.003025926	0.29081753	0.018486867	0.46236667	-0.26799944	-0.16443245	-0.4488343	-0.97140193	-0.05970582	0.11210202	0.45622182	-0.14462519	0.5516448	0.23194857	0.66069365	0.14374442	-0.27040675	-0.17727011	0.4454793	0.3346951	-0.6704778	-0.25938192	0.17302574	0.004071129	-0.39156553	-0.21852025	-0.05945971	0.035039674	-0.0026786278	-0.24021144	0.0030164898	0.27409333	-0.2690271	0.01881685	-0.13806123	-0.03959142	0.23017459	-0.2685229	0.7574823	-0.41571257	-0.48067302	-0.03115569	0.45365727	0.67178327	0.23448543	0.22588815	-0.23090331	0.7605546	0.54113346	-0.022350682	0.26572245	-0.06900987	0.4214359	-0.015843686	-0.17663532	0.21747757	0.15377139	-0.38931465	-0.09731604	0.15810016	-0.44136477	-0.39564648	0.36930162	-0.24605045	0.15175661	0.30977762	-0.56604296	-0.054007396	-0.031630095	0.34067497	-0.20049492	-0.572895	0.13290817	0.5461212	0.42188048	-0.47157937	0.0135461055	-0.51527655	-0.31243291	-0.5609374	-0.4085686	0.28359637	-0.20220266	-0.11220673	-0.07629404	-0.6808853	0.016774666	0.614932	-0.7067213	-0.47112328	-0.2750098	0.37669012	0.08881689	-0.06956173	-0.1366354	-0.093603015	0.15115285	0.032901186	-0.020553842	-0.48317662	0.20783855	-0.22045755	-0.050087694	-0.011427447	0.56248873	-0.5594501	-0.5069853	-0.38217998	0.4221641	-0.07895697	0.7823024	0.066408314	-0.4421037	-0.44693246	-0.110378265	0.35771236	-0.03891127	-0.067248605	-0.6596898	-0.24681094	0.39430922	-0.1425928	0.32773682	-0.17990644	-1.0781468	0.41539642	-0.41992703	0.35082036	0.5568753	0.2844338	0.17484751	0.6493384	0.41834107	0.09476585	-0.048715945	-0.1600621	-0.08527095	-0.33254668	0.21945998
0.40562323	0.30485353	0.09354678	-0.19938704	0.52424777	-0.75583106	0.21110053	0.9415651	0.5686226	0.08187994	0.18295099	-0.036666002	-0.09152874	0.13771571	0.25648564	0.33977664	0.4443958	0.23682955	0.081254415	-0.1810864	0.19415782	0.39744732	0.30510783	0.24130179	0.54799736	0.83007926	-0.39275828	0.6870529	-0.41804016	0.08205704	0.0307501	0.059413422	-0.09410567	0.06791331	0.3628084	-0.02529909	-0.6986966	-0.6509126	0.09329461	0.20031913	0.12737732	0.15515724	0.1705722	-0.34534374	-0.48874494	-0.23848942	0.17513122	-0.24417922	-0.55691916	-0.17720759	0.19653983	-0.3823059	-0.95665836	0.8997073	0.4972723	0.4455377	0.32607597	0.3750319	0.07084418	0.8071941	0.19300035	-0.1307998	0.45213765	0.51450616	-0.48024103	-0.5083237	0.13832366	-0.18603979	0.05500158	0.6969797	0.19742191	0.5227785	-0.29533106	0.016891034	-0.20054184	0.20123367	-0.05829871	0.35767925	0.4670439	0.36419672	-0.5570061	-0.28681263	0.10523118	0.21518582	0.12568128	-0.77529126	0.22966988	-0.49494782	0.19775908	-0.008231562	-0.1767594	0.09967607	0.14052504	-0.15485865	0.44545597	-0.4715753	0.10489035	1.0217631	0.0371384	-0.7767243	0.74074334	0.4593422	0.57380503	-0.28000233	-0.13630696	-0.11591892	-0.80645806	0.005013093	-0.15265588	0.13737778	-0.26073986	-0.22681537	-0.04889466	-0.17140636	0.16777901	-0.042822786	-0.22207719	-0.71360195	-0.06768657	-0.1361298	0.06978282	-0.0457709	0.42533547	-0.285194	-0.30372402	0.23820019	-0.24747069	-0.4139638	0.07566316	-0.2621911	-0.13365342	-0.24202847	0.60600466	-0.34114987	-0.23693317	0.31222162	0.07490485	0.4022596	0.058451645	-0.16966452	-0.06499434	0.6900681	-0.2674416	0.40491956	-0.109677926	-0.13229464	0.017791953	-0.0726829	1.03637	-0.06144536
-0.31694543	0.58860373	-0.2902741	0.3940922	0.049592666	-0.16503543	0.48397714	-0.07149239	0.009737562	0.43826494	0.6085563	0.6041422	-0.10938075	0.19328031	0.087516904	-0.7579969	-0.060631957	-0.25503397	-0.056543592	-0.20436434	-0.33970973	0.04566144	0.13553107	0.12127519	0.6069958	0.32905555	-0.3886261	0.100273095	-0.23622634	0.11114665	-0.11817841	-0.8129233	-0.60001594	0.055058233	0.34136304	-0.5618658	-0.058559027	0.03869729	-0.022507785	0.023828955	-0.07679268	-0.27067736	0.17173463	0.060539227	0.2501935	0.10114721	0.11757509	0.07122281	-0.64919263	0.23406282	0.13880543	-0.46420395	-0.5006078	0.028189726	0.10072909	-0.13481344	0.3681928	0.29828697	0.2430734	0.040340655	0.21827021	-0.07200522	0.14247963	-0.2675334	-0.9838748	-0.23406152	-0.052652806	-0.15132807	0.344103	-0.097915165	-0.40442568	-0.49675146	-0.6304255	-0.21419202	-0.5058741	0.13566867	-0.05515828	0.54536086	-0.1010124	-0.10963292	-0.033504747	-0.33202663	-0.020997621	0.6624452	-0.58057034	-0.13585329	0.33300307	0.40284574	-0.29489163	0.058849152	-0.60708064	0.40328062	-0.008511418	-0.8194298	0.076388605	-0.059746597	-0.21731248	0.25895578	0.8997167	0.26814935	-0.39774203	0.5184201	0.43237215	-0.16329928	0.2071896	0.26272187	0.36044925	-0.14896628	0.032820743	-0.0020768375	0.22385311	0.21119972	-0.07368049	0.22018667	0.07925715	0.20649989	-0.033128906	-0.28397405	-0.43423045	0.07200889	0.4836392	0.12570825	-0.01998727	-0.9370608	0.07191036	-0.492966	-0.31159362	0.298358	0.07697333	-0.5669503	-0.38737792	-0.20711346	0.9110025	0.053693917	-0.43531734	0.5176589	-0.6945924	0.06469939	-0.17147017	-0.6135915	0.04124925	0.34010184	0.60117626	-0.27938458	0.48125836	0.06253742	-0.1190045	0.27975553	-0.018272657	0.28138778
0.61536974	-0.35149425	0.843792	-0.061144058	-0.37214732	0.0043430817	-0.3626433	0.456191	-0.016437367	-0.32753474	-0.26422998	-0.16807081	-0.54772913	0.615962	-0.17151166	0.1039156	-0.20589913	0.037467957	0.7269768	-0.10016069	0.061920088	0.6054417	0.18163225	0.2888284	0.07969582	-0.4692014	-0.680023	-0.28379256	0.18129803	-0.10585666	0.7109273	-0.35905224	-0.7078172	-0.52569664	0.303616	0.26356164	-0.6797206	-0.5577027	-0.2117284	0.24748619	-0.3880251	0.29077652	0.19954722	-0.43465596	0.01753882	0.027703725	0.25451717	0.6245435	0.15571658	-0.5267145	-0.2247912	0.35925433	-0.5754595	-0.14438559	-0.3471166	0.2827039	-0.015789252	0.1983942	0.15595764	0.42868218	-0.24435572	0.30172393	-0.38170865	-0.13858141	0.06582138	0.6581345	0.04683016	-0.594048	0.10391115	0.31830284	-0.28232676	-0.16489728	0.20992108	0.62388414	0.24388316	-0.102888614	0.20744835	0.11805701	-0.11958099	-0.020107122	0.1730102	-0.67535585	0.29015115	0.5744542	0.16668263	0.27067545	0.72434014	-0.7297838	-0.29868466	-0.59575814	-0.53601253	-0.021008417	-0.34456396	-0.22127655	0.26386642	-0.4450978	-0.85469145	-0.21603252	0.5964171	-1.0973865	0.6579846	-0.39347002	-0.21605505	-0.050658144	-0.23889543	0.11703959	0.4381671	0.039586134	0.026821945	-0.24189274	0.18559852	-0.3579851	-0.15474895	0.7661384	-0.046710353	0.18479176	-0.32442603	0.24021423	-0.03386213	0.62416005	0.6116572	0.5083354	-0.5500028	-0.52007806	-0.041444644	-0.2644336	-0.5390203	0.005411299	0.25542155	0.2924416	-0.5038584	0.24626306	0.20505767	-0.4531658	0.060281664	-0.42174324	0.22211798	0.64151293	0.24884349	-0.43807605	0.025387464	-0.4039835	0.57210267	-0.32687467	-0.053491287	0.08390666	0.41411635	-0.09809695	0.44756472	0.3373128
0.03138369	0.34084475	-0.48342693	-0.6062453	0.09955702	-0.90667725	-0.49686748	0.21408774	-0.69853705	0.51994556	0.8622939	0.027222367	-0.33704695	-0.04058412	-0.21673104	0.09347305	-0.11103273	-0.015012248	-0.14654054	-0.033997074	-0.487519	0.32791832	0.33226785	0.5836757	0.24093294	0.08015061	-0.14160147	0.6581158	-0.2469217	-0.14786099	-0.3362966	-0.008292613	-0.051393513	0.21626323	-0.07141139	-0.33255506	0.7721377	-0.18707523	0.2851684	-0.049319938	0.37536776	1.10625	-0.09840029	-0.591507	-0.19250546	0.5054521	-0.69132143	0.4238242	0.56491464	-0.5346013	-0.45336336	-0.19987354	0.44209597	-0.24374862	-0.020219127	-0.035080686	0.9524091	0.55636364	0.34703782	0.28201658	-0.14294	-0.09748591	-0.23799476	-0.19451648	-0.6426604	0.36580727	-0.058816582	-0.71453506	0.02271619	0.18497935	-0.13358556	0.36373594	0.4261171	-0.670553	0.06395929	-0.86665016	0.66787827	-0.17578624	-0.27359387	-0.13883275	-0.46230456	0.09649107	0.52039057	0.36381963	0.038745318	-0.59834474	0.5321626	0.28637657	-0.36932057	0.24191281	-0.14444062	0.28870544	0.12971869	-0.6100502	0.6422634	-0.31733406	0.064507045	-0.27892017	0.6087788	-0.7698554	0.10699141	-0.01879469	-0.382471	0.2448279	-0.10382566	0.34971377	0.08845195	-0.5093427	0.8505523	-0.23018481	-0.47251606	0.5264022	0.06737047	0.23867296	0.37213838	0.08096297	0.28711897	-0.58199406	0.27227095	-0.6722025	0.10534775	-0.3845905	0.2636402	0.2660545	-0.24580462	-0.24351123	0.3522055	-0.03547831	-0.10081403	-0.6162952	0.2471184	0.08252417	0.25000662	-0.38094556	0.044661462	-0.26347083	0.0075985338	0.0125179	0.39684474	0.164967	0.006042999	-0.27893543	0.23703289	0.13129652	-0.38313538	0.7289919	-0.10699259	0.03614764	0.1997395	0.41036937
-0.26374835	-0.41265795	0.24553317	-1.2540178	-0.43984613	-0.38947195	0.2451786	0.16874884	0.014051451	0.17907305	-0.06625925	-0.17030661	0.30888328	-0.242684	0.30901247	0.23203593	-0.10786435	-0.19017453	-0.23357211	0.7908321	0.10483402	0.35688218	-0.033586137	-0.07013013	-0.15384735	-0.12265752	-0.5181582	0.14534058	-0.040413562	0.53937984	0.53356946	-0.36609367	0.09162596	-0.3684773	-0.6923643	-0.3296989	0.037782207	-0.5053162	0.17652118	0.6339766	-0.57867616	-0.07681889	-0.02148337	-0.23014984	0.37398285	0.2174938	0.29472154	0.13568021	0.06893562	0.12295891	0.38159955	-0.10032492	0.52130556	0.6952937	0.04198625	-0.28991517	0.50059295	0.8284106	-0.5284196	0.23729692	-0.36762416	-0.108863555	-0.23600937	0.7239984	-0.2209076	-0.1716796	-0.40618905	0.17266084	-0.57440495	-0.40626442	-0.23233204	-0.82506883	0.17478703	0.37155274	-0.25309098	0.3166502	0.7719058	0.46987626	0.28542468	-0.11005872	0.13701677	0.23463714	0.16598697	0.3773515	0.16526893	-0.40378928	-0.3102489	0.14157243	-1.0128274	-0.25992385	-0.020259354	0.038217936	0.18876408	-0.16038097	0.32634968	-0.5484716	0.5138484	0.25471386	0.76611674	-0.24460565	0.04816762	-0.20810772	0.026057659	-0.47511712	-0.18035461	0.08889677	-0.23258877	0.016598908	-0.01956793	0.032198556	-0.03383889	0.18181133	0.007340008	0.15230916	-0.32575792	-0.15430261	-0.2359763	-0.82931894	-0.11707001	0.26654527	0.3926149	-1.0214043	0.32597414	-0.6265599	0.52872485	0.24968196	0.8113973	-0.5324377	0.23837951	-0.571906	-0.29235697	-0.14742069	-0.15110771	-0.11005954	0.0012222861	0.50909746	0.5732348	0.76221544	-0.12561463	0.42298537	0.14395726	-0.34194383	0.07501332	-0.2250439	0.26576766	0.49034768	0.44861695	0.17805798	0.21211731	-0.5023572
-0.15126565	-0.6799196	-0.4139324	0.15423883	-0.6144437	-0.24829131	0.22858639	0.6178329	-0.16927904	-0.18223828	0.63233465	0.15906902	-0.4061079	-0.16811047	-0.575735	-0.4426447	-0.029464597	0.048622094	-0.37916526	0.5122438	-0.47364053	-0.054055158	0.2630019	-0.3221411	0.0068141483	0.38940316	-0.35630453	-0.00090720697	-0.3033613	-0.30809805	0.19785239	-0.2535225	0.032253996	0.5802829	-0.50578344	-0.25598162	0.5658553	-0.8068716	-0.073880434	0.15725218	-0.06958373	-0.1737325	0.48764986	-0.46528524	-0.008673577	-0.44203278	0.17861481	0.5191934	-0.60218817	0.6955185	0.09762328	-0.59531635	-0.72155654	0.065064885	0.44063818	-0.63479257	-0.04105275	0.18166648	-0.52148926	0.5373308	-0.32438478	0.35469222	-0.6570748	0.19171932	-0.0055361255	0.26543882	0.5193608	-0.45911968	0.117335394	-0.08297929	0.17286162	-0.19802974	0.24004237	0.5045658	-0.20610261	-0.166738	-0.7989191	0.3360538	0.403247	-0.7106598	0.25485817	-0.28025076	0.15353426	0.19777922	-0.073671944	-0.20857324	0.37152216	0.09697692	0.3277914	-0.26346615	-0.13980451	0.29575053	0.37316176	0.11714704	0.61534435	0.06523668	0.82815105	0.2822874	0.5768888	0.5415548	-0.21863052	-0.50189954	0.0020353897	-0.4420673	0.034418702	0.045538645	0.41489744	-0.0055973413	0.039139673	0.20363195	0.16546431	0.30162808	-0.11907242	0.302535	1.2027812	-0.04998886	0.33767015	-0.33148223	-0.009996097	-0.37137407	0.36090624	-0.14613737	0.48797458	0.22778857	0.11738512	-0.41172078	0.27012458	0.29085156	-0.24495754	-0.0019039798	-0.5210971	-0.24862982	0.06913397	-0.17901841	0.48350835	-0.59414613	0.6040337	0.598763	0.42449343	0.3273276	0.43936247	0.17274486	0.47732523	-0.34140608	0.13652024	0.5973708	0.13216332	0.13396558	0.08883307	0.087694116
-0.0013873106	0.17799851	0.06890883	0.30417207	-0.3681824	-0.7823329	0.31744552	-0.0902269	-0.5601325	-0.33802548	-1.0134256	-0.057668492	0.49485183	0.25116906	0.13161378	-0.0060314336	-0.23385549	-0.07765859	0.2357017	0.6453692	-1.0484629	0.099088736	0.19540761	0.44916326	0.8630223	0.16442558	-0.35786808	0.20494992	0.25893196	0.19626372	0.23640442	-0.29793814	-0.9256297	-0.29387322	0.16317631	-0.073991016	0.7694432	-0.35135666	-0.10777674	-0.43427923	-0.46371955	-0.18809788	0.3383797	-0.14946778	-0.28199056	0.31765768	0.54624194	0.3726631	-0.47600782	-0.20077378	-0.23408042	-0.24515292	0.88257813	-0.16225879	0.477783	-0.32726744	0.3351521	-0.06519848	-0.103943124	0.079719566	0.036404375	-0.29877782	-0.8781468	0.3458206	0.61444956	-0.406269	0.1882284	0.13195391	-0.10567065	0.27403197	-0.018694818	0.044658422	-0.53737396	-0.115552865	0.5799865	-0.8907126	-0.080781445	-0.3736632	-0.023718154	-0.033876102	0.1562087	0.4803318	-0.15917559	0.5601058	-0.1621097	-0.5824258	0.03858506	0.24922591	0.16469231	0.11724484	-0.5750606	-0.18678166	0.22152148	-0.078780524	-0.08911284	-0.30768707	0.44566765	0.5260993	0.21736868	-0.35674128	0.13701192	-0.45651743	0.09864615	0.25748375	-0.13218151	-0.07437494	-0.39464265	0.27475736	0.26822528	0.1926048	-0.1974	-0.26485512	-0.43790063	0.40720803	0.24687132	-1.4099499	-0.19947137	-0.75161195	-0.36703476	-0.08168956	0.18363312	-0.054376207	-0.15643065	-0.38579723	0.11556321	-0.20446488	-0.14670603	0.094487	-0.2293241	-0.57558036	-0.7489109	0.0032217226	-0.24824855	-0.0851321	-0.18851501	-0.020247277	0.1725295	0.4852065	0.27021998	0.79485834	-0.49549946	-0.42441177	0.036525857	-0.5473142	-0.16277783	0.015417885	-0.099845655	0.52297723	0.15573433	-0.061276294
-0.23398691	0.05493282	0.2588913	0.38436773	0.44521996	-0.29066923	0.0016231242	0.32622367	0.59578717	0.24287665	-0.41845763	0.44156566	-0.35010535	-0.65657634	0.2807793	-0.2337091	0.45396796	-0.3134827	0.19438341	0.37891418	0.31402022	0.106547564	0.25469416	0.26833993	-0.11675634	0.093659855	-0.31634057	0.21250711	-0.41204485	-0.19815674	0.25858194	0.33078957	-0.52382034	-0.15603526	-0.0923699	0.36860058	0.7551661	-0.6642429	-0.5586226	0.007029414	-0.10287032	-0.040932015	0.08440844	0.14356959	-0.5867939	-0.13324545	-0.5377066	0.31617326	0.071711764	-0.3488722	0.21346176	-0.60484695	-0.082177855	0.110397436	-0.4444608	-0.022362867	0.2224436	0.33163548	0.060770866	0.45150468	-0.9526059	-0.65348417	0.29058728	-0.14153944	0.16944107	-0.39398107	-0.03845775	-0.0440768	-0.0035565128	0.5768426	0.697814	-0.3492855	0.069096826	-0.556055	-0.7433221	-0.17768544	0.8945921	0.18554586	0.32161	-0.15817346	0.18823668	0.2585688	-0.031875044	0.67495686	0.3081874	-0.17760515	0.29408395	0.43231678	0.070566766	0.20410733	-0.15257393	-0.2198427	-0.3648692	0.41029015	0.5948418	-0.22462453	-0.1500754	0.70174265	0.2132071	-0.94099784	-0.4140767	0.124999225	0.13892424	-0.25887698	0.15541907	0.47075287	-0.24861833	0.11209965	0.13053347	-0.2161365	-0.15211862	-0.15473232	-0.64808464	0.45681936	-0.019512706	-0.28006476	0.004315619	0.35492125	-0.51920396	-0.2041576	0.54763454	0.55859697	-0.35054815	-0.111830905	-0.2844215	-0.3667685	-0.035033558	0.2262859	0.4509789	-0.36680543	-0.12858334	0.71412086	-0.4241015	-0.041265257	0.10223068	0.3026359	-0.3590837	-0.85679376	0.06634794	-0.24248244	0.24309328	0.39156547	0.5792706	-0.02613401	-0.08610473	0.5134422	0.32021022	-0.0040784064	-0.11444707	-0.52381605
0.24798456	0.07103395	0.21534577	0.090230785	0.06747632	-0.2610965	-0.32146004	0.6301717	0.22070415	0.113662	-0.369833	-0.067120925	0.52936226	-0.97943896	-0.16107379	-0.4396839	-0.22616932	0.05334366	0.024645707	0.22271779	0.101318695	0.50526714	-0.5239891	-0.085771956	0.3060755	0.87760216	0.55356896	0.41200155	0.0628362	0.22737361	0.2608039	-0.07950019	-0.56558144	0.2583211	-0.0056398455	-0.25270706	0.23502386	-0.4813073	-0.08252298	0.69583344	-0.026129987	0.15627584	-0.25895798	0.3114374	0.49908677	0.11962908	-0.042767882	0.6536927	-0.43072855	-0.039370604	0.59635293	-0.047037475	-0.37527275	-0.02522045	0.3097247	-0.2996742	-0.12679535	0.09299103	0.34190008	0.24544358	-0.15092754	-0.059451707	0.30281344	-0.38695365	-0.12106295	0.35374737	0.32139882	-1.1341323	0.26844126	0.21494117	-0.26066867	0.50450814	-0.010758759	0.34618497	-0.19377483	-0.03631024	-0.31623977	1.0235798	-0.18187866	-0.36285514	-0.14196998	-0.38064602	-0.15157057	0.55502087	0.39855802	-0.6941116	-0.5395357	0.30956912	-0.05965763	-0.3656728	-0.4820984	0.21908526	-0.5655668	0.07080473	0.5004043	-0.38059586	0.047505308	0.48694614	-0.3414447	-0.706627	-0.07845311	-0.04417219	0.80501133	-0.96036303	-0.93145776	-0.41447034	-0.090207525	-0.44561517	0.54282016	-0.055144694	0.7833947	0.33760938	-0.6662455	0.12366346	-0.33856636	-0.03853219	0.19353518	-0.21019761	0.08162846	-0.06942336	-0.07958621	-0.06196847	0.3710797	-0.78782153	0.070142634	-0.032294437	-0.15822615	0.07566761	-0.23891835	0.1151013	0.06808989	0.18784925	0.21728928	-0.27651557	-0.6623913	-0.015136714	0.20480049	0.05353395	0.2962855	0.20528944	0.63599235	0.24118549	-0.16826075	0.11044989	-0.614951	0.1757433	0.07310194	-0.57669127	0.2802821	0.19072524
-0.50963736	0.1337924	-0.06415304	-0.33848315	-0.56267846	-0.20562096	-0.68724924	0.7970034	0.2056867	0.13052392	-0.1210094	0.33598867	-0.37143484	-0.0075453655	0.19223034	-0.028905554	0.29670644	-0.6936669	0.063563585	-0.15682387	0.28328812	0.22494622	0.25369117	0.48677322	0.6484689	-0.037979618	0.3757476	-0.34182024	0.09798243	-0.104171544	-0.22014044	-0.25431952	-0.07229369	-0.9110499	0.22770151	0.6593928	-0.4424443	0.36207697	-0.5996717	0.57770634	-0.4393525	0.4171048	-0.061862245	-0.16940497	-0.07793751	0.6303812	0.3677984	0.74068993	-0.14387052	0.447835	0.36565566	-0.0047362647	0.09941934	-0.281524	0.5968516	-0.23136163	0.20011188	0.073940136	0.11578188	0.3532328	0.16600102	0.009473033	-0.3782468	0.18641126	-0.4811495	0.7621079	0.33424887	-0.23386617	0.3071189	-0.38037392	0.22548412	-0.33894256	-0.6707929	0.3383297	-0.33723053	0.090921566	-0.09733101	-0.107281536	-0.08407448	-0.67806965	0.5498143	-0.58305544	0.6807767	0.10365143	0.4099834	0.014721592	0.49628016	-0.330277	0.48994732	-0.40293738	-0.40679768	0.07586328	-0.42437688	0.26697248	-0.06852538	-0.05712359	0.009380859	-0.22863713	0.19280177	-0.88800526	0.42431235	-0.27924213	-0.055212364	0.32225198	0.0036222704	0.05853704	0.2063515	-0.030194059	-0.031070918	-0.5844903	-0.2744459	0.10939539	-0.5591214	-0.0074237166	0.18999141	-0.86008507	-0.19850941	-0.0046671852	0.4710998	0.08292033	0.4314918	-0.5804715	0.48934653	0.0025986577	-0.20504853	-0.3791003	-0.31452617	0.18789667	-0.6582129	-0.0013449588	-0.41272983	0.24550706	-0.11728231	-0.4170643	0.012354055	0.5457529	0.22842406	-0.25847626	0.29954168	0.3357073	0.18404353	-0.18878566	0.24965762	-0.035027016	0.11640245	0.45401707	0.1830684	-0.14770876	0.33639625	-0.41797566
-0.3848601	-0.6173048	1.0292405	-0.029951226	-0.27521014	0.25017264	0.8386465	0.37275684	-0.25693664	0.048969623	-0.13500811	0.19964527	-0.30453724	0.36975926	-0.047993336	0.017250026	0.09481235	-0.26599324	-0.18513268	0.060850393	0.3180283	-0.09791955	0.16928028	0.4159694	0.32753614	0.69642735	-0.27405286	-0.05058032	-0.13078904	-0.056333106	0.534661	-0.08617511	0.49244267	-0.35511738	0.2783017	0.26899314	-0.28373417	-0.50385964	0.13516358	0.104755804	0.018616455	0.07783067	0.32634392	-0.2460586	-0.18510322	0.5101434	-0.22247998	0.33753496	-0.22159068	-0.49843022	-0.52892363	0.45462856	-0.034054905	-0.11550152	-0.14900304	0.41120455	-0.24678773	0.012691713	0.27215955	0.88280445	-0.40416974	0.055662885	0.3674082	-0.18032257	-0.50157464	0.4021134	0.85339504	0.17018048	0.57068145	0.65739435	0.13062105	0.47761977	-0.8021591	0.19908094	0.16539054	0.10008454	0.43673488	0.7689227	-0.044424694	0.21032792	0.23828107	-0.16052057	-0.25952378	-0.26598644	-0.45636144	-0.49651968	-0.57945895	-0.16438365	0.3047795	-0.26523954	-0.5772341	-0.3727068	0.017251652	0.13944101	0.34576172	-0.10879526	-0.2819874	0.29221806	-0.4804511	0.33577856	-0.25488183	0.21098916	-0.018384948	-0.2105832	0.15572777	0.090810485	-0.035632264	-0.69523144	-0.050841298	-0.16538075	-0.45648003	-0.13231957	-0.16131464	0.17555022	0.7251382	0.113458194	0.31406432	-0.32672927	0.27428958	0.45294714	0.52550626	0.22414589	0.23843594	-0.36112678	-0.11850946	-0.11465089	-0.010830968	0.11304617	-0.44607797	0.40030497	-0.39348447	0.040168658	-0.050840043	-0.6640581	-0.24894573	0.9989922	0.10680221	-0.107058905	-0.1505391	0.06721623	0.6185314	-0.36032838	-0.031500924	-0.28696778	-0.67094797	0.050226264	0.15044083	0.17314704	-0.44562572	-0.24758042
-0.53197867	0.050672963	-0.14011402	0.41422698	0.6918882	-0.084001616	0.37389633	0.21798488	-0.6937114	0.09488707	-0.14312124	0.84917766	-0.12331577	0.43156064	-0.25776356	-0.4984426	-0.10553013	-0.2969413	-0.07067236	0.06213528	-0.25166675	0.06984623	0.33851272	0.38823947	0.11075617	0.16046382	-0.3385829	0.32865545	0.14818467	-0.22877486	-0.07159236	-0.21423078	-0.17615691	0.08777079	-0.35518348	0.18482378	0.11562438	-0.4069721	-0.40872768	0.8938359	0.5212551	0.26593798	0.48842382	-0.19272053	0.19993316	0.22352512	-0.070562094	-0.37878066	0.20359041	0.087694496	0.05567408	-0.10862035	0.5512978	-0.64163023	0.038652692	0.38829616	0.24421293	0.5973399	-0.46791154	0.4723727	-0.7140955	0.05172903	-0.8498194	0.09581561	-0.034644466	0.21644749	-0.15385133	-0.3974011	0.35973948	0.0403057	-0.20475267	0.19439496	-0.08301448	0.029488945	-0.6359101	-0.87662905	-0.8024145	0.3503321	-0.6710531	-0.052382648	-0.62560695	-0.60244817	-0.5825495	0.7460353	-0.17305604	0.2173879	-0.41068888	0.13457868	-0.27561677	-0.18824172	-0.20145856	-0.10321003	0.13028462	-0.35643443	-0.09726359	-0.16409665	0.13634169	0.24639176	0.20913815	-0.60914725	0.25069147	-0.9628546	0.07912425	0.1201472	0.22775573	0.09968427	0.14440548	-0.29099727	0.5297716	0.57446635	0.20748961	0.21026452	0.017721182	-0.28903833	0.103790045	0.3610316	-0.29226184	-0.14096902	-0.025172183	-0.0045972574	0.70197	0.1855475	0.079471014	-0.45571712	0.20582065	-0.57821447	-0.21001837	0.104923844	-0.98749137	-0.23802394	0.18641685	0.28710932	-0.244777	0.32874703	0.70737803	0.2998995	0.16254954	-0.28327775	-0.14711677	-0.5511464	-0.03619893	0.09484706	0.47514722	-0.33470282	-0.07763828	0.46201676	0.34368867	-0.22076839	0.50384325	0.22832382
-0.26153007	-0.17354642	0.27523872	-0.7316492	-0.28578004	-0.093030214	0.019999903	0.036173176	0.245851	0.412784	0.06345291	-0.64862376	-0.522561	0.43397883	-0.056187566	-0.067004554	-0.020627614	0.16776323	-0.37435895	0.39751098	0.21078631	-0.08236008	-0.20352627	0.08388056	0.40858	-0.10477508	0.5567264	0.3818789	0.43695155	0.06465787	0.16643491	0.070210785	-0.3173604	0.39642963	0.39935732	-0.10986408	-0.10828675	-0.16548114	0.5153122	0.3598273	-0.28586414	0.12802379	0.1906243	0.794604	-0.29560158	-0.1375964	-0.08986493	-0.62016064	-0.15808794	-0.68133307	0.068533584	0.19057791	-0.62663734	-0.59031355	1.217141	-0.27526826	-0.1822133	0.38334236	-0.26687345	0.8417952	-0.13283227	0.28190342	-0.2436837	0.20076083	-0.6390312	0.52828133	0.50886875	0.23181763	-0.4260685	-0.17511952	-0.10777211	-0.0017310311	-0.4101272	0.15394601	-0.73683137	0.24961583	-0.30434704	0.116967194	0.3970137	-0.28482717	-0.16190378	0.68815845	0.3004861	-0.6748645	0.36096045	-0.44653693	-0.10508623	-0.37937918	0.3370351	0.20926824	-0.34159267	0.23786826	-0.032997023	-0.6643474	0.40230086	-0.24206915	0.23445305	0.5704408	0.3718801	-0.6767785	-0.14309146	0.4772169	-0.00056022377	-0.5114593	0.13341989	0.104539335	0.2406921	0.30736968	0.5443518	-0.23532456	0.5125359	0.18218985	-0.4146879	0.42073378	0.4545538	0.14106508	0.1204311	-0.40734625	-0.37877488	0.1392411	-0.3449411	0.53211343	0.053790823	-0.09968503	-0.034559518	-0.23239945	-0.6293188	-0.042174328	-0.067104794	-0.7571893	-0.39512902	0.01647094	0.041241888	0.24893878	0.017607037	0.27741888	-0.13450742	0.20619075	-0.4736426	0.14217009	0.064777784	0.22576435	0.26970825	0.20814349	0.3345833	0.6104461	-0.13335346	-0.13834563	0.036870137	-0.16700023
-0.226071	-0.108568154	-0.103315495	-0.15664402	-0.23896666	-0.32121372	-0.68522567	-0.1670488	-0.24748197	0.18315619	-0.44882983	0.5411463	0.11880805	-0.25231698	0.028673077	0.111046925	-0.35930097	-0.040628213	-0.04663609	-0.45607525	-0.48938268	-0.49402335	-0.8682153	-0.045480616	0.0071544675	-0.15625307	0.020013502	-0.47247463	0.0813364	0.24965928	0.095262155	0.15906239	-0.22438774	0.14235039	0.038749117	0.06650982	0.13231799	-0.19911663	0.09194924	-0.07866113	-0.34039995	-0.5800169	0.1759227	-0.14698406	-0.3106424	-0.057704095	-0.004589556	-0.29700395	0.04215788	0.033750474	-0.43999177	-0.31468895	-0.3663688	0.49897352	0.21917923	-0.011150938	-0.1454251	0.32572988	0.5656226	0.5003868	-0.06366656	0.36983472	0.2787357	0.109997585	-0.031869322	-0.52974904	0.4717677	-0.07397504	-0.3482719	-0.24082045	-0.37423837	0.599454	-0.18302509	0.32569945	-0.062886454	-0.48802975	0.2745442	0.26287276	0.39191216	-0.23258896	0.33624953	-0.10570836	0.3840725	0.17879029	-0.44117317	0.11827693	0.22491942	-0.87312	0.3364014	-0.4803873	-0.8567594	-0.23747483	-0.71549463	0.1246397	-0.26010215	-0.37266383	-0.002956838	0.0077788746	0.12738553	-0.2102064	0.14044885	0.032569792	-0.40126932	-0.1836573	-0.43885022	0.7895964	-0.17588146	0.2730944	0.23599312	-0.21152677	0.39386693	0.14936131	-0.39220253	0.038066156	0.0047449768	0.016003132	0.091725565	-0.06874854	-0.32625833	0.32452992	0.59120077	-0.6303869	0.037962247	-0.45088243	0.40613845	-0.27798462	0.20332526	0.46223694	0.01848565	-0.67620486	-0.13379158	0.043933228	0.07285853	-0.1644556	-0.10698833	0.98984385	0.39472845	-0.28482324	0.15320954	-0.5998333	0.38976416	-0.22930068	0.04455572	-0.2550166	-0.10288815	0.81115985	-0.53086716	0.1770396	0.6829995	-0.64971423
-0.07159935	0.045800406	-0.49926662	0.4053194	-0.20956051	0.05643169	-0.4450629	-0.10630285	-0.771773	0.39083293	0.018745912	0.32886118	0.15797447	-0.4184351	-0.112173736	0.502768	0.3210669	-0.33888143	0.08591985	-0.21197975	-0.65630925	0.6281361	0.47774345	0.23895794	-0.43274242	0.7064919	-0.036812197	-0.037430096	-0.036686726	0.18012717	-0.037369154	-0.09994662	-0.075789645	0.3632583	-0.015398118	-0.337691	-0.22886288	-0.6546064	-0.30248865	0.57641596	-0.31191292	-0.2226027	0.54098856	0.038675375	0.3809047	-0.15306206	0.37611064	-0.14857003	-0.631084	0.029641315	0.1578793	0.18713354	-0.032646693	-0.2607105	0.13395096	0.30037048	-0.3584596	0.32339483	0.13191156	0.09907792	-0.34244734	-0.22390567	-0.4189041	0.87995243	-0.46709788	0.29343638	-0.0974029	-0.24007896	0.073587246	0.31638122	0.27001768	-0.3913388	0.34782615	0.07193256	-0.45126095	0.19988872	0.34460878	0.10197104	-0.65539515	-0.6971669	0.40758568	0.3309073	0.047320817	0.24737202	0.13810115	0.3529712	-0.46754584	0.17402053	0.3197855	0.15490757	-0.5371406	0.18169934	-0.03511789	-0.033298995	0.18506758	-0.022957096	-0.022127638	-0.34290972	0.30658042	-0.115151495	0.44313827	0.18258882	0.3284695	-0.22740558	0.64013875	-0.28586626	-0.3509251	0.20502533	0.011515068	0.7305487	0.29871798	0.2154016	-0.07686671	0.1006501	0.17853561	-0.37003174	0.076388955	-0.87772685	-0.05385253	0.14656731	-0.021628777	-0.6546575	0.6590001	-0.69016266	-0.29005542	-0.30426952	-0.08371034	0.20304896	-0.013124784	0.32168216	-0.27051434	0.14354925	0.15251882	-0.40396616	-0.25678638	0.0977836	0.2270837	-0.06295884	0.13772653	0.76668334	-0.42400974	-0.3345762	0.50301105	-0.14132974	0.0008928118	0.32213622	-0.03698049	-0.15215097	-0.047489885	-0.31715882
0.47848374	-0.35007894	-0.09222727	-0.5976967	-0.2786788	-0.08351171	0.48930332	0.4061441	-0.044441137	0.06310878	0.2018686	0.41635934	0.3819082	-0.19863752	0.094907336	0.26383972	0.08363741	-0.64559686	-0.23681593	0.45586625	0.46462813	-0.31076804	0.38064006	0.19881022	0.1952048	1.0899694	0.05237832	0.08479531	0.13195221	-0.6522154	0.10695794	0.5289718	-0.25434768	0.06862295	-0.22450009	-0.29937276	-0.48374552	-0.7329452	-0.11169347	0.33287236	0.21983257	0.25695053	-0.60167086	-0.22807302	-0.19160376	-0.22531582	-0.023047423	0.15218909	0.24180229	0.54905	0.026438313	-0.09980796	0.35937554	0.43937123	0.7391708	-0.29151627	-0.09301075	0.2928852	0.06747502	0.098428935	-0.41170996	0.46049678	-0.19965461	0.15294877	-0.5583077	0.16499124	-0.01866677	0.43669707	-0.077819824	0.193814	-0.010796181	-0.10701306	0.1419485	0.103874765	-0.026497282	0.31664398	-0.7244866	0.06411767	-0.8516631	-0.50117606	-0.113399774	0.109828174	0.2504048	-0.24297354	0.0722695	0.64948916	-0.4148832	-0.2358766	-0.19435865	0.3222541	-0.7370552	0.013689443	0.29307738	-0.16476336	0.7659754	-0.19602723	-0.55024976	0.25284928	-0.16722465	0.026547248	0.0021277338	-0.46012035	0.05315737	-0.665886	-0.38885054	0.35254806	0.23542419	-0.12026934	0.19319601	0.026468048	-0.18796279	0.013863609	-0.33219188	0.03821024	0.23835634	-0.1570553	-0.38794604	-0.3901902	-0.83029866	-0.42922834	0.36094326	-0.8118583	-0.11493122	0.34529245	-0.17962651	0.037918665	-0.2289969	0.10492423	-0.16481473	-1.3595566	0.09502355	0.4547821	0.92773116	-0.44920778	0.4571768	0.09044098	0.055855937	-0.16029944	0.3977259	0.27775297	0.1318616	-0.40668777	-0.23179802	-0.08138684	0.6030064	0.24303937	0.70266366	-0.14481156	0.018121112	-0.4225474
-0.10660395	-0.20547624	0.016776139	0.015554997	0.32545534	0.5833716	0.31723014	0.023517353	-0.06399125	-0.16362384	-0.0026008175	0.09421819	0.29427475	0.2870363	-0.10138272	-0.34316468	-0.2635202	-0.06643491	-0.21697876	-0.36833873	-0.67135984	0.0380599	-0.2766267	0.41231585	0.37918794	0.38186088	0.8241847	0.05257261	0.9415283	0.028683139	0.72797185	-0.137828	-0.3206879	0.17430331	-0.6872137	-0.50996137	-0.086884946	-0.3732396	0.45447585	0.17094555	-0.7007052	-0.6735354	0.59319043	0.028098641	0.12118459	0.7642708	-0.014529312	0.2618441	-0.2428739	0.051741347	0.6400524	-0.2770473	0.23351415	-0.5703868	0.297045	0.67802954	0.5420438	0.4574914	-0.29205596	0.44723123	-0.24875146	0.26876992	0.1250262	0.33363074	-0.33645102	0.27947792	-0.009217003	-0.4457542	-0.12966001	0.5214744	0.08187446	-0.1237583	0.49824935	-0.3189585	0.13664062	-0.07358506	-0.6865617	0.19517043	0.055034157	-0.74272144	-0.4397172	0.05027513	-0.07961838	0.12707663	0.3633809	-1.0928452	-0.08529481	-0.0939331	0.31307113	0.027202869	-0.36968488	-0.088262916	-0.07312439	-0.0835938	0.6956808	0.19449107	0.26960567	0.24662486	0.65350676	-0.88344014	0.114225596	-0.040206302	-0.075345606	0.21243575	0.16775404	-0.23815309	0.35314882	0.014504918	0.05372352	0.7458521	-0.3768908	0.13739921	0.0026524547	-0.24896425	0.42162833	-0.27871522	0.34987512	0.19148965	-0.008684381	0.2282381	-0.21841344	-0.44652793	0.08446793	0.019130915	0.3598686	0.04488512	0.07135227	0.28297126	-0.13640073	-0.865388	0.15701792	0.6095095	0.7875349	0.11931251	-0.19851293	0.2169883	0.71637315	-0.15563138	-0.17144845	0.23023613	0.21263897	0.05699884	0.27329212	0.38928765	0.6015633	-0.29608208	0.6790376	-0.5201665	0.9355392	0.025724506
0.4817379	-0.114189625	0.3715902	-0.32438016	0.20171347	-0.25951377	0.37931725	0.09229367	0.73857874	-0.39665037	0.022866206	0.6718164	0.4943145	0.27993572	0.2945787	-0.39274913	0.10482396	0.24963227	0.15713198	-0.36964113	-0.075236574	0.53402025	-0.45142284	0.4077723	0.15099679	0.24913621	-0.28341928	0.34388712	0.2755624	0.3035431	-0.016051427	-0.3318622	-0.6364737	-0.09327038	0.67043614	0.04433535	-0.0025299052	-0.52814895	0.64150035	-0.39537436	-0.14245932	0.46504968	-0.1581708	-0.7017736	-0.16426907	-0.046326127	0.21781825	0.6193207	-0.5831613	-0.67739135	-0.26569626	0.06897039	-0.63570267	-0.4398303	0.3006833	-0.16029742	-0.67026454	-0.051401902	0.05589759	0.0067457445	-0.27386764	-0.6766555	-0.2762109	0.26428762	-0.12375707	0.14802085	-0.12242522	0.32828864	-0.20514324	0.44312128	-0.5073254	-0.4053197	-0.56903756	-0.054320417	0.08477774	-0.25602496	0.2716578	1.0255293	0.2179536	-0.3849523	-0.2950386	0.38601565	0.65232855	0.52830905	-0.42450267	-0.5332851	0.35532314	0.36766222	-0.119761206	-1.3239452	0.15221865	0.1322707	-0.2849387	-0.18807526	0.024947988	-0.4132201	0.17404525	-0.11156226	0.5530204	-0.09721011	-0.115668334	0.8361494	0.09119636	-0.15957695	0.43331227	-0.44262257	0.24035028	0.12027328	0.34325448	-0.3312934	-0.588208	0.35294914	-0.38537815	0.49426046	0.17973682	0.12273649	0.06938809	-0.4718463	-0.19721119	-0.34133422	0.27087784	0.6428061	-0.05710491	-0.5302598	-0.31915328	0.14932632	-0.38763663	0.33008754	0.28368223	0.068707794	-0.7892461	0.17939721	0.025885202	-0.074145034	0.2188738	-0.27307862	0.65471935	0.523783	-0.33740604	-0.09406548	0.47672492	-0.20476493	0.5471498	-0.19854537	-0.3581134	0.28195494	0.31689578	-0.27373195	0.091821626	0.27035883
-0.3963792	-0.6715821	0.021093631	-0.014859395	-0.3533335	0.028464768	0.17633963	0.49368674	-0.7263083	-0.21784228	-0.16268906	0.48102507	-0.08809695	-0.227667	0.35164738	0.18566425	0.4954184	-0.037499838	-0.23079894	-0.20352596	-0.08369366	0.4615303	-0.55064523	0.19920069	0.6097195	0.6220086	0.15964411	0.16363141	-0.27346393	-0.014785991	0.50530565	-0.004839172	-0.0008217163	-0.18411635	0.16301665	-0.1667154	-0.06387846	-0.5617857	0.054772165	0.062494107	0.46666583	0.6368474	-0.08005281	-0.1878253	-0.7560602	-0.0037984985	0.14349319	0.22431435	0.040069066	0.016558005	0.13158697	-0.54371154	-0.49970835	-0.08643942	-0.029856732	0.09018538	0.20712844	-0.23708527	-0.5402751	0.27659404	0.4945157	0.030860122	-0.4972352	-0.18234786	-0.15560722	-0.17058592	0.58632386	0.49370572	-0.11891485	0.04789881	0.6680617	-0.32002723	-0.099799454	-0.33121386	-0.06150312	0.21696287	0.04101231	0.24694964	-0.24411173	0.22106484	-0.027150998	-0.26068	-0.22719364	0.40275905	-0.075686194	-0.07465101	0.046609078	0.338649	-0.46597335	0.09454841	-0.0053345826	-0.017234594	0.0010052475	-0.59473467	0.3140677	0.016597714	0.119704545	0.5978986	-0.09852455	-0.2684926	0.39016938	-0.69432306	-0.09750809	-0.09917269	0.09672537	0.06397657	0.46968254	-0.72592944	0.08679304	-0.011096628	0.19201204	-0.038447287	-1.0950781	0.080534756	-0.064189464	-0.10739769	0.24269249	-0.1333941	-0.090779625	0.3006484	-0.028087098	0.07583518	0.69408965	-0.35568136	-0.42508462	-0.13866939	-0.016005961	0.11183704	0.14138451	-0.033034567	0.13713992	0.22772199	0.4323954	0.70239806	0.43216768	0.9402118	-0.072337955	0.59680486	0.32094604	0.58136904	-0.15511438	-0.10439781	-0.17364387	-0.49489382	0.20286383	0.1691538	-0.61837333	0.4244025	0.23076527	-0.43242782
0.40157178	-0.6203308	0.034437463	-0.1817288	0.27635273	0.17926475	0.04954519	-0.14331767	-0.067709	-0.04259258	-0.16572316	0.3223703	-0.119362906	-0.72455	0.33503145	0.32316384	-0.20159765	0.1351776	-0.35514805	-0.07538286	-0.5189173	-0.03776917	0.05334701	0.20459832	0.41538543	-0.17946844	-0.36065257	0.3948341	-0.27363303	0.4432276	0.46857938	-0.2971456	-0.15721451	-0.022890745	-0.35429442	0.27884933	-0.530644	-0.5844186	-0.48366326	0.8325102	0.22639011	0.32133245	0.3685591	0.31899452	0.13476245	0.1488846	0.16034165	0.36592588	-0.49047703	0.3468423	0.010446759	-0.29412004	0.307846	-0.0039162664	-0.0033873096	-0.3427608	-0.05328287	0.75886	0.2080178	0.4356211	-0.2287251	0.24659991	-0.72789127	-0.039709784	-0.6283907	-0.16725953	0.06465171	-0.59831023	-0.07531424	0.031996243	0.13309717	0.02239855	-0.32489508	0.63824683	-0.7631903	0.18249665	-0.27287626	-0.12942459	-0.005517757	-0.27017736	0.043432333	0.23567025	0.040266484	-0.6038361	0.18055415	-0.4054473	-0.4949683	0.2395779	-0.18108745	-0.12739167	-0.4259867	0.60240436	0.1421272	-0.69823277	0.32796735	-0.13840349	0.03848696	0.3446727	-0.030405344	-0.6088549	0.104227796	-0.30568638	-0.5662289	-0.12780896	-0.22807589	0.6648319	0.1786858	-0.16150829	0.04135772	0.118936785	0.046828937	-0.4574741	-0.32085162	0.050292257	-0.14411008	-0.5757447	-0.036542334	-0.23427568	-0.30414826	0.27777117	0.004091269	0.17411253	0.67736316	-0.2694057	-0.6011355	-0.07073309	0.026714109	0.26089603	0.13683294	-0.18416095	-0.023562377	0.641741	-0.2131412	-0.09043698	0.09849655	-0.4331384	-0.23344076	0.25572824	-0.17925403	-0.20184472	0.38186067	0.3874881	-0.23376767	-0.34862506	-0.53032345	0.01225616	-0.3023371	0.21013716	-0.67390203	0.47410592
-0.34342057	-0.6948761	0.24247882	0.33518496	-0.105307154	-0.32440066	-0.014271348	-0.0396202	-0.7217793	0.62874484	-0.5275316	0.11186678	-0.54782915	-0.73025674	-0.054436225	0.3814237	0.28190693	-0.82335347	0.19370519	-0.38702112	0.48525068	0.7525028	-0.20673913	0.2685927	0.5886458	-0.3700873	0.4533812	-0.4651126	-0.5975963	0.23238201	0.16403417	-0.3536927	-0.5491569	-0.42293525	-0.2463101	0.40860677	-0.4619452	-0.066911116	-0.25821382	-0.10142155	0.0043514394	-0.35724002	0.1591189	0.07990491	-0.019218568	0.074623294	-0.1636366	0.47686964	-0.7070051	-0.12417836	0.12773646	0.27564898	0.35874304	0.102517284	0.7308821	0.45606014	0.16260087	0.39383617	-0.098535955	-0.029284269	0.2859037	0.42390057	-0.11736794	0.65545326	-0.8156308	-0.080315605	-0.00180435	-0.7996598	0.21490023	0.057252187	0.23157728	-0.45713085	-0.232692	0.28605816	0.0015434077	-0.17197335	-0.34853727	0.34228772	0.05266484	-0.6786174	-0.6651116	0.07608835	-0.3223324	-0.046011314	0.35467878	-0.59726226	-0.12459287	0.50856864	-0.16036277	-0.40105346	-0.08597357	-0.2200491	-0.083964854	-0.69233954	-0.002330715	0.39302176	-0.24952596	0.25743094	0.026576573	-0.26944083	0.22768909	-0.14528061	-0.14231855	-0.53651696	0.2302635	-0.70060694	0.11516532	0.28603822	-0.28521353	-0.15553059	-0.06934829	-0.59058726	-0.056440324	0.5767199	0.2820896	0.05976678	-0.37483126	0.19216035	-0.5566515	0.0522559	0.470837	-0.40966833	-0.16362365	-0.016584981	-0.55291367	-0.8088211	0.15865633	0.10231014	-1.2494965	-0.6839353	0.16725717	-0.11467794	0.014574734	-0.6279269	0.014246418	-0.08788962	0.09459693	0.43310216	-0.5381296	0.19719091	-0.03935274	-0.34793705	0.244135	-0.2913689	0.15715227	0.3157287	-0.45718253	0.2796669	0.6238536	0.46996316
0.36398366	-0.11090102	0.1437561	-0.27382538	0.015187522	-0.039221972	0.8050275	0.2575066	-0.24441801	0.342912	0.12213605	-0.3994227	0.06176441	-0.1090079	-0.4505182	0.21179718	0.014001849	0.28141892	-0.14305598	-0.12311321	-0.15517965	0.3882045	-0.43990475	-0.3532529	0.8729777	0.049824763	-0.19962959	-0.6645413	-0.12497755	0.074853145	0.22224143	-0.21975887	-0.18891053	-0.13872208	0.54673165	0.24143444	0.104247764	-0.44245926	-0.14840117	-0.30672604	0.029883431	0.19631304	0.02786802	0.31149364	-0.05826982	-0.062279735	0.8380396	0.18185952	0.08118974	0.4896067	-0.0541013	0.53844994	-0.33053374	0.54577404	-0.21928403	-0.13384524	0.31858605	-0.028416673	0.21408845	0.3582159	-0.46724904	0.2266137	-0.02462096	0.09937852	-0.3830153	0.706137	0.91463566	-0.18803418	0.05349734	0.14648084	-0.14537373	-0.12621798	-0.30467123	0.10903158	-0.17759307	-0.0010956813	-0.27063474	0.1992224	0.2719306	0.15955876	-0.18656635	0.54082483	0.21174969	0.18925828	0.5958975	-0.7570325	0.4886637	0.060143497	0.16008897	-0.6670765	-1.0808579	-0.35376254	-0.0913063	0.2275249	0.83673185	-0.45245412	0.10710433	0.15956822	0.78856885	0.3983962	-0.26634693	-0.25157446	0.08831856	0.18257803	-0.024250025	0.051956203	-0.171906	-0.14588624	-0.020406686	-0.3525319	0.20340867	0.31787384	-0.4359601	0.29450947	-0.055552084	-0.22120135	-0.115959175	0.051199336	-0.1651427	0.4686135	-0.16245455	0.0024889598	-0.09114182	0.4269805	-0.16663726	-0.47198308	-0.21091317	0.27292976	-0.24548922	0.06487894	0.2708059	-0.17132327	0.0071207886	0.17719844	0.15916495	0.2676272	-0.24366719	-0.37593836	-0.2569003	0.14711793	-0.41107404	0.10061643	0.76296836	-0.46551073	0.56772226	0.8004986	-0.37503693	0.05647589	0.38938686	-0.20427714
0.292858	-0.60493386	0.14256293	-0.46637627	-0.48627612	-0.28731677	0.12423306	-0.13475813	-0.46278554	0.022009075	-0.32971144	0.12573461	0.17688309	-0.5450068	0.046366338	-0.29845405	0.6122711	-0.216566	-0.4326632	0.014410625	0.053094458	-0.41629535	0.04287862	0.05612403	0.51377785	0.34156078	-0.36225975	0.17057821	-0.30177304	0.47223458	0.36849144	0.42952335	-0.847059	-0.1388953	-0.6937923	-0.33034316	0.25865686	-0.55713105	-0.29659334	0.04113886	0.09031617	-0.48259914	-0.25982544	0.29250744	-0.75374675	0.3526673	0.045641452	0.25163826	-0.24420144	-0.053935993	-1.1236882	0.28888896	-0.24911621	-0.57190937	-0.07567531	0.09337264	-0.37141138	0.37180355	0.030022418	0.6185394	-0.5456885	0.04795548	-0.14128946	0.4476058	-0.22154656	-0.32548693	-0.14989676	0.19833462	-0.0020673291	-0.0453668	-0.15845446	-0.37272772	-0.28037277	-0.14603092	-0.33350506	-0.3861866	0.17048065	0.36393285	0.6076888	-0.54338	-0.11262369	-0.0020085238	0.04402977	0.2718751	-0.0982148	-0.28865775	-0.27767077	-0.47975048	-0.030810952	-1.1830509	-0.28946543	-0.4591053	-0.14937145	-0.23872101	-0.007879332	-0.4742861	0.06291483	-0.4894043	-0.48245177	-0.38109922	0.060139403	-0.16044033	0.46767512	0.09550395	0.5328546	0.07606881	-0.26056498	-0.23281969	0.34580952	-0.2305836	-0.28987175	-0.4578828	0.09658543	-0.55148375	0.44735637	-0.64988	0.33922595	-0.914402	0.44768736	-0.30108756	0.2543332	-0.17250639	0.47599298	-0.2429692	0.0998032	0.21266711	-0.07366244	-0.44083682	-0.49870038	-0.25222647	-0.10346276	0.5100272	0.44383457	0.18912706	-0.10968599	0.34093863	0.1619521	0.3234704	0.23883323	-0.20022261	-0.42225954	1.0212073	0.055015586	0.31849632	0.09604871	0.3659627	0.40420341	-0.21853563	0.17197435	0.73533905
0.5444131	-0.5126753	-0.39430457	0.3299929	0.6396189	0.32287005	0.053574502	-0.24881168	-0.86380816	0.23337229	-0.0038215818	0.029264778	-0.7190504	-0.5089099	0.3023521	0.14673154	-0.015042755	-0.60823834	-0.6920715	-0.0128977755	0.2707822	0.112310305	0.20092991	0.48029953	0.83945143	1.0119436	0.34931946	-0.31707916	-0.7910215	0.037044562	-0.07837452	-0.20526138	-0.44350028	-0.14116842	0.4072133	-0.2870265	-0.096437685	-0.65726477	0.37759197	0.8052232	0.51288116	-0.6726095	-0.27314848	-0.46302113	0.27249295	1.004635	0.38535628	0.28183743	-0.051552672	0.4816824	0.035793036	-0.38792738	-0.0011112319	-0.025457589	0.6356468	0.084760085	0.20888351	0.65781844	-0.48554787	0.23845887	-1.122057	-0.29823646	-0.46321777	0.35015702	0.20633432	-0.039921265	-0.3135098	0.29713315	-0.24758437	-0.14651865	-0.15113844	-0.5113222	-0.17633815	0.14047325	0.7330568	0.2496176	-0.26582375	-0.14888208	-0.004971326	0.014446867	-0.15169038	0.4039392	0.20310362	0.6992843	-0.16438144	0.58322185	-0.08138982	-0.75781536	-0.20214838	-0.8054229	-0.21147831	-0.17634895	0.42800602	-0.62848306	-0.57854235	0.45760754	0.16022116	0.95115924	0.49954692	-0.3835278	0.21653005	0.3405501	0.4898385	-0.14170128	-0.17212866	0.59638757	0.33083937	-0.29951885	-0.13717158	0.139592	0.41298226	-0.14300284	-0.79237	0.4383573	0.39277098	0.1664281	0.28524235	-0.29837328	-0.3477269	-0.27793202	0.16837485	-0.14113317	0.057778515	-0.10141616	0.46445188	0.42135295	-0.13390967	0.23351815	0.5042965	0.60585016	-0.68553317	-0.2882165	0.65305424	-0.5144874	-0.27103692	0.0073833927	-0.07202611	-0.0068469457	-0.4727842	0.23073801	0.65257627	0.6061467	-0.39550844	0.08992822	0.10291817	0.58446336	-0.14543876	0.06405894	0.6310855	-0.7586939
0.6007754	-0.42924687	-0.1848399	-0.02472876	-0.15805459	-0.3091985	-0.48205614	-0.5315368	-0.43529323	0.38288873	-0.066267535	0.11434966	-0.22930706	0.0048036044	0.33413878	0.07694087	0.48822504	-0.3525801	0.01541197	-0.052734558	-0.029566614	0.29330164	0.42168668	0.039393056	0.22533827	-0.73442054	-0.3596602	0.0009739486	0.28416604	0.04120767	0.77784264	0.12680764	-0.04276473	0.023306528	0.8964386	0.33140472	0.30152023	-0.33413926	-0.25662345	-0.040539753	-0.7013271	-0.06612699	0.8296647	-0.8674019	-0.3572129	-0.2192676	0.14521499	-0.29153368	0.023075769	0.61233085	-0.5056377	-0.19694859	-0.4982991	0.3550302	0.28064924	-0.488841	-0.17034687	0.4341579	-0.56952906	-0.04964664	-0.87307715	0.07522932	0.51986617	0.3032127	-0.8773609	0.32292977	-0.23386557	-1.0901918	-0.06683904	-0.11244116	0.22239743	-0.5272516	-0.30537722	0.20435171	-0.34468982	-0.09083984	-0.09803619	0.6250387	-0.21400702	-0.17176794	0.20932862	0.460703	-0.6818088	0.39217708	-0.8524154	-0.47234383	-0.0840698	-0.063370176	0.56944543	-0.05773721	-0.4599313	-0.26521623	0.596133	-0.28343132	-0.11693796	-0.15760536	-0.15346952	0.9243346	0.26779777	-0.7207369	0.19984666	-0.3545197	-0.07204851	0.36872524	0.31739146	0.36089846	-0.25996003	-0.15012428	0.0039014937	-0.17117567	0.028575981	0.18760927	-0.29623884	-0.18661882	-0.2167142	-0.70524853	0.02843927	-0.21228184	0.2821602	0.24518423	0.18259016	0.19464318	-0.015237396	0.18995097	-0.013438976	0.4340156	-0.040043328	-0.32933435	-0.38600254	-0.42260912	0.004341192	0.013586445	0.42322123	-0.25530723	0.31671557	0.28546607	0.39240435	-0.17318778	0.77862626	-0.36603466	0.6923102	-0.66097575	0.2700836	0.38947105	0.06710703	0.14815482	-0.15359147	-0.029582258	-0.04799195	0.47428074
-0.49917233	-0.3786814	-0.020077934	-0.19818288	0.14342903	-0.09298279	-0.26254818	0.17518714	-0.6111795	0.63713664	0.17891859	0.22675893	0.035075128	0.07844089	-0.427299	-0.3091106	0.5390794	-0.25402963	-1.0994053	0.46098068	0.029587245	0.122767076	-0.0834143	0.030690521	0.19978331	0.40866905	-0.18578711	-0.053766213	-0.31230897	0.008580459	0.21421224	-0.25134897	-0.32563254	-0.21366045	1.083662	0.4425371	0.14078574	-0.3455203	0.17807284	0.33765474	0.60440713	0.23881467	-0.04431869	0.56702715	-0.2654407	0.6018958	0.33091342	-0.0013462768	-0.48420048	-0.2620159	-0.22637314	-0.108432174	-0.4734369	0.17770235	0.030829266	0.3807105	-0.121414326	-0.015117777	-0.34461522	-0.035189044	0.3071686	-0.10560649	-0.36017624	0.28517777	-0.4279542	0.36229756	0.56010246	0.18159582	0.07433826	0.14649372	0.3801197	-0.16109334	0.19027832	0.3580347	-0.31032214	0.41624498	-0.3960331	-0.48273623	0.13730913	0.06919144	0.17881317	-0.45848122	0.38344732	0.09730497	0.29776657	-0.37099412	0.2571825	-0.118638255	0.2542747	0.15786766	-0.13160339	0.009671526	-0.42513424	-0.19092602	0.64189893	-0.055410944	-0.35016125	-0.12101073	-0.028630529	-0.47375783	-0.11921458	0.3223369	-0.5550009	-0.6529942	-0.6242871	0.49442917	-0.17147519	0.025038496	0.7047955	0.64520144	-0.594788	-0.44087014	-0.329533	0.5552967	0.004450589	-0.52261937	-0.20660672	0.061818194	0.6630963	-0.4072633	-0.28979212	-0.0487716	-0.7709129	0.14817293	-0.27553847	-0.70382917	-0.8299187	0.17823832	-0.7847235	-0.9992354	-0.6112364	-0.31784838	0.69291234	-0.075213574	-0.15012267	-0.11123016	0.11828764	-0.67823476	-0.05732577	0.20536034	0.038806528	0.3839206	-0.039625447	-0.46102604	-0.6609787	-0.024513436	0.31776983	-0.22336505	-0.02354193	-0.48416442
0.18230528	-0.16119292	-0.20681995	-0.40451062	-0.11533328	-0.06152653	-1.0215604	-0.88869953	-0.64833176	0.27869037	-0.18833897	-0.41899952	-0.24637271	-0.03183799	-0.00879471	0.07258529	0.150209	-1.1467493	-0.2512436	-0.13674544	-0.42971978	-0.35785598	0.062100917	-0.3293239	0.28768015	0.38573244	-0.11363737	0.35795057	0.2032745	0.31355986	0.4907412	0.29097354	-0.93449634	0.09169711	-0.45997185	0.047489055	-0.2946966	-0.0431274	0.028647976	0.8163944	-1.2575177	0.700766	-0.13030708	-0.42727202	-0.7742281	0.039814238	-0.3862268	0.16365917	-0.020301126	0.016410146	-0.21718512	0.34320822	0.332695	-0.6270241	-0.84009933	-0.6731977	0.45844498	-0.864537	-0.316014	0.7218597	-0.07959768	0.4058194	0.035906576	0.20592387	-0.2563197	-0.534619	-0.49339777	-0.12618041	-0.16216575	0.62137616	-0.42597663	-0.17788747	-0.46115732	0.2889363	-0.4245762	-0.48860782	0.31225112	0.30815628	-0.66351366	-0.15739216	-0.12448071	-0.072210684	0.056085244	0.5238318	0.41842693	-0.008726687	-0.073555104	-0.53696966	0.3252252	0.0034785431	-0.6863249	0.2274825	-0.3413238	-0.14348404	0.7396375	-0.04023184	-0.8346229	0.37232575	-0.24369343	-0.7860492	0.0015165211	0.00074682175	0.094033286	-0.26660922	0.09496526	0.19887626	-0.025874091	0.036856487	-0.1065117	0.092661776	-0.01985664	0.1833387	0.103237	0.47505865	0.48070633	-0.7282128	0.3269693	-0.7223704	-0.004027806	-0.0001830152	0.19806224	-0.03935645	0.19635542	-0.40862036	-0.22850452	0.15435691	-0.25214392	-0.387085	-0.0558984	0.24218202	0.31946012	-0.63161933	0.24906017	-0.17681773	-0.23417549	0.33376545	-0.31403577	0.04001923	0.11411746	0.09664674	0.05000336	-0.19918628	0.1893895	0.0073426673	0.50506324	0.27504992	0.2940881	0.11981807	-0.3249278	-0.2595122
-0.02013448	-0.5035369	0.1984724	-0.22811724	-0.32012463	-0.4520075	0.12623885	0.042680733	-0.63633233	-0.09659178	-0.39435804	-0.6962802	0.41464117	-0.02207589	0.10398994	0.22802304	-0.24848838	-0.105736636	-0.13294597	-0.15149361	-0.29985332	0.35005948	0.080076054	0.71275264	0.32678458	0.34113654	-0.9503996	-0.7349867	-0.15052718	-0.2261621	0.42871293	0.069175035	-0.6978218	-0.22285558	0.29112118	0.08810443	0.37046823	-0.2552373	-0.8047064	0.31324494	0.5578136	0.42038137	-0.054749597	-0.29734188	0.19098985	-0.35224575	-0.115052156	0.49045458	-0.099046744	-0.36006996	0.4885218	0.13930129	0.13431168	0.37885344	-0.18352959	0.40918422	-0.039866883	0.052373588	-0.7274046	1.3300296	0.063882075	0.21774735	0.04007074	-0.23709337	-0.48413184	0.9767399	-0.2004409	0.056486093	-0.08295966	0.8348589	-0.34607473	-0.3857329	-0.37598383	0.19796024	0.004558988	0.7226232	0.8422299	0.8868914	-0.13071974	-0.5442164	0.13730794	-0.24148192	0.17247202	0.16520755	0.6659859	-0.5094081	-0.55283105	-0.22853841	0.07870824	0.08656007	-0.5038425	0.03769074	-0.70857066	0.11204707	0.32876515	-0.41839004	0.44790292	-0.075037494	-0.5057277	-0.771034	0.23090214	0.37838537	0.1132215	0.5053578	0.19497302	0.25162482	0.30236182	0.053013142	-0.39537704	0.15516661	-0.109700695	-0.22756816	-0.2979718	-0.081366956	0.14103836	0.44808963	0.5452908	-0.083163075	-0.54393417	0.36934483	-0.012311129	-0.16690107	0.7268629	-0.1418867	-0.07112618	-0.69897825	0.53867954	0.20722334	-0.0146603	-0.05362612	0.48109457	0.07972827	0.5420001	0.084720716	0.46423522	-0.08262736	0.3904079	-0.64034104	0.77188945	-0.26486808	-0.214769	-0.103431135	-0.47768804	-0.050458767	0.2886128	0.2853174	-0.22839043	0.14217858	0.18621185	-0.50326186
-0.5826316	-0.43235335	-0.41129747	-0.50114983	0.2733365	0.015870586	0.28204513	0.20169885	-0.26804346	-0.0508322	0.5555651	0.424582	-0.5022989	-0.36705065	0.044950508	-0.26024836	-0.3018703	0.40264285	0.04387492	0.39902684	0.28324193	-0.0656455	-0.5172522	0.2773419	0.36792746	0.4977454	0.23657008	-0.2946745	0.06866565	0.048329584	-0.30295354	-0.39380178	-0.20529549	-0.11742125	-0.17747104	0.1857421	0.40387943	-0.18986344	-0.24283527	0.20917858	0.06818485	0.067009255	0.2550557	-0.4646696	-0.73971087	0.051019687	0.17635937	0.4881598	-0.39259103	-0.15099181	0.6007935	0.22930834	0.07440633	-0.30619213	0.33485037	0.7889849	-0.07015711	-0.2242087	-0.5093351	0.1155217	-0.39373666	-0.21429224	0.20831233	-0.0809142	-0.7263181	-0.0031644553	0.010871304	-0.05644722	0.24521106	-0.1725343	-0.39873856	0.5632336	-0.20962054	-0.26345882	-0.101707645	-0.7211504	-0.4167769	0.101973705	-0.29687503	-0.01087546	-0.15984878	0.2733761	0.27589116	0.11513062	0.13254417	0.16518667	-0.24161094	-0.19762456	-0.82604367	-0.43014455	-0.42940962	0.35559276	-0.08775042	0.38083148	0.1610381	-0.2424228	-0.3975247	-0.07394886	0.83077353	-0.7977041	-0.4821891	-0.076254934	-0.024694435	-0.7784734	0.13655335	-0.06782072	0.2950233	0.63637507	-0.5371936	-0.35817674	0.09287534	-0.18514188	-0.28195003	0.12846175	0.23320349	-0.23084664	0.044370964	0.12260124	-0.20497836	-0.3268377	0.5536313	0.13170427	-0.21673642	-0.7624661	0.086050354	0.09692987	-0.11120441	-0.044227004	-0.21883263	-0.1618847	-0.5668426	0.90751845	-0.0020802363	-0.52580565	-0.34934968	0.84792745	-0.15112494	-0.03264245	0.5221718	-0.14907534	0.35188502	0.069131985	-0.007858378	0.6778778	-0.6506	0.48128113	0.14314464	0.09649125	0.0028378135	0.49411467
-0.38847432	-0.06680773	-0.37178582	0.3294374	-0.06949219	0.3081116	-0.20216693	0.17579229	-0.09929084	-0.037422616	0.44528034	0.01867061	0.407671	0.23442832	0.3344986	0.4996072	-0.24300855	-0.364247	0.23182231	0.14499235	0.7557292	-0.1296359	-0.20200904	0.51054776	0.78011817	0.001978304	-0.056369986	-0.22665438	0.390428	-0.32740512	0.6170322	0.24007104	-1.1529205	-0.12645805	-0.22073199	-0.14732307	-0.05555151	0.20121178	-0.21852514	-0.024369897	-0.43141234	-0.2419136	0.04084905	-0.106524624	0.45576796	0.07867791	-0.30676246	0.45799145	-0.18963398	0.09746334	0.14969577	0.12364342	-0.09338459	0.3023126	0.18674125	-0.51370466	-0.123856895	0.53092295	0.5018169	0.70737165	-0.1142353	-0.025211928	0.26353705	-0.2981578	-0.38822448	0.15572865	0.19982077	-0.8358574	-0.44799352	0.21201554	-0.39982513	-0.009377533	-0.682487	0.0002740899	0.27226347	-0.166094	0.6524278	1.2523575	-0.07008162	0.4050855	-0.014462514	0.16442913	-0.023338046	-0.47802922	-0.6361495	0.06501377	0.72529876	-0.25589463	-0.9505372	-0.24572197	-0.7245412	-0.105187386	-0.46965602	0.22503088	0.5039548	-0.24573958	-0.33555222	0.7041727	0.64884424	-0.5417097	0.27466047	-0.7194159	-0.3698999	-0.05738046	0.36639994	0.3431734	0.47877777	0.040640924	0.0013736661	0.040200416	-0.49937034	0.46956518	-0.26274958	0.2557815	0.32594052	-0.2142311	-0.401085	0.09611928	-0.13966821	-0.27428898	0.019337669	0.24706897	0.59301543	0.09447889	-0.6737156	-0.5075442	-0.09148959	-0.12525827	-0.13607816	-0.12837256	0.05324079	-0.3215675	0.5059272	-0.0210393	0.2203725	0.24853177	-0.23379591	-0.5121405	-0.54960287	0.31445923	0.56561995	0.11309708	0.35794106	0.82705593	-0.31219426	0.5468465	0.25812685	-0.118155405	0.14494862	-0.4166468
-0.66542506	-0.11753586	0.31367722	-0.9192779	0.038215086	0.08979077	0.2731775	0.13081591	-0.39888242	0.38576052	0.26349375	-0.22655986	0.45347187	0.06985316	0.006784348	0.038865402	0.120573364	-0.15565528	-0.55116653	0.5983204	0.20380192	-0.24732935	-0.48930237	-0.34347928	0.18166362	0.12003796	-0.57506937	-0.4677715	-0.05595694	0.45538726	-0.026352024	0.32066813	-0.4205324	0.15880702	-0.00065793254	0.82045686	-0.019740622	-0.106678665	0.25152764	0.46449122	-0.4816698	-0.4891548	0.054562576	-0.38867077	-0.30191615	0.65789914	0.07216973	0.16690622	-0.22387066	-0.1591631	0.10505746	-0.1577617	-0.42182407	0.07427422	0.35785395	0.5615954	0.25297278	0.44047675	0.05425851	-0.1596385	-0.7371479	-0.17345658	0.47718757	0.029645156	-0.5731963	-0.35380408	0.3882898	0.008676937	0.1200269	0.2599815	-0.75274056	-0.37414926	0.11180154	0.5352584	-0.23589961	0.002455198	-0.15950705	-0.021718265	-0.24737439	-0.24154241	-0.25309205	-0.0115351565	0.18848729	0.4221683	0.30072674	-0.24532504	-0.07115152	-0.21025108	0.018007796	0.5728359	-0.52634436	0.05337093	-0.39898568	0.0824972	-0.17277488	-0.2810599	-0.02457004	0.61393696	-0.22237778	0.11191086	-0.110514686	-0.05324512	-0.10962563	0.08155792	0.12571304	0.8562759	0.21830843	0.24978015	-0.061030332	-0.9050593	1.0278854	-0.80925816	-0.59571505	1.075095	0.17406753	-0.20981057	0.35693	-0.3112359	0.34007987	0.6991258	0.85977525	-0.19783299	0.30350524	-0.72399133	-0.2725589	0.20903967	0.2156256	0.04701497	0.87768376	0.010336375	-0.43260905	0.32700613	-0.203359	0.06287339	1.0365992	-0.0639843	0.5362655	-0.4424885	-0.30304208	0.22574382	-0.29616764	-0.20858186	0.5193125	-0.025634786	-0.17544189	0.058435112	0.5754305	0.014218766	0.87093925	-0.2544372
0.116741136	-0.050596416	0.404891	0.062219225	-0.32345343	-0.27614823	-0.067782305	0.061137766	-0.08095765	0.6079595	0.26069027	0.16293792	-0.5102276	-0.3537031	0.7444466	0.047566492	0.4785968	-0.27393332	0.19865519	-0.19834106	-0.5122601	0.52396566	-0.30713245	0.70250666	0.5750625	-0.007569745	-0.23203558	0.3925098	-1.1554431	0.3333097	0.6777376	0.603132	-0.1179795	0.18763994	-0.512663	0.509542	-0.34439278	-0.51693815	0.45923075	0.1608327	0.4302556	0.1928172	-0.48441514	0.06199403	-0.06231215	0.28865662	0.0730325	0.33796918	-0.2893134	-0.1683961	-0.18405692	-0.4400398	-0.13380435	0.27190608	0.17632668	-0.04624206	-0.6381456	0.3728791	0.25787678	0.13500169	0.2060781	-0.14675704	-0.44391602	0.25225306	0.455719	-0.039618455	0.1344212	0.23344915	0.10676739	0.25434995	-0.090439685	0.6705938	-0.36448818	0.30148244	0.3523529	0.067845665	0.8143838	-0.056778	0.5498923	-1.0529456	-0.6056484	0.36934775	-0.08746985	0.36626956	-0.007968793	-0.4744853	-1.0053024	-0.2926722	0.0028865081	-0.19446261	-0.3907507	-0.29601276	-0.2396734	0.00517554	-0.005635771	0.24941713	0.41157037	0.03704164	1.0233493	0.026904346	0.18658204	0.100202695	0.446526	0.40232423	-0.06736258	0.02785482	0.36807734	-0.35725093	0.25317785	0.6168108	-0.13043053	0.055010404	0.019860039	-0.09707876	0.5132115	-0.12289891	-0.5851093	-0.5373769	-0.35369596	0.16046175	0.34350732	0.17447	0.057950873	-0.42539877	0.01632283	-0.19690475	-1.1711836	-0.04343993	0.0034401226	-1.1780055	-0.47617716	0.45642453	0.43263853	0.2918423	0.49663207	-0.3459062	-0.053744193	-0.713149	-0.2695184	-0.13645785	0.28061086	0.62884533	0.32435957	-0.11453646	-0.33656493	-0.13586499	-0.32565275	0.35615575	-0.7464965	0.23227938
0.39025623	-0.21892655	0.51971436	-0.18724242	-0.13316719	-0.12308814	0.19904019	0.8218588	-0.23535623	0.6817166	-0.13246863	0.4725596	-0.50893617	0.5866875	-0.030541597	0.06525024	-0.07259803	0.29981256	-0.15142015	-0.14462969	0.34028065	0.06609817	-0.4080163	0.34318355	0.42497078	0.24067064	-0.25363433	-0.2458958	-0.15179001	-1.169857	0.5026129	-0.21680939	-0.5972343	-0.286499	-0.13235302	0.2553391	-0.201411	0.059545297	0.18634024	-0.26712692	-0.45553905	0.52433527	-0.42046973	0.44416052	0.052582487	-0.4484586	0.56565475	-0.75004256	-0.22183621	0.21558662	-0.2439652	-0.013553052	-0.90706235	0.5963057	0.4901724	0.36880177	-0.11057749	0.036803298	-0.0058686947	0.10351571	0.17370164	-0.14866981	0.44308975	-0.27224126	-0.5286196	-0.37774095	0.4016513	-0.62013805	0.55592394	0.08179716	0.085696034	-0.22377262	0.12896088	0.6674692	-0.07604321	-0.23194669	0.08097846	0.21550995	-0.34359163	-0.23885746	-0.12738049	0.61790884	-0.20374273	0.19873129	0.21991709	-1.0998228	-0.018576749	-0.7991017	-0.4124266	-0.08801029	-0.0733589	0.84975135	-0.07590202	0.10446781	0.18230943	-0.8813738	0.16938989	-0.38530183	0.6794905	-0.9510492	0.25213096	0.0021723812	0.3107002	0.5819058	0.09595899	0.1597638	0.061542597	0.06338699	0.935135	0.40289655	-0.057338893	-0.13039675	-0.10138562	-0.009699367	-0.41896915	-0.77470946	0.39715448	0.043358818	0.09053541	-0.39385295	0.33579046	0.3182895	-0.11415885	-0.37839174	0.025507417	-0.19643818	0.6196403	0.16613652	0.23195001	-0.009021125	-0.35083	0.37442634	-0.02057931	0.49583015	-0.20726293	-0.47559398	-0.18488802	0.022389205	0.05361821	0.13102327	0.4006258	0.31064108	0.42280003	0.02098566	-0.52628917	0.030160313	0.19771825	0.37812713	-0.040026538	-0.18561901
0.081778064	-0.81841975	0.53892094	-0.7799899	0.27375975	-0.4978401	-0.081051335	-0.7065084	-0.03436306	0.21482663	0.1782876	-0.092962235	0.13326485	-0.024266137	-0.8206714	-0.69463444	0.26599222	0.547076	-0.5119062	-0.048587695	-0.14487848	0.040523764	-0.43803558	-0.24258691	0.08791037	-0.13702396	-0.20564905	0.60303503	-0.27490702	-0.22590752	0.0271098	0.451323	0.56570476	-0.15169697	0.5287087	-0.5030332	-0.08600859	-0.14445055	-0.16721977	0.08418472	-0.52726907	0.26404238	0.9056491	-0.2298348	0.40632132	0.40490177	-0.3433529	0.13542709	0.28672242	0.37016684	0.096849166	-0.04182179	0.68126357	-0.39958438	0.09540471	-0.12413923	0.23013799	0.26174107	-0.3493665	-0.49778903	0.14631158	0.82309526	-0.23440403	0.6976618	0.29060632	0.01813395	-0.16988415	-0.10059845	0.1800223	0.3658835	-0.5253454	-0.22115606	-0.6916697	-0.21083902	-0.16772623	-0.30079034	-0.89210165	0.29611176	-0.16010672	-0.19145946	-0.5156337	-0.27618292	0.12348726	0.76203626	-0.26934862	-0.058350418	0.026919566	-0.39722717	0.31685144	0.38782287	-0.66477406	-0.47401303	0.1306264	-0.21579438	-0.14804098	-0.07749258	-0.6663155	0.62776333	0.87718403	-0.8222595	0.06174358	0.30971232	0.19055474	-0.009632982	-0.047336828	-0.48521832	0.5075575	-0.25217462	-0.31093225	-0.11491408	-0.03650596	0.042065106	0.06793096	-0.36823756	0.3406053	-0.44816223	-0.46283352	-0.6052473	-1.0738484	-0.3217721	0.4840473	0.24108087	0.30749798	-0.050932363	0.6485235	-0.928586	-0.23510855	-0.3022496	0.14740859	-0.41939148	0.4087589	0.74878615	0.62256575	0.07036518	-0.00059242744	0.62174016	0.5388358	-0.1793705	0.15577456	0.22080775	0.68155736	-0.30751055	0.310016	-0.114340246	0.027718136	0.25882915	-0.16098966	-0.12539348	0.22275138	-0.4843672
0.3599532	0.17603	0.74959475	-0.32731742	0.6198428	-0.12261914	-0.2920049	0.17924844	-0.47292337	0.26527813	0.10593488	0.3601646	-0.87832814	0.35315493	0.22694702	-0.013255523	0.16501981	-0.3687531	-0.49177125	0.3264531	-0.41598344	0.55720913	0.12119975	0.22845282	0.060118023	0.053826198	-0.44437066	-0.05778665	0.39664137	0.1725922	-0.058615383	-0.12010785	-0.7644947	-0.36792493	-0.31553996	-0.2373675	-0.3007807	-0.15977667	0.112775125	0.1169232	0.45471996	-0.05487409	0.23318411	-0.118266575	0.032684226	-0.3351095	-0.24530919	-0.12946309	-0.045225084	0.32518584	-0.22516176	-0.9851118	0.0693867	-0.6531945	-0.17120254	0.1941962	0.7531354	0.26931557	0.34151855	0.44166026	-0.5594129	-0.18627112	0.21412301	0.5204222	0.07968521	0.33925423	-0.039995655	-0.46400848	-0.24166934	0.2571558	-0.09943534	-0.43787774	-0.350561	0.03661956	0.44354907	0.6530888	-0.5827291	0.3230717	-0.60691357	-0.1312286	-0.3556945	-0.24378583	-0.35474065	0.44862986	0.33154386	-0.60268945	-1.0127103	0.3214788	0.07460431	-0.04386988	-0.32735762	-0.62271714	0.46242866	0.14130509	0.26179117	-0.3273154	-0.46233156	0.1687539	-0.18579395	-0.36504078	-0.32430106	-0.16229145	-0.43735832	-0.42363107	0.0046825823	0.11735572	0.37097597	-0.109775215	0.23863117	0.028175227	0.5632409	-0.28406367	-0.40850383	0.07547926	0.2459947	-0.3671384	-0.53005344	-0.096732035	0.6160187	-0.97177494	-0.89119804	0.16864312	0.028747432	-0.33725515	0.24937633	-0.3527021	-0.2636937	-0.9564387	-0.7564932	0.44539738	0.028342826	0.57850784	0.7895225	-1.0603138	0.7334422	1.1396036	-0.81904876	0.054966513	-0.4019219	0.63463235	0.794955	0.36934114	0.4530644	-0.123247616	-0.8649206	0.2434106	-0.2167199	-0.23564453	-0.0368641	-0.6878065
-0.0032000747	-0.36564863	-0.053527612	-0.4291614	0.22518389	-0.15241018	-0.28443083	0.30460158	-0.5161109	0.12410426	0.3237513	0.07133504	-0.0823955	-0.1007158	-0.6715465	-0.31730735	0.04460481	-0.48021466	0.07500604	-0.14243013	-0.2261239	0.15641454	0.12578073	0.8099474	0.2607252	-0.123423465	0.102865174	-0.5793698	0.18240163	0.31441686	0.6464881	-0.24457972	0.062079154	0.29662657	0.21054223	-0.10193993	0.04500953	-0.3278025	-0.1847577	-0.4684608	-0.5399817	-0.041036285	0.17200519	-0.34630415	0.03825251	0.7571795	0.3098813	-0.013334485	-0.48497465	0.53516626	-0.2733302	-0.8728908	0.07896556	-0.3971219	-0.30178487	0.3347918	0.029832002	-0.63920933	-0.05463534	0.39169177	0.19554396	-0.19132197	-0.2891974	0.015163352	-0.18909122	-0.02101102	0.24287628	-0.6083502	0.13167779	-0.19157718	0.32792857	0.13199554	-0.05271069	-0.29875442	-0.3947283	0.4350457	-0.028917631	0.044717144	-0.2579835	-0.026998317	0.08048659	0.049287304	-0.059437875	0.36301148	0.03744291	0.018228553	0.25869492	-0.09156079	-0.1089333	0.6084377	-0.03727142	0.17748266	-0.117704466	-0.59315956	0.13377763	-0.039914362	0.3942231	-0.29657084	0.563135	-0.30888677	0.68331397	-0.58717465	-0.080846034	-0.13187447	0.5040423	0.7043973	-0.031571202	0.035592634	0.3754906	0.191768	0.007146756	-0.05110443	-0.08902087	0.18317066	0.3424243	0.5818247	0.76687044	-0.24446483	0.2004799	-0.21902621	0.23079638	0.32108685	0.98403996	-0.19560069	0.2853251	-0.08097523	0.44138026	-0.3727345	0.31899592	-0.6533706	-0.38696572	0.49562684	0.4856058	0.18724191	0.12511812	0.30552995	0.083415754	0.388991	0.35776186	-0.0635956	0.67754596	-0.3259662	-0.03978942	-0.10519943	0.1583423	0.31025767	0.010227615	-0.3149669	0.14618206	-0.051259235
-0.48298797	-0.22783594	-0.035253428	-0.39116514	0.11775525	0.1331245	-0.18530305	-0.1896706	0.6213086	-0.3975863	-0.4989537	0.46984074	-0.22057544	-0.42625934	0.6005514	0.11242305	-0.23189864	-0.45377877	-0.64536554	0.8569533	-0.18246315	0.19843653	-0.29118395	0.5233789	0.6567149	-0.17031217	-0.22152247	0.030975126	0.51319534	0.51736355	0.73516023	-0.05775754	-0.36794508	-0.05016925	-0.36639166	0.19326802	-0.23532946	-0.3693666	-0.35014543	0.14359556	-0.23999122	0.06372402	-0.3143689	0.5647324	-0.3237516	-0.03508926	0.105265014	0.15205604	-0.022872593	0.5939832	-0.29024705	-0.5030526	-0.48712206	-0.017013377	-0.26501235	0.8227346	0.05444331	0.5729472	0.5215168	0.52628046	-0.1305876	0.009203532	-0.15230614	-0.16173387	-0.73781615	0.17949288	0.4411252	-0.90442646	0.09713935	0.07091443	0.23855361	0.3285333	-0.38451502	0.11087431	-0.49981344	0.06588852	0.43303305	0.39074963	-0.19940576	-0.5851836	-0.101382166	-0.13585716	0.41646868	-0.13007186	-0.13974312	0.26253954	-0.41443658	-0.3325549	-0.056322873	-0.6376922	-0.89776117	-0.2255536	0.012037839	-0.69959855	0.742226	-0.14694397	0.22318721	0.92758137	0.68191	0.42590886	-0.011350673	0.33833557	0.00076198304	0.5860725	-0.23102611	0.021532984	-0.092910975	-0.56460124	-0.09766799	-0.20441301	0.20522662	-0.0721909	-0.27639326	-0.11687127	-0.11882831	-0.11659092	0.027221149	0.06269329	-0.5495217	-0.21472938	0.56998116	0.41599354	-0.64032054	0.21800692	-0.4361499	-0.3317764	-0.84489167	-0.29774398	-0.56186426	0.459638	0.1363398	0.14231949	-0.2720175	0.016483398	0.112872265	0.59078836	0.5501588	-0.59597254	0.047217593	0.7359034	0.27517232	-0.34231627	-0.22982624	-0.00019903539	0.09232405	-0.30637804	-0.22874352	0.08597858	0.069490165	-0.63979214
-0.55171496	-0.2795653	-0.0153162135	-0.23210177	-0.07821088	0.3456427	-0.5216273	-0.25582245	-0.94202125	0.15084647	-0.18120179	0.8097904	0.5061774	0.12599279	-0.6210309	-0.18022664	-1.1035671	0.08984222	-0.07171409	-0.25617287	0.2987255	0.63397336	0.36796144	0.08347941	0.39099267	0.81480646	-0.6118803	0.123059146	-0.027497053	0.082273826	-0.12499863	-0.03646172	0.10269952	-0.16307676	0.30848515	0.10204092	-0.15187028	-0.12116021	0.3340682	0.4685333	-0.13652669	0.047072094	-0.8622642	-0.4195465	-0.14157477	0.43999657	-0.16617881	0.15606631	0.020653306	0.2331159	0.17824061	-0.770851	0.07903757	0.3671319	0.029748691	0.29225218	0.09031295	0.115056194	-0.27426907	0.09928045	0.5862297	0.3456982	0.21496746	0.60493344	0.11440168	0.88547695	0.096612126	-0.44389716	-0.15310954	0.17553623	-0.54316944	-0.15409347	-0.5254955	-0.16027485	0.14706	-0.53063095	-0.18997599	-0.09523631	-0.49577186	-0.53471625	0.39299428	-0.182122	-0.4690072	-0.34397668	-0.32560673	-0.95845675	0.010041539	0.19760205	0.07683093	-0.35335577	-0.17649369	0.15705477	0.15003563	0.033407677	0.13921298	0.306453	-0.33818725	0.8372319	0.22583488	0.3995265	0.82315433	-0.95296085	-0.28764153	-0.25894198	-0.43713006	0.6472654	-0.39176053	-0.0050963974	-0.251136	0.020455536	0.4317678	-0.020816943	-0.57397044	0.69847226	0.68166864	0.07910419	0.009631292	0.017672129	-0.22525674	-0.6007931	0.07605538	0.9680052	0.038366288	0.0035612925	0.07080055	-0.5579068	-0.5330403	0.52211416	0.17090671	-0.0007024583	-0.23545288	0.20626484	-0.32653663	0.44778037	-0.32129282	0.81914854	0.08164672	-0.15583874	-0.07649137	-0.72363293	-0.5126955	-0.40150112	0.7114255	-0.34431309	0.16250387	0.7766896	-0.41490975	-0.23377118	0.19736792	-0.1919012
0.33230072	-0.27293336	0.123945646	0.40510407	-0.08762671	-0.48172197	-0.30509967	0.5126027	0.17808124	-0.022760162	0.17023268	0.70428646	0.4307938	0.3203187	-0.018322175	0.5199598	-0.018397134	-0.26013955	-0.2520369	-0.36726087	0.24443075	-0.4805857	0.07388746	-0.3036359	-0.5010489	-0.00911005	-0.59173495	-0.17422481	0.097786255	0.530469	-0.18671891	0.3496226	-0.7047775	0.13866445	0.35176706	0.30565804	0.4358893	-0.68637544	0.08903014	-0.006936015	0.08118861	0.34391248	0.25768644	0.0191601	0.15636408	0.08198164	0.17730398	-0.05268785	-0.5708481	0.039624378	-0.378303	-0.025033522	-0.03418852	0.020066384	-0.18802397	-0.23950219	0.17463318	0.63817185	-0.23549893	0.18200687	-0.4445784	0.2268664	-0.50481695	0.502774	-0.6244644	0.01973913	0.93996537	-0.31465265	-0.14548285	-0.011935624	-0.31834075	-0.15087397	-0.47237888	0.6253423	0.6230291	-0.2302756	-0.28472137	0.5547917	-0.098445475	0.26079246	-0.21104197	-0.18675151	-0.0023976543	0.10731201	-0.18016787	-0.31371874	0.66664934	-0.0992557	-0.054873887	-0.37913883	-0.33100113	0.08941949	0.6058412	0.013520974	0.26939568	-0.29591697	0.12029562	-0.29581228	0.12902327	0.020400336	-0.33546892	-0.043397084	-0.2645357	0.5049449	0.06044629	0.33818102	-0.22593954	0.005032369	-0.018533222	0.43886742	0.38130206	-0.15901634	-1.0213995	0.6943425	-0.65156746	-0.028282715	0.14544788	-0.46811846	0.113743216	-0.15213056	0.018726932	-0.05743826	-0.4583236	-0.42196625	0.12805071	-0.14932448	0.2675265	0.37741435	-0.25757304	-0.33638352	-0.37122643	0.09341353	-0.15893112	0.60116416	0.14971234	0.03556867	-0.22459503	-0.40324256	-0.5824836	0.12840243	0.520895	-0.045840602	0.8676843	0.3517774	0.046977486	0.36491755	0.37463453	-0.3160242	-0.4040175	-0.24038686
-0.060979128	-0.5365525	0.1158656	-0.14684696	0.013039999	-0.38821658	-0.59146297	-0.5726406	0.29636565	-0.08205433	0.073552296	0.654726	-0.3324857	0.1717065	0.40305004	-0.23238383	-0.046246655	-0.07225671	-0.085632	0.6636972	-0.5534328	0.10082227	-0.01051571	0.11765974	0.41997144	0.30329013	0.08782432	0.1834177	0.37860188	0.4376911	1.1325772	0.5463734	-0.7056372	-0.29213974	0.3652644	-0.13254303	1.5183339	-0.5779363	0.0064846934	0.20507899	-0.08434246	-0.45358825	0.3024631	-0.37956873	0.121031865	0.2848643	0.17380667	-0.27967417	0.0062038135	-0.030028021	-0.23206359	-0.48264107	0.29695863	-0.085168146	0.26731408	-0.21592589	-0.0065486324	0.0560354	0.2837186	0.4443105	-0.108849294	0.1995247	-0.3112709	0.20228143	0.04155383	0.21492875	0.1273238	-0.24882524	0.3934723	0.0559561	-0.09695946	-0.40679953	0.20109105	0.23568341	0.06687223	-0.26400194	-0.5168061	-0.13048014	-0.4107554	-0.0812676	-0.76237625	0.6676695	-0.30350575	-0.049203757	-0.048630264	-0.4843703	-0.35180834	0.039112706	0.07687816	-0.61102086	-0.23624544	-0.24182485	-0.05056037	-0.07055928	-0.20993777	-0.20017812	-0.58801156	0.023228182	0.119226255	-0.17580941	-0.18315335	-0.41117266	-0.12469536	-0.37629434	-0.33013752	0.40620136	-0.5575917	-0.6245198	-0.16339137	-0.10358432	0.15275012	0.14375952	-0.66761005	-0.24024606	0.6365358	-0.30182594	0.63230693	-0.14131796	0.051264867	-0.09192978	0.16352761	0.17612752	-0.3916727	-0.71520376	-0.34163505	-0.3857702	-0.70515084	-0.25848618	0.14414462	-0.76284635	0.35597742	0.55791485	0.67502105	-0.42905626	-0.091677286	0.020868791	0.3774768	0.18783511	-0.039427802	-0.03772347	0.10112702	-0.31969467	-0.28933194	0.64826906	0.56651354	0.23920517	0.07845585	-0.41540036	-0.33267012	0.043528687
-0.20764142	0.45700908	0.18554267	0.201505	-0.09615521	-0.75018936	-0.19008052	-0.8750311	-0.23723248	0.34291995	-0.13475265	-0.2972092	-0.032154847	-0.09931925	0.18736729	0.018932918	0.16321932	-0.35437208	-0.39534172	0.11640637	0.48306948	-0.050648797	-0.7695494	0.5509853	0.8021025	0.9344619	0.14265263	-0.33850798	-0.0795897	-0.02545187	-0.0061957412	0.26492402	0.1915073	0.15831879	0.37451807	0.41262993	0.06056177	-0.2545083	-0.113549836	0.15988153	0.008131953	0.043535057	-0.37319452	-0.71008056	0.39950138	0.21488199	0.7474159	-0.31632808	-0.067153394	-0.008669943	-0.50569475	0.3158627	-0.08007893	0.3901514	0.4834596	0.08497101	0.33343902	-0.066115916	-0.088649176	0.026922345	0.26769784	-0.04555468	-0.4217015	0.12884505	-0.8017246	-0.64461774	0.17176086	-0.38642603	-0.59064496	0.3792332	0.24179634	-0.16753547	-0.5232023	0.3374286	-0.5841056	0.54219	0.28204253	0.0848598	0.0056115007	-0.34226716	0.3566716	-0.1165107	-0.46571174	0.20146486	-0.02426998	0.096396275	-0.04770592	0.9826779	0.6215518	-0.066752024	-0.33960012	-0.14663914	-0.49178714	0.16927011	-0.030569842	-0.66939056	-0.27490488	0.062484443	0.44690993	-0.26467457	-0.21416314	-0.0023471506	-0.67232066	-0.11880343	-0.33471775	0.59171	0.21519211	0.16681027	0.29448274	0.17442663	0.22865877	0.020627676	-0.7448367	0.21055537	0.6212759	0.0035888166	-0.115314305	0.00054771814	-0.58051854	0.043175828	0.60803443	-0.548406	-0.3101771	0.26367623	0.31097007	0.688384	-0.07908249	0.09898542	0.26081485	0.31778833	-0.32218957	0.4334792	0.11702019	-0.33179632	-0.5354147	0.48142508	0.14606468	0.4437088	0.32297024	0.52880245	0.5515996	-0.3201877	0.29660267	-0.66144794	-0.46329358	0.83576983	0.6323914	-0.1325346	0.16594452	-0.021761574
-0.3469827	-0.60767806	0.70922214	0.12830074	-0.103434846	-0.012297664	0.17629056	0.16446324	-0.26718575	-0.1188606	-0.32301742	-0.26998803	-0.07482641	-0.21681868	0.025844658	0.45340538	-0.040685084	-0.30535766	-0.22734416	0.06273009	0.45955634	0.45689103	-0.6710575	0.32961705	0.407179	0.11457761	0.04477514	-0.4269537	-0.040277895	-0.39500412	0.07444492	0.42434525	-0.3631059	0.14126769	0.0045522456	-0.30610496	0.5174903	-0.28476357	-0.09057169	0.14293712	-0.28014082	0.6182131	0.15447128	0.036316063	0.6776997	0.39523268	0.8398889	-0.18589708	-0.51377666	0.0750525	-0.3440602	-0.07745275	-0.38835612	-0.46126324	0.25567532	0.5142184	-0.602909	0.9294053	-0.20860973	0.7475782	-0.40941525	0.84665704	0.17077242	-0.36414412	0.046203792	-0.6630539	0.61956453	0.34354636	-0.05520955	0.13015753	-0.17180043	0.44338796	-0.12692511	0.6565945	0.2931378	0.050778665	-0.01111012	-0.15537594	-0.45993173	-0.06697501	-0.1832647	-0.11121722	-0.04289931	-0.46022648	-0.16667199	-0.90997523	1.0760494	0.10902397	0.09292509	-0.7645212	-0.9102199	0.3482118	-0.6901267	-0.5100445	0.22113612	0.3680037	-0.03675256	0.09760933	0.22631729	0.041714408	0.6061647	-0.24199454	-0.32085353	-0.056292497	-0.19673224	0.16425247	0.4358119	0.13493533	-0.22357123	-0.13111442	-0.09077866	0.47107098	-0.32305953	-0.28076655	-0.42663378	-0.11522689	0.11793767	0.2669071	-0.29223776	0.48698816	0.14169051	0.5060119	-0.12846999	-0.15683547	0.2272869	0.117903024	-0.6590878	-0.26925507	-0.39518052	-0.045169935	0.3792476	0.05777457	-0.051069338	0.23141852	0.1976155	0.089708194	0.51809347	-0.021388724	-0.12152478	-0.023912974	0.27260572	-0.12010467	0.69384	-0.5091605	0.19258365	-0.007952604	-0.14006037	-0.40599307	-0.22812873	0.28271103
-0.116747	-0.26310167	0.41921175	-0.35065386	0.12906392	-0.080043264	-0.3209306	-0.20854478	0.33205056	0.18588394	0.06934481	0.53203285	0.12617107	-0.056228578	-0.020579344	0.4637055	0.048505317	-0.5380619	-0.45915288	-0.15413345	0.06360934	0.34352365	-0.16200238	0.15570639	0.58528286	0.110034026	-0.8401729	-0.77021605	-0.47790512	-0.30011114	-0.08516798	0.08296966	-0.08518749	0.11600212	-0.16596372	0.19664627	-0.455896	0.049469676	-0.35523126	0.045437783	-0.1603667	-0.35631686	-0.55742264	0.041033518	0.089314625	0.31998947	0.00475276	-0.25849894	-0.5850367	0.25049397	-0.1772247	-0.27394962	0.3629619	-0.16670953	-0.19571765	0.14557613	-0.43108964	0.98315114	0.36020008	0.18017967	-0.13963768	0.08848693	0.19852649	-0.12416921	-0.0728052	-0.17678712	0.20825343	-0.4205645	-0.06338288	0.50321746	0.009650232	0.52433246	0.048493765	0.469875	0.051495288	-0.050478034	0.07789039	0.07548454	0.058060482	0.30551228	-0.14652368	0.14014974	-0.010222064	0.2873753	0.15007374	-0.13755825	0.4467551	0.03562132	0.37310347	0.12603869	-0.041854035	0.014635255	-0.26671183	-0.44667467	-0.019720003	-0.09091513	0.08165485	0.23047955	0.21066153	-0.2686387	0.09328743	-0.14081627	-0.2422636	-0.13728353	-0.06266612	0.83864284	-0.09064181	0.059400182	0.6549588	0.44050378	-0.33378646	0.55088097	0.018741041	0.4800526	-0.10945152	-0.048360657	0.42780036	-0.54146343	-0.32374865	0.07599998	0.37591946	0.27992478	-0.61842775	-0.38103047	-0.33030275	0.24365036	-0.08695771	0.22284473	-0.06765021	-0.060984284	0.075048104	0.264557	-0.15487885	0.35798463	0.64092416	0.0064475457	0.19814827	-0.0581534	0.30911198	0.0014338228	0.07038435	0.031357635	-0.17120257	0.07322781	0.24983394	0.9947295	0.030438982	-0.0071787005	0.022908056	-0.030072711
1.0169752	-0.33436164	1.103737	-0.30556318	0.108249135	-0.021069374	-0.020399682	0.30226898	-0.18165648	-0.3555031	0.10699877	-0.14466968	-0.15744351	0.28353298	-0.24432525	-0.06377347	0.29288533	-0.17655057	0.43430704	0.007609464	0.60769856	0.14298521	0.3695736	-0.36126667	0.21978498	0.5107832	-0.2738628	0.40043512	-0.41442758	0.22301468	0.73571855	-0.094240345	-0.12606421	0.18946742	0.105238594	0.5598869	-0.24038365	0.2068584	-0.099267796	0.4871729	0.25924537	-0.10807624	0.45864812	0.009152489	0.10952242	0.1717565	-0.24926367	-0.27299497	-0.1676806	0.44385925	0.23667413	-0.2418889	0.6872537	0.29540297	-0.55831295	-0.17354524	0.4304683	-0.15383205	0.19210275	-0.26130408	-0.0457753	0.2639386	-0.6276797	0.3170644	-0.29600716	-0.2543735	-0.025903312	0.17157185	-0.5285567	-0.2584875	0.30889392	-0.46329087	-1.2113978	-0.079782836	-0.27354357	-0.24942929	-0.24057417	0.3170785	-0.052713804	-0.82343185	-0.37467548	0.35622525	-0.12926683	-0.32456392	-0.085678324	-0.78424186	0.27856958	0.049307115	0.56048614	-0.6010156	-0.64502394	0.122670144	-0.04070263	0.35526085	0.71201223	-0.37431845	-0.022268962	-0.28521466	0.024950888	-0.1710653	0.35324323	0.022923296	0.078332625	0.59762347	0.007719858	0.7441226	0.5687535	0.094815604	0.012937335	0.10960678	-0.09520185	0.17799908	-0.54045814	-0.21029644	0.04976695	-0.4062138	0.72450936	0.18304698	-0.9781718	-0.12212062	0.71057546	0.36335707	0.29226398	-0.17591383	0.33803776	-0.58649826	0.28428426	-0.2207264	-0.072946645	-0.4930885	-0.042353448	0.44666997	0.25471327	-1.1236775	0.0766288	0.26871473	0.3800998	0.8161737	0.11474481	-0.01181264	0.14048833	-0.30745256	0.63235116	0.2921652	0.34750053	0.47333294	0.0058933184	-0.32798275	0.51321757	0.0094337305
-0.13850704	-0.39754018	-0.9252539	-0.25413707	0.4133913	0.07383255	-0.4173931	0.26528984	-0.55394423	0.40398803	0.12616862	0.43752044	-0.08666947	-0.25913584	-0.6118393	0.00305251	-0.08903722	0.5925197	-0.675893	0.02572579	-0.7628588	-0.11287899	0.038767945	0.81390715	0.14648922	0.23731211	-0.22352432	0.5988528	0.01892932	-0.1826198	-0.22269218	0.45566824	-0.3125624	0.4423439	-0.1261826	0.27734554	-0.28092933	-0.5830826	-0.051798485	0.037470702	0.22690614	0.44104746	0.44879553	0.4823087	-0.5045277	0.5691631	0.4285015	0.16904135	-0.18404928	-0.5969628	0.4146577	-0.29056466	0.3461963	-0.30416098	0.5931694	0.30634716	-0.4317185	0.4526329	-0.06111975	0.18797831	-0.35495898	-0.23845634	0.030869327	-0.37030613	0.237446	0.91920304	0.0964734	0.34595513	-0.45102447	0.13811982	-0.32030153	-0.34737396	-0.7949826	-0.14464006	-0.06891639	-0.8214018	-0.3271603	0.5305168	0.23011039	-0.37114602	0.06806464	-0.40867764	0.21416189	1.0613071	0.07389644	-0.80951583	-0.38021088	-0.18818478	-0.35163838	-0.40772334	-0.5898234	0.44898075	0.434236	-0.09085766	0.54014754	0.18269452	0.2598279	-0.40257996	0.27643922	-0.65578824	-0.38522717	-1.1118749	-0.17969891	0.17827366	0.40236825	-0.45061553	0.44943962	-0.67439026	0.09468103	-0.22597367	0.5754241	0.13401315	0.03063789	-0.26888323	0.9030481	-0.44716015	0.25729632	-0.12195935	-0.26588908	0.06218326	-0.21913059	0.3876624	-0.63322145	-0.6786099	0.15088704	-0.3381495	-0.5496202	-0.5445505	-0.06587271	-0.17506412	0.4063551	0.6356902	0.83324206	0.6065353	0.23490429	-0.55236113	-0.33413616	0.009824174	0.13947439	0.13099185	-0.24312313	-0.43997878	0.17153728	-0.30396473	-0.24454287	0.14266644	-0.34631893	-0.39851388	0.26497114	0.085305594
-0.36690855	0.2902928	-0.7838577	-0.37014765	0.12200724	0.52255124	-0.21407297	-0.5826557	0.45892683	0.6548811	0.24713518	0.026551018	0.73650515	-0.55579287	0.1710245	-0.78675395	0.3449812	0.046261355	-0.40498862	0.62718207	-0.46267313	-0.19208466	-0.009715241	0.11061624	0.30915558	0.13935348	-0.19473273	0.5769785	-0.13485594	-0.17880906	-0.06211907	0.1574749	-0.11024661	0.38498196	-0.12569445	0.60407925	-0.08634996	-0.020149369	-0.084321044	-0.34920537	-0.15888312	-0.06183701	-0.24360597	-0.5826817	-0.036008257	-0.027799075	0.6386114	-0.7133668	-0.43040335	0.41523394	0.4947512	-0.18070999	0.11085148	0.53353906	-0.13827837	0.32919014	0.18635297	0.84302115	0.586594	-0.47115558	-0.36531088	0.09045324	-0.24162324	1.0366169	0.03310068	0.27162033	-0.17995581	-0.34972644	-0.28417063	0.41158992	0.43376502	-0.50126785	-0.11040096	0.25735602	-0.2777951	0.2144236	0.3227787	0.35116348	-0.35549572	0.44665027	-0.3972893	-0.26247317	0.5233942	0.3345484	-0.105380625	-0.89475083	0.6975583	-0.30375943	-0.67277825	-0.77616686	-0.6433864	-0.6809291	-0.18282333	-0.3442232	0.21805301	-0.3156827	-0.38342956	-0.47623047	0.21638606	0.516729	0.15401308	0.08159014	0.559858	0.10768818	0.24542354	0.2933959	-0.49992394	0.23109585	0.430305	-0.10051304	-0.543796	-0.39919558	-0.6273138	0.16030794	0.13341062	-0.45262322	-0.13273644	0.11193885	-0.29056257	-0.34662545	-0.30971125	0.5407719	-0.10503668	-0.009199489	-0.2731942	-0.09520024	0.014041819	-0.8592165	-0.07975106	-0.7958568	-0.78689504	0.21107434	0.26924962	-0.13948265	0.10334195	0.26814082	0.44378874	-0.7629284	-0.382645	0.90225613	0.37132284	-0.2032378	0.79093194	-0.12413588	0.06612142	0.45207953	-0.16376463	-0.4513149	0.16662438	-0.5798486
-0.18022016	-0.5874797	0.06404136	-0.3121236	0.1565853	0.32969806	-0.16954932	-0.014610795	0.2724078	0.32085782	-0.80861115	0.30218264	0.16761854	-0.5095184	0.0024961033	-0.21204054	0.39849374	-0.24685706	0.46781123	-0.5103271	-0.59301263	0.56823593	-0.23444492	0.10709375	-0.2187694	-0.19636819	0.08179206	-1.1129988	-0.12038708	0.050176285	-0.03201126	-0.42044875	-0.46172693	0.25967818	0.61228603	0.19471082	0.44463307	-0.07384359	0.059183277	0.1329175	0.16326044	0.054336373	0.023955306	-0.4398837	-0.70630294	0.50105524	-0.6971493	0.24719127	0.03750209	0.06015416	0.364222	-0.17782852	-0.47329673	-0.4798682	0.3514926	0.23883662	0.11110854	0.34795463	0.574697	0.48990697	-0.13274111	0.45213148	-0.6839326	0.27806315	0.14872049	-0.41779923	0.718586	-0.22061442	0.7103039	0.9756307	-0.38205245	-0.09719737	-0.69951254	-0.051670335	-0.15896425	-0.4938066	0.5405262	-0.47905737	-0.07218351	-0.49749416	0.17828375	-0.60033107	-0.113230295	-0.529104	-0.07473051	-0.24617292	0.106502354	-0.16050713	-0.52628946	0.33075377	-1.180602	-0.08113025	-0.59521335	-0.46637124	0.62605655	-1.0257155	-0.10357421	0.09472943	0.6091761	0.16282393	-0.14263345	1.0150459	-0.20295104	0.114206836	-0.06111545	0.05190275	0.11452941	-0.018580666	0.14072216	1.1174417	-0.28880045	-0.2279334	-0.22617117	0.30433443	-0.08381009	-0.094417065	-0.06464032	-0.35264674	-0.23739162	-0.78712636	0.5576949	0.737401	0.096255556	0.39161816	-0.28968465	-0.42847672	-0.109885596	-0.22489186	-0.28128082	-0.31689814	-0.411731	-0.08384272	-0.0014750954	-0.19392124	-0.021042414	-0.29048938	0.3039311	0.55611897	0.33678833	-0.33595842	-0.4921864	-0.2157959	0.11513782	0.25931126	-0.29601738	0.05260688	0.38882533	0.23324879	-0.224084	0.36298937
0.2665336	-0.48488876	0.40744486	-0.20481941	0.53219277	0.103682965	-0.0338296	0.12277046	-0.1896028	0.0830661	0.040024042	-1.2452863	0.8273408	-0.7067341	0.26626036	-0.75421405	-0.4799698	0.39888975	-0.3443356	0.110104784	-0.32188654	0.097289726	0.12515584	0.45629135	0.22758824	0.9886276	-0.8996009	0.2693316	0.27632457	0.21051057	1.0249361	0.36768904	0.07433674	-0.9868838	0.2525103	-0.14246593	0.16766281	-0.22346161	0.14889786	-0.1589356	-0.47386226	0.5606779	0.5762461	-0.019354036	-0.13107146	0.34904757	0.15069875	-0.2954622	0.85567355	0.4737809	-0.4608068	-0.33459777	0.07943223	-0.527603	-0.61896276	0.5069228	0.067918465	0.16654545	-0.10760932	0.07380239	-0.046959046	-0.1654151	0.10971054	0.982332	-1.2522054	0.33268198	0.017917734	0.015011563	0.24482971	0.27259004	0.2966963	-0.09972716	-0.57383347	0.28865862	-0.5461331	-0.2185154	0.031178769	0.51303136	0.12377534	-0.83424926	-0.39704433	-0.75987005	-0.35412136	0.35044524	-0.3155976	0.19133312	-0.14778736	-0.28254843	0.5804425	0.06232215	0.21940266	0.021002267	0.3291099	-0.40678588	0.24084215	-0.3465654	-0.67630744	-0.003080159	0.3347276	-0.44539595	0.4154558	0.52695173	0.1583875	-0.78573483	0.04070713	-0.12070468	-0.12714525	0.47479358	0.3199012	0.21820211	-0.83104366	0.62833923	-0.8175683	0.29635346	1.23517	-0.3283878	-0.06396381	0.17377846	-0.65087414	-0.6194859	0.1293388	-0.12277955	-0.06829321	-0.31989402	-0.315226	-0.22299445	0.28853318	0.030165594	1.2968172	-0.07309331	0.23172474	0.44997823	0.6882671	0.7401358	0.6078434	0.40711465	0.82596135	-0.44664457	-0.9886306	-0.28704888	0.10890736	1.0714761	0.37697583	-0.7066387	-0.2582929	-0.05802976	-0.7697893	-0.12131175	-0.89986515	-0.386908
0.2790704	-0.55973715	0.1402841	0.14434353	-0.30906853	0.22912143	0.5725245	0.433499	-0.61213	-0.68887347	-0.102806546	0.0771647	0.6562653	-0.0053567355	0.4406643	0.3371771	-0.08973026	-0.51309264	-0.0452279	0.12509762	-0.4239644	0.50620246	0.075732075	0.30619913	0.5848893	-0.10588141	0.39873135	-0.016017785	-0.20560305	0.5588189	-0.21168177	-0.096105985	-0.02862894	0.039808694	0.9040948	-0.033625495	0.32354042	0.35199362	0.4640989	0.5300269	-0.20278755	0.29488692	0.20800579	0.23348202	0.47401002	-0.022569781	0.03915681	0.3495384	-0.020382077	-0.19909216	-0.27888992	-1.4152688	0.023852631	0.21268886	0.44213352	-0.14428869	0.16128248	-0.10110251	0.5365848	-0.15717758	0.06294552	0.6802839	0.27479228	0.56443906	-0.5960653	-0.41368964	-0.17362998	0.0022040606	-0.29151306	0.6015058	-0.06737704	0.3242275	-1.131148	0.5525555	0.20816204	0.14862794	-0.12590913	0.29901463	0.28763527	-0.5068482	-0.3921669	-0.3059021	0.6573749	0.7740762	0.28684038	-0.970771	-0.3698339	-0.44704235	-0.15361391	-0.014603736	0.36722496	0.7111475	0.39408866	0.24553604	0.41474324	-1.2644436	-0.55262846	0.01740848	0.5381535	-1.0237448	0.09895565	-0.48543486	0.40207782	0.6049026	0.097650275	0.8422202	-0.34046575	0.76054853	1.2221351	-0.14643416	0.20716491	-0.22277369	-0.747829	0.63948524	-0.2994468	0.118959665	0.0462069	0.12794648	0.5055655	-0.64883643	0.22179939	-0.52587473	0.16784507	0.009424675	-0.12832928	-0.49899766	0.24393576	0.7880754	-0.34019426	-0.7335195	0.34648928	-0.28826734	-0.3081319	0.03686709	0.6273858	0.062944345	-0.079496615	-0.09264132	-0.34258074	0.09737221	0.263529	-0.48186308	-0.35657066	-0.07308621	0.74980044	0.2906618	-0.20015967	-0.6497127	-0.31591874	0.11042347
-0.017594317	-0.15029919	-0.13741496	0.09818534	0.12559605	0.06310429	-0.026959116	0.36851472	-0.42414567	0.2956819	-0.23522213	-0.16386649	-0.058739472	0.072815396	0.02570489	-0.55928695	-0.53340065	0.17962337	0.0871632	-0.9560016	-0.30022946	-0.23850521	-0.044394273	-0.6568268	0.27549008	0.7193848	-0.725885	-0.10396187	-0.16737598	0.028132824	-0.14812222	-0.33878702	-0.034344815	0.15519398	-0.17593376	-0.46008542	0.34684506	-0.34555554	0.05196383	0.013369031	0.33203238	-0.15782219	-0.32565454	-0.16705202	-0.60475755	1.013464	0.23185696	0.14806737	-0.34713095	0.7656343	0.63177925	0.25650936	-0.042119652	-0.2009441	0.34889758	0.44292513	0.31200078	0.55898315	0.32458964	0.31716076	-0.29572302	-0.060312305	0.025949951	0.6588236	-0.26142052	0.15954173	-0.5673938	-0.40920725	-0.8723346	0.041474797	-0.07291981	-0.018730152	-0.9752488	-0.079103135	-0.2156104	-0.43568733	-0.8433392	0.43838423	-0.3663075	-0.20770265	0.45633483	0.3127258	-0.5780534	0.7834059	-0.29488352	-0.287908	0.17294228	-0.14820223	0.34713948	0.20922707	0.2249479	0.07641594	0.72734886	-0.15059471	0.48976308	-0.019784875	0.82663697	-0.55080026	-0.0968038	-0.30363673	0.59203404	0.06986866	-0.85256225	0.64166915	0.27038807	-0.06088947	0.1467449	0.04392259	0.60049886	0.6534904	-0.24885568	-0.3064758	-0.6147787	0.21653058	0.44931078	0.057138387	-0.6882394	-0.2129853	-0.3554157	-0.060521554	0.112040095	0.4114755	0.22091475	-0.6160367	-0.2819447	-0.10917592	-0.24357907	-0.071026355	0.26184046	-0.8484786	-0.2782566	0.0095606055	0.4019821	-1.0306486	-0.43357354	0.37899274	0.48773608	-0.7183703	0.2887515	0.047672134	0.30917746	-0.16760227	-0.3662276	0.4668918	0.16108412	-0.50061715	-0.25537816	0.079525225	-0.17574035	-0.05209863
0.14305381	-0.42594984	0.21490957	0.32167947	-0.24291767	0.16863118	0.021172198	0.2107988	0.01584758	0.26509807	0.2500924	-0.51510596	0.44695804	0.3917391	0.39987493	-0.4374481	0.2910209	0.20686933	-0.5076867	-0.19079061	-0.09684445	0.32858053	0.12041254	-0.089382954	0.22041327	0.32943478	-0.07370477	-0.052994512	0.040104084	0.10127576	0.20815879	-0.39468005	-0.56229746	0.14729047	-0.020138444	0.31011856	0.50445515	-0.98635113	0.10472569	-0.13712204	-0.5371042	-0.21570246	0.13148141	-0.25349674	0.20403942	0.4871804	0.09059293	-0.81131005	-0.34770137	0.17837678	0.44321972	0.108660415	-0.23040928	-0.2036584	0.7149996	0.34304842	0.2999719	-0.31209624	0.08349101	0.2397149	-0.2052212	-0.23660013	-0.7552444	0.5438816	-0.20026119	0.52677727	-0.07223225	0.18051054	0.17958598	0.117744386	0.04689203	-0.24061337	-0.32751003	0.39821264	-0.4193687	-0.104984775	0.23040071	0.36791176	-0.22931834	-0.05570869	0.37815207	0.08014931	0.25319964	0.11074437	-0.35171196	-0.083795376	-0.1164092	-0.3363665	-0.94735366	-1.0174621	-0.55256426	-0.120366424	-0.4711191	-0.2356117	-0.46122962	-0.43209094	0.5149925	0.08115833	-0.5374803	-0.24562499	-0.08490582	-0.06499182	0.17693302	-0.5736183	-0.34974128	0.7381547	0.40309316	0.2717836	-0.20766729	-0.07581991	-0.6055957	0.008086342	-0.3658981	0.3045884	0.024079697	-0.67147356	0.14130697	-0.5144032	0.2001023	-0.52408206	0.2322162	-0.35882622	0.251786	0.107045196	-0.16783834	0.20438506	-0.1398169	0.57977	0.27816537	0.06392329	0.0494511	0.2874781	0.23631433	0.31740275	-0.19490065	0.2176808	-0.24058683	0.3989589	0.124553755	-0.23589896	-0.12842038	-0.07544915	0.22082019	-0.45645922	0.31024197	0.70589095	0.7137437	0.7299107	0.9868285	0.17019083
-0.93510216	-0.35818267	0.17872596	-0.14131494	0.24918085	-0.030447947	0.188964	0.8015717	0.074250594	0.27749956	0.050474435	0.41216376	0.06765125	-0.22878869	0.26164508	-0.4363376	-0.12959924	0.0349841	-0.4053471	0.39794758	-0.3643909	0.47603056	0.04348539	0.48216736	-0.044438038	0.4984834	0.22084138	-0.38289016	0.10606553	-0.3239482	-0.023693744	0.7698043	-0.48688656	-0.23694474	0.22370698	0.48023534	0.03983173	-0.80648345	-0.20779335	0.18818134	0.043512452	-0.7310836	-0.16461566	-0.6235242	-0.01765973	-0.4695852	0.037093706	0.6270173	-0.48155478	0.556455	-0.82937974	-0.53239846	-0.017690888	0.44396466	0.036839243	-0.48305425	0.27168968	0.31386015	0.46592972	0.15903583	0.5258696	0.07578791	-0.056393847	-0.12543774	-0.0987955	0.14547767	-0.2845588	0.19594768	0.6632078	0.41979456	0.023940682	-0.36477104	-0.7495715	0.5004048	-0.9000683	-0.31305286	-0.44684258	0.5486452	0.0026821056	-0.43809095	0.31735834	0.13526687	-0.18896388	0.26016763	-0.061308686	-0.60888207	0.17020193	-0.2818344	0.41054767	-0.06590839	-0.7115322	-0.381058	-0.53126156	-0.5550825	-0.11590001	-0.35915038	-0.058163803	-0.3566079	0.2578151	-0.035293926	0.6851769	0.21575484	0.08105038	0.06511742	0.48154458	-0.014789794	-0.097373635	0.45448104	-0.4696242	0.09480813	-0.21840642	-0.11305731	-0.4555808	-0.016138956	-0.9459433	0.15788446	0.2284745	0.178623	0.06864162	-0.2670373	-0.7015269	0.41993672	0.16275714	-0.5829674	-0.05683238	-0.04530895	0.009604417	0.48189276	-0.26827604	-0.30020764	0.26538885	-0.28600714	0.32478324	0.12123989	0.7267258	0.52329564	-0.16993181	0.09740328	0.4536383	-0.20850351	-0.073513374	-0.04299777	0.94425106	0.30210203	0.19502068	0.70785433	0.05841518	-0.17889218	0.08548104	0.06946071
-0.7376288	0.24935961	0.40583155	0.7861491	-0.13373655	0.07027535	-0.51307523	-0.008702629	0.060358368	-0.591648	0.047649343	-0.561846	0.31479308	0.1031213	-0.062534444	0.60889864	0.27729386	0.37802193	0.7409559	-0.055666022	0.11698952	0.032568622	-0.037168734	0.32357755	0.9189424	0.40957898	-0.68258095	0.6167757	-0.89832896	-0.1486142	-0.11281694	0.2422837	0.29311913	0.6936346	0.1507229	0.0690208	-0.5490408	0.16002104	0.30380604	0.39192772	0.23197341	0.19872494	-0.35757563	-0.25214547	-0.628043	0.47694135	-0.050823573	0.428954	0.3234445	0.4951272	0.011006699	-0.6189265	-0.45984915	-0.21491289	0.44820705	0.08891537	0.3741473	-0.4004263	-0.86820656	0.23027493	-0.841812	0.12281479	-0.29996774	0.23213688	-0.87560344	-0.11633464	-0.5129008	0.49717808	0.16444208	0.58210135	0.023420611	-0.11487143	-0.43911666	0.4847501	0.5327962	0.7818619	-0.11097977	1.1882553	-0.26978576	-0.36656743	0.09978183	-0.23331816	0.3541394	0.7092156	-0.26066145	-0.11038076	-0.045553185	0.0804865	-0.46658486	-0.58044714	-0.7626012	0.11529635	-0.008074975	-0.05907551	0.49171898	0.24355449	-0.3240631	0.9588787	-0.35379252	-0.50950015	-0.40967306	0.12475696	-0.7299259	0.0006522576	-0.23671897	0.21682413	-0.11901308	-0.15013793	0.08036124	-0.26810813	0.15226568	-0.5009432	-0.052296165	0.43897834	-0.31906253	0.045214433	0.38552085	0.15391165	-0.34886447	0.19425622	0.18207829	-0.062623285	0.5541935	-0.355447	-0.2583576	-0.48446453	0.25685427	-0.09608446	-0.42382756	-0.5602486	0.17234696	-0.14368138	0.20376743	-0.43502247	0.26299644	-0.17114484	0.4014085	-0.26698712	0.6632893	-0.22151078	0.1269987	-0.12064742	0.55854625	0.18415937	0.27257785	0.34203935	0.30278847	0.35451645	-0.24112377	0.24680668
-0.3612288	0.092474155	0.41875744	-0.22794911	0.1582322	-0.066881545	-0.25502262	-0.23695877	-0.71111804	0.5263778	0.31360763	0.01430151	0.0057644197	-0.30745015	0.1607401	0.27692792	-0.028421788	-0.26968357	-0.14708471	-0.006568652	-0.51139325	-0.04277716	-0.103017524	0.14613898	-0.33679095	0.158067	-0.29616553	0.022234218	0.025162272	0.17939301	-0.11640966	-0.21723363	0.018627495	0.5931291	0.18219663	0.1691528	0.5976507	-0.73637646	-0.066159636	0.80222684	-0.15766236	-0.5723982	0.44609672	0.45466286	-0.11862642	0.039680503	0.14961538	-0.31235805	-0.1719598	0.010475643	-0.29426876	-0.17514296	0.15588382	-0.30545244	0.15915021	-0.11990657	-0.040599488	0.67238426	-1.0725151	0.15546688	-0.28592762	0.028457282	-0.7164472	-0.28452688	-0.42575637	0.21141031	-0.39477885	-0.44873962	0.35261044	0.13480358	-0.5844885	0.1200722	0.36267793	-0.4710796	-0.19211408	-0.23023467	-0.36052957	-0.4277793	-0.31893662	-0.2738628	-0.49913946	0.07585368	-0.08026724	-0.025124302	0.0077120485	-0.16926076	-0.22041754	-0.04687643	0.13050681	-0.69574106	-0.84061575	0.63651806	-0.06295063	-0.27219537	-0.19703452	0.0843991	0.20079932	-0.124378264	-0.7836251	-0.5634336	0.6973162	-0.03809822	-0.25181162	-0.4297416	0.07577951	-0.013307217	0.4889516	0.27059066	-0.306753	-0.036596105	0.18635178	0.19356716	-0.22910817	0.353021	0.7168143	0.17225584	0.45111018	-0.09741213	-0.33074102	-0.56063485	-0.5244808	0.44378203	0.16396682	-0.099613845	-0.07648113	-0.44880638	0.323262	0.09041037	-0.41174302	-0.6430997	-0.36633998	0.15922001	-0.39264905	-0.56138045	-0.4068462	0.78752893	0.274675	-0.3027244	0.1397385	0.7225153	-0.045687933	0.12682168	0.5783175	-0.13793533	0.61235625	0.25534582	0.077025555	1.1085722	0.09019525	-0.23190767
0.36220464	-0.29827535	0.090539426	-0.056769576	0.029585492	0.33930266	0.020011425	0.032580797	-0.577314	0.68668944	-0.3532922	0.5549608	-0.29702595	-0.51051646	-0.5946538	0.11167484	0.60140175	-0.57870656	-0.33449546	-0.21982701	-0.30470097	0.16034558	0.18687525	0.3836468	0.48413068	0.6841267	0.15701333	-0.053247467	1.1656837	-0.47365394	0.24320486	-0.6270609	0.07451644	0.39998472	-0.1300097	-0.06782356	0.20442979	0.40436766	0.22773792	-0.147886	0.39709097	0.21667072	0.3271913	-0.05971432	-0.7086199	0.15768984	0.27341464	0.45244786	-0.8927526	-0.10400792	-0.5185134	-0.3562177	0.28789213	0.53742194	0.66423875	-0.19176367	0.31157073	-0.37281308	-0.3079263	0.1951291	-0.8383643	-0.1887588	-0.2652141	0.27714348	-0.57891285	0.20905012	0.078156814	-0.26068464	-0.5514296	0.18274294	-0.9372929	-0.54924995	0.41370156	-0.3555017	-0.14611872	-0.048930813	-0.032783743	0.5382651	0.5350832	-0.38920859	-0.20104307	0.28790867	-0.33730796	0.18394051	-0.04876545	-0.077621005	0.37758598	0.590898	-0.55563664	-0.19925818	-0.32565773	0.002342457	-0.30967098	-0.045793273	-0.079595484	-0.076490864	0.12900557	-0.085321	-0.05585573	-0.8641348	0.091510095	0.45370197	-0.45914686	-0.101550825	-0.19623885	0.87806535	-0.15337387	0.6293713	0.2237453	0.81055176	-0.119353294	-0.19593987	0.2542655	0.24308541	-0.006222204	-0.31450874	-0.61285913	0.5112027	-0.26581696	0.26709548	0.93018836	-0.27855888	0.4930695	-0.6135244	0.63503385	-0.32676548	-1.1438402	-0.81754667	-0.48852718	0.5076718	0.06619663	0.48347533	0.15284549	-0.24345058	-0.09336605	0.048775762	0.143711	-0.1907877	-0.401725	0.39389074	0.21905	0.097329095	-0.07739585	0.057177942	-0.1381463	0.42210412	-0.5527996	0.3186868	0.2605581	-0.90287477
-0.35417727	-0.20950466	-0.5315801	-0.326422	-0.16085264	-0.7140364	-0.49015206	0.13152008	-0.07560694	0.2792483	-1.0212177	-0.18036543	-0.6629982	0.14529963	0.5441056	-0.20970587	0.61037356	-0.24506715	-0.23722357	-0.21225296	-0.039795425	0.22550839	0.16401702	-0.13086206	0.08137374	0.8085762	-0.68397045	-0.06501811	0.6347121	-0.69235784	0.07228619	0.28170717	-0.50155115	-0.1426072	0.13726102	0.50567234	-0.58425367	0.34612048	0.2265458	-0.32003942	0.107274465	-0.05959453	0.016490227	0.023940878	1.2468438	0.09006848	0.29827303	-0.32913134	-0.48936662	0.12604041	0.04406831	-0.5737764	0.50066006	0.42671177	0.208138	0.47801018	0.1456379	-0.6027753	0.8316578	-0.27969772	-0.268705	0.06486025	-0.20016178	-0.19165072	-0.38428375	0.3635919	-0.45904168	-0.12673897	-0.39970648	0.48354456	-0.023716753	-0.009075744	0.552845	0.35412687	0.014541016	-0.7716343	0.26249853	0.7555255	-0.36659765	0.25482017	0.4060269	-0.36380032	0.33390558	0.09183833	0.589272	-0.45479187	0.528701	-0.14447057	-0.16266088	-0.27255273	-0.58440435	-0.18367966	0.25387534	-0.21292219	0.43524542	0.5177372	0.19044062	0.34673458	0.6924903	-0.6282371	0.005656983	0.028351871	-0.33078077	-0.62018126	0.288158	-0.012766334	-0.66356957	0.076728895	-0.090212926	-0.52602637	0.20034084	-0.40482488	-0.8009522	-0.29276428	0.26675537	-0.55690444	0.06906812	-0.7743618	-0.95801306	-0.20907058	0.54785156	0.14941427	0.064577006	-0.4277212	0.59222186	-0.1956883	0.010067717	0.45097157	-0.26291665	-0.07807967	-0.36401546	0.37081373	0.28377685	0.35533956	-0.22554839	0.7357392	-0.74911225	-0.41117284	0.3120386	-0.16981982	0.6325468	0.053798635	0.24418034	0.44415653	-0.13872582	0.85317844	0.1476926	0.7903358	0.13912775	0.13779074
-0.7286825	-0.0980639	0.31990603	-0.3399536	-0.19343026	0.534368	0.1446982	0.5335014	-0.42145887	0.15705198	-0.9163417	0.20434222	0.69668627	-0.3858484	-0.01589924	0.4185488	-0.08803028	-0.3086491	-0.5062765	0.10156727	-0.2975528	0.7218921	-0.62366897	-0.036842372	-0.06614506	0.6902308	-0.19888635	-0.062106986	-0.06647244	0.19227295	0.36171782	0.094210096	-0.94295216	-0.45489413	0.12773463	-0.24352953	0.4561135	-0.08415817	0.046364576	0.12908928	0.35091132	0.7217631	-0.14176336	-0.37934512	0.22068368	-0.2542739	-0.33288005	-0.17841	-0.1766199	-0.36804584	0.2519323	-0.09622066	-0.05874303	-0.16504362	0.3537032	-0.08936792	0.68501073	-0.025163738	-0.0562679	-0.028427288	0.18755864	-0.14674747	-0.07714473	0.12953632	-0.9022492	0.24740644	0.22957328	0.14389193	0.1818014	0.23943825	-0.23431106	-0.36943504	-0.540482	-0.39502892	-0.77268714	0.42454305	-0.4758302	0.30862358	-0.17528571	0.2803193	-0.26503348	-0.41432038	-0.23341206	0.11870359	-0.20018685	0.49587464	-0.3272642	-0.55168617	1.0539234	-0.5922714	-0.28699377	0.39782172	-0.7119137	0.0044556684	-0.61514944	0.38131723	0.15888414	0.6974991	1.1837261	0.08909346	-0.15261643	-0.10666578	0.18049017	0.3290624	0.26463145	0.50201374	-0.13320772	-0.34582615	0.6570054	0.90942407	-0.22494248	-0.0031477003	-0.2087878	0.89322764	0.04921981	0.01847712	0.0734493	-0.35025507	0.052811544	0.22825313	0.3032785	-0.20893556	0.067766964	-0.26771006	-0.4984966	0.24120413	-0.17444424	-0.3086661	-0.05406479	-0.2053445	-0.57886046	-0.047791906	0.3643708	-0.028185515	-0.10607041	-0.05871471	0.39009005	0.039696652	-0.17565455	0.63179517	0.66397786	0.17771934	-0.010686681	0.10021478	-0.28148437	0.29137522	0.5307243	-0.43008927	0.35356236	1.0594937
0.5102968	-0.13878013	0.6429466	-0.891945	-0.26324415	0.18879978	-0.4284074	0.25285915	-1.1401303	0.06826192	-0.34354484	-0.03507514	0.18183227	-0.023565613	0.047595084	-0.16033176	-0.032804526	0.17306352	-0.7391687	-0.16125683	0.10086307	-0.090668365	-0.117967054	0.28735444	0.5273017	0.30612224	0.17619872	-0.21442468	0.080007315	0.3916561	0.9295406	0.07840806	-0.22555864	-0.08913342	0.8687147	-0.25499368	-1.0155606	-0.17648576	-0.38896304	-0.13090318	0.8367649	0.4025196	-0.004602168	0.0662309	-0.08466923	0.02253667	-0.2689794	-0.34046796	-0.17331108	-0.11121654	-0.06851585	0.10119016	0.25163227	0.51891035	0.43882734	0.5348751	0.38975444	0.2176803	-0.28458783	-0.08322172	0.120379165	0.04104909	-0.03852836	0.77913594	-0.16805938	-0.34749576	-0.66716415	-0.54113585	0.07565393	0.49608037	-0.2795539	0.40116557	-0.245487	-0.060078714	0.034863535	-0.5041365	0.017526269	-0.26558056	-0.8261829	-0.80243814	-0.35252222	0.61043775	-0.010829364	-0.28468242	-0.04271276	-0.05613936	-0.10426936	-0.31517917	-0.2083063	0.0866946	-0.3012029	-0.2587326	-0.13170874	-0.07538174	0.7328796	0.043944787	0.52546734	0.35157722	-0.15693581	-0.5736337	-0.2926622	0.43893763	0.2621245	0.4327606	-0.48419213	-0.08043798	-0.25425732	-0.7714712	-0.40626842	0.6677181	0.122215696	-0.07837496	-0.15498203	1.271969	0.3575253	-0.49228615	-0.107093714	-0.3559609	-0.4387299	-0.44250602	0.6027764	-1.2541353	0.49786523	-0.5292024	-0.14794609	0.09597787	-0.41229695	0.5661974	0.31958225	-0.39611003	-0.79197234	-0.046778277	-0.03334905	0.39061105	-0.046954617	0.13322468	-0.49888358	-0.22490165	0.8260967	0.10750637	-0.3241828	-0.4343326	0.99735904	0.5088295	0.6842811	0.4427755	-0.093418196	-1.0072389	-0.73325974	-0.766743
-0.31177014	0.33886197	-0.68735707	-0.1587934	0.48669368	0.3341403	0.08548187	-0.002129245	-0.6987154	-0.044250976	-0.38308218	0.27140385	0.23769057	0.21527888	0.056982983	-0.573864	0.30628264	0.10672658	0.24817182	0.68153	-0.03698919	0.25127506	0.2919997	-0.28083545	0.43259382	0.33218974	0.06662246	-0.29648238	-0.48217696	0.18926036	0.4073926	-0.62163174	-0.016633498	-0.5061237	-0.56682724	-0.08139542	-0.7744576	-0.9673486	0.2964669	0.3246157	0.002619694	-0.14913751	-0.6222583	-0.79603827	0.019591046	0.18135767	-0.32131112	0.11393805	-0.062850766	-0.03814011	-0.65554184	0.07824568	-0.38531035	-0.013090723	-0.57678956	-0.04391192	0.16185723	0.09655258	0.54140925	0.17507988	0.21562824	-0.08449011	-0.1522918	0.17978272	0.09641737	0.44413388	0.52694064	-0.28452745	-0.11420893	0.56257534	-0.11198217	-0.13264148	0.4946266	-0.50794506	-0.3949657	0.13310239	-0.40243363	0.18351899	-0.10649528	-0.74484295	-0.3653747	-0.32074997	0.0663954	0.05197348	0.1537499	-0.87299556	0.05856753	0.43285632	0.02416157	-0.24046025	-0.46635526	0.7662476	0.056726456	-0.4085032	0.7915785	0.9662981	-0.2551157	-0.12894943	-0.39629424	-0.41300854	-0.0703577	-0.7264751	-0.5669374	0.13105842	-0.12192825	0.29753423	-0.05394225	-0.6118478	-0.13910154	0.030504877	-0.14408521	0.48190317	-0.48341072	0.30951527	0.05412175	-0.3230659	0.2353277	0.0065531544	-0.040550157	-0.078325376	0.5137904	-0.4081813	0.45494217	-0.9777747	-0.17442822	1.1928211	-0.10209176	-0.07524224	-0.0032893918	-0.29514053	-0.6613855	0.35776445	0.6158658	-0.13942656	0.38499507	-0.4431568	0.3884356	-0.21811885	-0.58960664	0.12126056	0.71814114	0.40562657	-0.35094264	0.17927407	0.048249353	0.47726533	-0.015503625	0.6321786	0.7508347	0.38977674
-0.16392393	-0.7034607	0.45309022	-0.2473925	-0.20491824	0.09977296	0.4750893	-0.08665606	0.028858691	0.110990785	0.6804266	0.49839586	0.042285725	-0.62990314	0.04860439	0.4443348	0.4384969	-0.4334457	0.35262668	0.069943585	-0.40616426	0.39506298	0.15777887	0.24801609	0.17293876	0.034247126	-1.1898733	-1.1208091	-0.19267963	0.6279333	-0.3017288	0.9216399	-0.4967259	0.24748366	-0.4843507	-0.30946398	0.510994	-0.59682214	-0.33303356	0.4981932	0.13807353	0.6816782	-0.20709027	-0.1422024	0.044508535	0.039885737	-0.80765986	0.03219429	-0.06358024	-0.10393706	-0.6596768	-0.049678735	0.18793952	0.1369092	-0.4195945	0.5114323	0.5919917	-0.103237644	0.44447568	0.039876096	-0.65479183	0.04869392	-0.20550387	0.6427862	-0.47385758	0.5549779	-0.16380255	-0.090947084	0.017171768	-0.40549994	-0.5722693	0.023812544	-0.2116962	0.2715619	0.23527312	-0.00054766587	-0.4014608	0.9491891	-0.4362731	-0.241604	0.25997677	-0.38724622	0.7737816	-0.060101964	-0.1604759	-0.69923645	0.2808254	-0.44611797	0.020525696	-0.35459924	-1.0237354	0.23968162	0.54297704	-0.1692534	0.34848085	-0.14991117	0.029288054	0.46091723	0.48573506	-0.35345846	-0.009125687	-0.27652067	0.3798388	-0.63497645	-0.64799273	0.6705049	-0.32258525	0.41058102	0.2263645	-0.13117442	-0.5245505	0.32244986	-0.82032585	0.19624408	-0.60460466	0.31646857	-0.17966932	-0.052507814	-0.1618267	0.5814062	-0.0017263528	0.38612878	0.56095177	0.39642987	0.1385814	-0.23466076	-0.06467638	0.33867797	-0.28532192	0.17630695	0.54106164	-0.19016261	0.074749514	-0.291735	-0.31209758	0.3298471	-0.19374758	0.53878117	-0.63841945	0.051047157	0.24948166	0.57313734	-0.08835876	-0.34288454	-0.021084657	0.032249518	0.0045860223	0.58457977	-0.06537458	-0.15094136
0.05842771	-0.124667756	-0.2871276	-0.13845427	-0.39236003	-0.038542535	-0.74269783	-0.19949372	-0.25685343	-0.27598834	0.24590275	-0.6554243	0.40729952	0.38293418	-0.3563487	0.4211678	0.42831162	-0.20749815	-0.48926818	-0.50871474	0.21848243	0.46119538	-0.36864957	0.5602041	0.1316077	0.09009905	-0.84735304	-0.15740944	0.01845452	0.37100548	0.7640911	-0.15326504	-0.8185045	-0.446797	-0.29011282	0.13113968	0.25712803	-0.019704394	0.62157345	0.129393	0.42366663	0.54867846	0.28177878	-0.67470807	0.21066616	0.17271289	-0.36555532	0.029663328	-0.33469632	0.1551201	-0.26571962	-0.34900123	-0.685567	-0.09875957	0.6113802	0.13604058	0.32404438	0.9553357	-0.1971267	-0.049111187	-0.008969493	-0.37293127	-0.289566	-0.24166313	0.40321434	-0.29045317	-0.30443847	-0.1904809	0.0409006	0.21588092	0.1189011	-0.27025777	-0.439473	-0.2840307	-0.31331697	0.20854567	-0.46532267	0.42449492	-0.09051354	-0.31212854	-0.5726549	-0.23066609	-0.2717548	0.06594119	-0.62879145	-0.09127931	-0.040306486	-0.12261765	0.09927915	-0.19629897	-0.37089756	0.20695677	0.023307225	0.4123228	0.40759814	0.02977972	0.48698205	-0.7285763	0.71367836	-0.08280503	0.2852594	-0.39050317	0.32123196	-0.43607658	0.41081268	0.2024915	-0.8072148	0.24893421	-0.17014809	0.5166454	0.42081162	-0.27681836	-0.48003152	0.27284792	0.33733985	0.001745085	-0.5584892	0.4234472	-0.24267912	-0.2645547	0.28982076	-0.10990542	0.44583637	-0.3932893	-0.09443827	-0.085715	0.21339807	0.19687356	0.6201054	-0.48399794	0.1445589	0.41178924	0.03260406	0.29205272	-0.5651971	0.4398019	-0.22243196	-0.13103282	0.4463018	0.30429655	0.67213243	-0.19983858	0.103761	-0.04860875	-0.10620908	0.517566	-0.4284158	0.17379686	-0.17721443	-0.24389331
0.099879585	-0.6809504	-0.0420717	0.024357395	-0.18683551	-0.33925325	-0.22915182	0.48632738	0.22169113	-0.56366307	-0.37905487	-0.35509375	-0.38259026	0.71471804	-0.19402543	-0.2543494	-0.40437856	-0.5251101	-0.3680119	0.39307922	-0.27332065	0.17367244	0.025112338	0.4485809	-0.38519055	0.36664957	-0.24061447	-0.12481833	0.21408787	0.33487886	0.42340717	-0.047043122	-0.13700624	0.078736454	-0.39983663	-0.38545614	0.77672905	-0.23539461	0.57627815	0.46292728	-0.042552363	0.67373526	0.054344717	0.37588298	-0.43116993	0.045085866	-0.15685587	0.19213615	-1.0149417	-0.22647905	-0.07433833	0.12292946	-0.6442796	0.6634034	-0.29640657	0.2439834	0.014346985	0.064743884	-0.8323718	-0.51231396	0.49812654	0.0961635	0.80942255	0.4785361	-0.67313725	0.1554546	-0.0056093866	0.32863072	-0.12288426	1.4283549	0.21275835	0.32177252	-0.4168964	0.4628391	-0.18912996	0.6027721	0.72268915	0.40377277	0.048722666	-0.01887215	0.5335999	0.5039956	-0.2926912	-0.06586343	-0.011459808	0.09862589	0.119866095	-0.24167775	0.12388758	-0.5772517	-0.575796	0.25650957	-0.27936146	-0.54579425	0.06223336	-0.4581874	-0.32730496	-0.44711402	1.0197442	0.28303516	-0.1079895	-0.80364424	-0.19160049	0.20609728	-0.074156456	0.48896635	-0.01905833	-0.17651676	-0.3717417	-0.2564856	0.5773732	0.2756756	-0.53929615	0.020653892	0.06347342	-0.81922776	0.062041327	-0.65359044	-0.062149085	-0.7025677	-0.493948	-0.02203236	-0.011166719	-0.19958456	0.36647862	-0.47939438	0.18965772	0.23916537	-0.72628236	-0.620041	-0.2670372	0.4432601	0.5352525	-0.15381825	0.7418103	0.79057705	-0.27963787	-0.054524913	0.26887405	-0.068401955	0.12237916	0.043633446	1.212315	-0.46313763	-0.4499977	-0.012939499	0.17164049	0.4349981	-0.09919689	0.17929319
-0.47999674	-0.18193673	-0.103012115	0.3588029	-0.23725192	0.4178692	0.23396493	0.37420237	-0.64936495	-0.041605335	-0.17012118	-0.6029252	0.011114128	-0.07594142	0.15210536	0.37019637	0.4692999	-0.30085444	0.15734224	0.7030162	0.44031575	0.57043695	-0.06536557	-0.07771779	-0.26364732	0.31005198	-0.991254	0.042217817	-0.102042526	-0.43241012	-0.21519011	-0.44267035	0.43624902	-0.12878393	-0.12116496	-0.32340613	0.48429763	-0.6933601	-0.27803603	-0.45727006	-0.2394119	0.9350156	0.21475832	-0.26880756	-0.15508658	0.58524966	0.37809658	0.62532604	-0.45812967	0.44839224	-0.30615455	-0.32273766	-0.9711788	0.2583909	0.016879218	0.21059637	0.35437363	0.7889686	0.3202761	0.3181566	-0.61084086	-0.4004147	-0.46999988	0.28181788	-1.1827481	-0.3074077	-0.042934332	-0.3226463	0.64447826	0.0682776	-0.20280658	0.62323785	-0.23250428	-0.23887533	-0.19712114	0.27339542	0.88047814	0.08288289	-0.22019978	-0.87028754	-0.2592661	-0.06722653	0.29558605	-0.31637254	0.7606531	0.057157908	0.10638365	-0.29690546	0.47444057	0.00026134448	-0.543971	-0.78979194	-0.2494005	-0.20090805	0.26383218	0.07091346	-0.41741136	0.038827986	-0.06520409	0.20049731	-0.3112792	-0.61577284	-0.3907015	0.4450147	-0.15706176	-0.2323458	-0.54791564	-0.31878304	0.8059769	0.37704223	0.15906763	-0.21269307	-0.36375657	0.27910998	0.341469	-0.3810144	-0.5430441	-0.38057956	-0.23950939	0.244801	-0.2234279	-0.26069257	0.07622367	-0.25563353	-0.55916	-0.4344084	0.52936065	0.4308602	-0.10126349	0.06572825	-0.18162997	0.12590733	-0.49972722	0.002960021	0.23529895	0.036328595	-0.052712448	-0.9615433	-0.098036155	-0.56058055	0.096127726	0.13128173	0.634767	0.28378016	0.5397909	0.4030706	-0.45486063	-0.022855483	0.06582509	-0.7436706
0.1590158	0.26024792	-0.097802706	-0.32430157	0.063301526	-0.1490194	0.000976764	0.46576345	-0.33281118	0.25536835	0.240433	-0.07537066	-0.03612037	-0.3031655	-0.073117	-0.2937938	0.1299087	-0.41543582	0.08716012	-0.04052548	0.19557086	0.10930248	-0.34219468	0.19758742	0.12752245	-0.16486943	-0.10090486	0.31907138	0.20040652	-0.073295124	-0.8305473	-0.07188684	-0.48290426	0.2951348	0.07615163	-0.07184859	0.37978637	-0.027630923	0.54794884	0.5452897	-0.32083338	-0.3570352	0.17439193	-0.2962426	-0.3010645	0.18900305	-0.10062161	0.57312435	0.06592176	0.11316917	-0.91057324	-0.015110328	-0.38450906	0.09454041	-0.006145024	0.10549255	0.62947583	-0.1827974	0.7113551	0.6345428	-0.4674633	0.4914979	0.29823315	-0.14799693	-0.5145225	-0.21974058	0.13856213	-0.51589835	-0.38850254	0.50727046	-0.24741969	0.16656587	-0.31163546	0.03282466	-0.13120577	0.65201217	-0.23351793	0.5235154	-0.57662797	-0.6120059	-0.04777099	-0.013754296	0.34888762	0.18354084	0.48241168	-0.031897716	0.20319076	-0.4273218	0.08119499	-0.3978034	0.034390617	0.14908834	-0.24004877	-0.2236553	-0.2522308	0.20759934	0.41909432	-0.023373263	0.12628213	0.009899568	-0.16044037	0.037692044	0.14536415	0.24391936	0.2737741	-0.13497698	0.09608731	0.019525602	-0.38836646	-0.015236421	-0.6494505	-0.13844334	-0.48317692	1.0388952	0.16681713	0.24519818	0.5352923	0.09132403	-0.30488175	0.34548965	-0.17671941	-0.14306062	-0.3572434	-0.509829	-0.14687774	-0.6397557	-0.3499391	0.7512314	0.08099956	0.2748928	-1.2574513	0.604353	0.18057686	0.4661819	0.08066618	0.37919307	0.2758667	0.4313222	-0.40056583	0.46410698	-0.06732822	0.6029015	0.72318906	-0.6360729	-0.001035018	0.6003575	-0.19286683	-0.25010422	-0.08526785	0.124686845
-0.17883696	-0.16127403	0.43073887	0.018335072	-0.16398142	-0.09645021	-0.31204373	-0.12557583	-0.7316413	0.31584615	0.26677895	-0.0453957	-0.56382364	-0.4262843	0.30963737	0.00941595	-0.35550547	0.38645974	-0.34906557	-0.10453816	-0.045404393	0.08381933	-0.12638456	0.66781396	-0.120617606	0.25118247	-0.059085153	-0.016749073	-0.15455505	0.015271811	-0.048113275	-0.4823228	-0.42365944	-0.13593535	-0.16021524	0.33915132	0.09271955	-0.6887981	-0.5307331	-0.2538804	-0.20944788	0.07877205	-0.24311902	-0.045443784	-0.016993202	0.08682306	-0.74022555	0.8597215	-0.3568763	0.13917525	0.43630865	0.1406611	-0.16416642	0.12099209	0.3405323	0.06568254	-0.80423933	-0.22407031	0.5729899	0.3875182	-0.6433287	-0.36994782	-0.07922779	0.16014098	-0.82268476	-0.010271987	0.46016726	-0.0062105535	0.4516969	0.72257257	-0.6523673	0.3675476	-0.20854205	0.12922972	-0.06703177	-0.26776153	0.26788306	0.772689	-0.5309865	-0.1301403	-0.18045457	0.18194588	-0.28306708	0.01740227	-0.2550349	-0.4512145	0.31201646	-0.11724114	0.19762672	0.16281196	0.0084462175	-0.6593529	-0.35279053	-0.6416134	0.07457073	-0.38295725	-0.27526984	-0.31004077	0.2994332	-0.73627543	0.45868236	0.14560662	-0.2957024	-0.5304722	-0.31985548	-0.31886867	-0.715	0.81149745	-0.40056956	-0.63291436	0.10784411	0.2170333	-0.11627828	0.7848914	0.18135443	0.916737	0.4225788	0.2862613	-0.2974236	0.37688333	0.27061424	0.20825922	-0.08774922	-0.42663303	-0.40511924	-0.09659693	-0.31572032	0.3019265	0.6645901	-0.41741592	-0.47816187	-0.010405111	0.097365126	-0.05139217	0.44519418	0.113976024	0.25090206	-0.7014592	0.16488309	0.24910516	-0.0967129	-0.42947826	-0.5159895	-0.38631842	-0.19392481	0.4425817	-0.038575955	-0.53303385	-0.2645927	-0.12150703
0.39742845	0.38881713	-0.22342029	0.5313825	-0.9250998	0.3697238	0.60744566	-0.26267916	-0.7510991	0.8577286	-0.12298295	0.30586538	0.0092946505	-0.3878896	-0.23945898	0.04445391	0.11144646	0.26151493	-0.7300979	0.45240307	-0.039520163	-0.2625178	-0.05742192	0.003330104	0.024466937	0.47231358	-0.59729755	-0.36505178	-0.28948092	0.2028125	0.13168393	-0.64566505	0.34807655	0.06980278	0.4393689	-0.60952103	-0.13026391	-0.60658807	-0.032802306	0.30149075	-0.6946106	0.10411075	0.59467787	-0.5463294	-0.26529408	0.56015337	0.08030205	-0.36111942	0.087095656	-0.0044576675	0.18367533	0.10985095	-0.04403607	0.45365894	-0.09879649	0.051320724	0.37533122	0.10362737	0.1133753	0.58732265	-0.3324738	0.41216272	-0.023577489	-0.16779236	0.45874298	-0.16551483	0.24380758	0.14382493	0.10093005	0.6924749	-0.06704554	0.4415492	0.26589155	-0.21653125	-0.1766359	0.19995037	-0.55618006	0.13373844	-0.6213894	-0.42743498	0.08961212	0.17869554	-0.17763413	0.5569932	0.30422527	-0.3945655	-0.62431324	-0.08887779	0.00086016307	-0.18474519	-0.5959354	0.8995058	0.41092968	-0.44286528	0.5791502	-0.5466713	-0.20988451	-0.020184385	-0.06825209	0.15748161	-0.269569	-0.21339129	0.013275468	-0.44077444	0.36069167	0.21550569	0.22017369	-0.064504765	-0.20516628	0.15748194	-0.22281209	-0.090525135	-0.19204824	0.057531465	-0.0714641	-0.5387585	0.2417031	0.037225608	-0.725142	-0.4905322	0.28427765	0.21619426	-0.3600082	0.14350177	-0.31799465	0.4681204	-1.0345451	0.42315173	0.35796192	-0.32763913	-0.0013850589	0.78864354	0.25860798	0.30912936	0.69880545	-0.3163406	0.044147067	-0.26974827	0.5101887	-0.18851328	0.21045294	0.35260278	0.47719672	-0.23367056	-0.927569	0.40535524	0.16483907	-0.5034233	0.1703638	0.09773723
0.38953927	-0.5596505	0.07710793	-0.1993535	-0.0110938875	-0.34509072	0.11149579	0.36213714	-0.85852236	0.12208108	-0.29237667	0.23738682	0.29246205	-0.052936666	-0.06082801	0.06957953	-0.44176015	-0.028244728	-0.27554873	-0.13950951	-0.33264345	-0.124365196	-0.17467928	0.06305529	-0.2781426	-0.22432333	0.46344337	0.558931	-0.3969862	0.113393456	-0.38183138	0.39329392	0.3588447	0.40270332	-0.079882964	-0.5151262	0.15009981	-0.6994747	-1.0157132	0.19658233	-0.60883754	-0.07718254	0.3178929	-0.44153666	0.3424642	-0.22229648	-0.12938166	0.5804113	-0.12504476	0.04235937	0.20690155	-0.3755553	0.1600941	0.41643772	0.14290248	0.011029016	0.106024995	0.4550842	-0.5133133	0.047161005	-0.31965888	-0.54435843	-0.37125677	0.64547414	-0.596266	-0.15049139	-0.19219406	-0.08883385	-0.7116063	0.12828699	-0.31303105	-0.20051707	-0.7250278	0.081164256	-0.06732254	0.6908386	0.11060923	0.20191845	0.19117805	-0.2496919	0.30087987	0.2939179	-0.22659186	0.563697	0.13844708	-0.12307506	-0.20451051	0.07027967	-0.6615827	0.3430597	-0.27598768	0.7527737	0.39879125	-0.34411353	0.052369628	0.3957043	0.5121166	0.44260716	-0.29983282	-0.87625575	-0.24355297	-0.23555967	-0.4781041	-0.3489887	-0.063079715	0.48960647	-0.058242396	-0.114429496	0.28243637	-0.52999514	-0.4543253	0.18402748	-0.5382908	-0.18175597	0.4849266	-0.26667336	0.37322077	-0.76598895	-0.6167788	0.3437656	-0.05233096	0.27414352	-0.71772546	0.088326626	0.61119664	-0.52270174	-0.21889316	0.62196034	-0.17087497	0.24155544	0.14983544	0.82299966	-0.010230128	-0.09669515	0.35379267	0.7225596	-0.08210725	-0.16631733	-0.4117244	0.29364043	-0.37596476	0.33559173	0.19423015	-0.067815065	0.040335916	-0.3273028	0.2256209	-0.07417052	0.7146252	0.17844597
-0.21985579	0.14337617	0.24560648	-0.8219658	-0.1541441	0.6219146	0.08885659	0.69233817	0.2530473	-0.06274164	-0.46004036	0.38049114	-0.34441715	-0.27298146	0.08778412	0.31891805	0.0071824095	0.6977489	-0.5210568	-0.91981775	0.3495713	0.52444893	-0.30983242	0.2511866	0.27877414	0.5260342	-0.28927127	-0.5175546	-0.26589203	-0.40509322	-0.067432515	-0.52954096	-0.47471815	-0.26903927	0.37041298	0.10459002	0.3441372	-0.655657	0.4614251	-0.016188374	-0.007879772	-0.13222213	-0.30647597	0.21782036	0.17554493	0.050447118	0.49748296	-0.3469683	-0.27018675	-0.010591908	-0.7913091	-0.20750025	0.51064986	0.11952044	-0.44175264	-0.6548953	0.71248657	0.8196227	0.085904434	0.60188264	-0.54098064	0.73915815	0.37961417	0.2622875	-0.31572518	-0.15649725	-0.4668342	-0.8137715	0.6566285	0.90673465	-0.07570012	0.46599856	0.17645837	0.44507226	0.6693212	0.5043545	0.21833877	-0.21205051	0.3802747	-0.2503319	0.43126634	-0.253288	0.18428403	-0.16330965	0.2555219	0.47865942	0.2562851	-0.114498615	-0.09136559	-0.73028827	-0.36470908	-0.30208	0.114636004	0.2914888	-0.44275695	-0.24906446	-0.44730598	-0.022782002	0.20175163	-0.590105	0.18457443	0.5694439	0.5960117	0.18483208	-1.0502024	0.30841383	0.6456727	0.80121535	-0.5036844	-0.028710788	0.041942973	0.5063322	-0.96470594	0.16312772	0.75994116	-0.22055462	0.21093458	0.5744642	-0.50027806	-0.21277358	0.31388468	-0.2981162	-0.22970115	0.10650461	-0.21653296	-0.39423543	-0.4266275	0.16835321	-0.027074547	-0.12980929	-0.07008925	-0.45190734	0.121902	0.91460973	0.72116095	0.18532465	-0.01130501	0.038085986	0.0049920115	0.56756395	-0.18137622	-0.4097256	0.7210351	0.13606	-0.29807764	1.2726638	-0.09437162	0.4393069	-0.49293432	0.08503491
0.12504366	-0.49563286	0.056326237	-0.052758094	-0.88919526	0.16686602	-0.73636925	0.024215726	-0.6147402	-0.10162124	0.1613942	-0.31210086	0.28895223	0.18564329	0.8377204	0.010383652	-0.3752222	-0.6298812	-0.21938983	0.069165304	0.21688744	-0.62699854	0.096141145	0.13524641	0.13692324	0.75235325	0.18208382	-0.32505557	0.4319828	-0.6451591	-0.5635463	-0.5533591	-0.78159213	0.2811621	0.07977205	0.33525497	-0.10708115	0.13897815	0.12355069	0.32212126	-0.0009556502	0.54903626	0.2551696	-0.43939027	-0.50959283	-0.3847815	-1.09897	-0.13778387	-0.20736851	0.36734563	-0.5252414	-0.41390944	-0.40491164	-0.019316098	0.32758412	0.41553468	-0.11248367	0.108028755	0.55428785	0.20577823	-0.66985524	0.0999355	0.2960824	-0.45494696	-0.22373049	-0.12026899	0.43924406	0.8015097	-0.14982522	-0.21756238	-0.23669	0.25459346	0.008428094	0.04130904	-0.920099	-0.072153345	-0.19566163	-0.011752782	-0.31819704	0.27664486	-0.19182605	0.2966057	-0.60598624	-0.01147767	0.20442046	-0.4671919	-0.012036545	0.34939677	-1.0114021	-0.12871088	-0.7322001	-0.05058338	0.11598902	0.8484103	0.256111	-0.803888	0.46248505	-0.1748469	0.8605726	-0.07643143	-0.028720358	-0.13800123	0.34169334	0.76844555	-0.4627248	-0.22247967	-0.58105373	-0.57293683	0.10035064	0.31098562	-0.0062097744	0.4862711	-0.7094869	0.32174626	0.93317175	-0.11738917	-0.07643298	-0.95741755	-0.43012634	-0.54430896	0.34552643	-0.27841514	0.08862007	-0.5541472	-0.08855075	-0.24644381	0.07867581	0.47326	0.15383346	-0.51730096	-0.09149977	0.63398725	-0.43508232	0.3459114	0.41221076	-0.101172574	0.31032372	0.30348614	0.591926	-0.016389688	-0.2083692	0.09178829	0.03304088	-0.110497355	0.22395566	0.82829833	0.10396096	0.4786484	0.15545183	-0.47454476
-0.061561003	0.34839833	0.2916367	0.04575359	0.048196025	-0.4686546	-0.3377598	-0.33570033	0.53551435	0.1805829	-0.1212075	0.30459097	0.010694349	0.2268776	-0.045908064	0.046473674	0.64737564	-0.53004044	0.31569257	0.20959647	-0.39434373	0.3927637	0.011133175	0.22469912	0.43605757	0.6977799	0.28482598	0.40220648	0.11250807	0.44244978	0.042298097	-0.2862117	0.43243968	0.19849285	0.6457449	-0.4679658	0.14966074	-0.2411718	0.34580237	-0.703825	0.52224326	-0.09612081	-0.091360755	-0.1040195	-0.49167696	0.50735587	0.05217924	0.47731677	-0.34648022	0.84434706	-0.4307819	0.21404004	0.14720796	0.24076685	0.037752207	0.403995	0.14564347	0.7944152	0.12966244	0.9712445	-0.8992876	0.42208868	-0.24979398	0.1983705	-0.114197865	0.7717515	0.15234342	0.07504115	-0.28216636	0.6244816	0.17724198	-0.72511095	-0.29942518	-0.26106617	-0.095065884	0.2479091	0.050904367	-0.65096956	-0.48369434	0.03840296	0.44841573	-0.2930523	0.19751467	-0.27659497	0.2997945	-0.662303	0.014582768	-0.3049276	-0.24032693	-0.39366233	-0.40078333	-0.21936083	0.35447538	-0.08689383	-0.7646399	-0.65209985	0.28428683	0.01091741	0.36525428	-0.5178482	0.7721922	-0.3981754	-0.35759178	-0.22952937	0.3460894	0.10608497	-0.96914285	-0.34679714	-0.19586045	-0.37961283	-0.5934219	0.6971575	-0.4654074	0.25824666	0.15604554	-0.6619393	-0.12248787	-0.18835106	-0.10914821	-0.08965172	0.18867704	-0.36400735	0.5284152	-0.36693865	0.38251138	-0.46282485	0.6808105	-0.5370418	-0.5351943	0.38815215	-0.80530864	0.403887	0.620273	-0.57948756	0.16687629	-0.61126965	0.35699168	-0.06764862	0.010376085	0.38887998	0.865495	1.0966988	0.7001926	0.5479177	0.14194275	0.27518994	-0.31877556	-0.107289635	-0.12033532	-0.07012003
-0.2548732	-0.76479656	0.4498267	0.19731107	-0.16601247	-0.61022204	0.30211127	-0.31036484	-0.6918502	0.665493	-0.82881093	0.22777952	0.005120704	-0.6093379	0.47795913	0.15064792	0.15163308	-0.5802313	-0.47675678	0.029767843	0.103801385	0.027184842	0.38505843	0.5496037	0.68432844	0.42393526	-0.1401971	0.07200638	-0.22215764	0.2722073	-0.24937141	0.10246111	0.062594235	-0.34541324	0.31331685	-0.103017725	0.25969473	-0.1384933	-0.28905377	-0.45591918	0.49291003	0.50556695	0.085462056	0.27431357	-0.021837277	0.19800384	-0.21491368	-0.3416946	-0.2150686	-0.09728431	0.5077068	0.0010264714	-0.19077292	0.76708144	-0.12792137	-0.9358572	-0.16361362	-0.17773464	0.23312552	1.0737921	-0.42639956	0.22985601	0.55449295	0.18938763	-0.19017537	0.69669914	-0.27038118	0.179237	-0.13084179	0.50614643	0.49540967	0.07777503	0.4441237	0.44727695	0.0026046284	-0.6242434	0.51751655	0.9385724	-0.6350475	-0.5236662	0.5636885	0.282199	-0.37312064	0.11468819	0.24155273	0.078487195	0.49055672	-0.051469944	-0.6070658	0.031122291	0.06146582	-0.04541329	-0.32510057	0.63486695	0.3423184	-0.36177558	0.106377326	0.22299235	0.037810504	-0.35922265	0.089743614	0.41824773	-0.23606598	0.020670073	-0.19234559	0.025004463	-0.28127506	-0.25346065	-0.8376133	-0.0691541	0.097504355	-0.4307724	0.34630936	-0.4785689	0.61785287	0.08868967	0.18041068	-0.06634859	-0.54514927	0.01876487	0.61082447	0.22009389	0.08036971	0.21738607	-0.047344998	0.04201586	0.07572185	-0.53576297	-0.28417018	0.041241307	-0.34476137	0.54417187	0.7793516	0.101063795	0.43744448	0.7718033	0.6836714	-0.13398325	-0.12352652	0.67326105	0.672397	-0.0003671255	0.92363614	-0.013493721	0.10686386	0.32131264	0.19425209	0.46458673	0.046231635	-0.0071194656
-1.0452479	0.115186535	-0.20413756	-0.40598652	-0.616344	-0.31990892	0.14281379	0.64844126	0.26549196	0.37686414	-0.28387457	-0.29505476	-0.87150186	0.5770982	0.91510516	-0.33946216	-0.21602513	-0.1347745	0.20608015	0.71739066	-1.0020243	-0.29166606	0.77656096	-0.27788347	1.3934783	0.021502296	-0.41947827	0.043091387	-0.1421219	0.22631696	-0.3941134	-0.006139604	-0.29674968	-0.64074266	-0.1592562	0.27837503	-0.22277553	-0.6483482	-0.02484179	0.4286064	0.058187447	0.23033637	-0.2689798	-0.72070056	-0.8612334	0.15718158	0.03882829	-0.18809552	-0.6553434	-0.48459476	-0.30970955	0.47606325	-0.29108632	0.38767666	0.12936558	-0.74748445	0.5851518	0.062410638	0.03543496	0.47957703	-0.021616818	0.17112105	-0.4803224	0.13537845	0.2148792	-0.13897419	-0.122328654	-0.61534774	0.025195394	-0.17444631	-0.961907	0.30294806	0.31536382	0.23925318	0.08355679	0.41399783	-0.031108886	-0.66689324	-0.6298099	-0.6073295	0.4646152	-0.003674173	-0.21742822	-0.046034515	0.086519845	0.042077255	0.30869722	0.23115832	-0.41574097	-0.11059153	-0.24739246	0.104079925	-0.34192264	0.13328779	0.09245056	-0.22904857	-0.3797206	-0.11593715	0.17893632	-0.29770848	0.06951268	-0.5757631	0.4503738	-0.5115163	0.29484618	-0.056953136	-0.39050978	0.06751474	-0.3483446	0.2337063	0.24294001	-0.72548044	0.012284611	0.6630022	-0.36407772	-1.1433084	0.263712	0.12317609	-0.6875999	0.692859	0.8178839	0.72593176	0.50057864	-0.07423458	-0.45471665	0.002165713	-0.17064722	0.41211364	-0.18201202	-0.4134692	0.24078949	-0.08271732	0.7757197	0.30865952	0.120821714	0.59556776	0.86057687	-0.15792605	-0.25993752	0.3400423	0.57047445	0.030307734	0.55813056	0.5864391	0.3125075	0.18373361	-0.22667009	0.6184674	0.36073512	0.12470675
0.16329944	-0.3396575	0.08073638	-0.31839928	-0.2853202	0.30631506	-0.64295024	0.048220035	0.18221451	0.35578218	0.34493706	0.25564224	-0.18982543	0.36319986	0.48966488	0.68891597	-0.3897535	0.6877135	0.22425623	0.67300946	0.39589763	0.18040763	-0.4223516	0.33751547	0.36583307	-0.08507257	-0.07254691	0.14887315	-0.3149323	0.3339277	0.28692645	-0.30975112	-0.47552383	0.032191597	-0.04326431	-0.12655509	0.63281274	-0.44413707	-0.28240594	0.028811246	0.49393815	-0.1455653	-0.437522	-0.2125296	0.012406235	0.37280613	0.02079094	-0.6332264	-0.29574946	-0.064512864	-0.70344234	-0.027472299	0.26410723	0.028901724	0.43533137	0.099623084	0.093718335	0.16896342	-0.0058436603	0.18006149	-0.34529153	-0.44211018	-0.17890032	-0.039253235	-0.12857841	-0.10760082	-0.1672253	0.015903575	-0.40564603	0.14230548	-0.3586506	0.29738158	-0.26139614	0.34350866	-0.48886704	0.12803522	0.36102927	0.08349752	0.021944134	0.11951582	0.014617996	-0.61777097	0.1848055	-0.15013094	0.2910637	-0.25912496	-0.12614666	-0.8905683	-0.060486883	-0.11807697	0.29840568	-0.37816495	0.54664594	-0.47153637	0.39494258	-0.05720482	-0.027355528	0.25106683	-0.16437076	-0.54129046	-0.079875536	0.3546817	0.024310326	0.06420324	0.008074218	-0.27573064	0.04637027	-0.3369291	0.2097754	0.17238657	-0.06315607	-0.34893745	-0.37668997	0.7237939	0.29565412	-0.020921083	0.53066295	-0.2816432	-0.5800156	0.30766064	0.88187826	0.27088532	0.31515473	-0.40546265	0.8127213	0.06702822	0.41855016	0.44121134	-0.6040683	-0.22961368	-0.48501113	-0.14236991	-0.051329892	-0.11245247	-0.1479181	0.29261875	0.39017147	0.17036086	-0.402369	0.268779	-0.13200052	-0.35698327	0.87437224	0.071852595	0.0147433	0.43912053	0.5166574	-0.16559047	0.33967805	-0.073698014
0.08531757	-0.52276605	-0.0024412777	-0.17112097	-0.40682676	-0.88160044	-0.020848082	-0.27092546	-0.03625939	0.065179475	-0.28417945	-0.09445796	-0.17062466	-0.26230428	0.5803047	0.44468895	0.001121442	-0.12597165	-0.10405524	0.3039876	0.60303384	0.53625065	0.06892925	0.02825044	0.5979942	0.5063107	-0.24571909	-0.31381837	0.5346644	-0.33551303	0.2690286	0.44549775	-0.020634923	0.49191865	-0.6871039	-0.009612753	0.02557924	-0.01573285	-0.708455	-0.1477733	0.5482942	0.4813362	0.1337245	0.47196102	0.16797608	0.081383765	-0.060516123	-0.5115858	-0.75751823	-0.6425503	-0.50896627	0.2967196	-0.13996977	0.31003132	-0.22772095	-0.77476174	-0.31994843	0.30621633	-0.020510936	0.8087076	-0.53959954	0.34315595	-0.16529503	0.58788514	-0.613762	-0.172406	-0.46100375	0.45342883	0.55336565	0.38037497	-0.003435969	0.11594275	-0.021313433	-0.3006115	0.01624363	0.8505473	-0.745147	0.1535359	-0.28702253	-0.15794417	0.18214539	0.017788652	-0.12234228	0.36813515	-0.45249477	-0.82522506	-0.40662152	-0.19877814	-0.19425736	0.13080636	-0.25019622	0.17179045	0.18578318	-0.79623616	0.5542151	1.0182575	0.19645368	-0.496222	0.4913035	-0.4317786	0.3367665	-0.2581507	0.554483	-0.29926714	-0.5117443	-0.046602458	0.7309543	-0.11155977	0.26213583	0.8371612	-0.46758193	-0.53047913	-0.06540726	0.039499145	0.45770553	-0.31868148	-0.014509419	-0.51385	-0.5600134	-0.37466264	-0.04879545	-0.20487578	0.41504064	-0.9382679	0.0699962	0.20087002	0.009815617	1.1474427	0.83289164	-0.4919384	-0.121277936	0.14443903	0.68751764	-0.3356508	0.19780579	0.36767006	-0.3109909	0.060158636	-0.6258688	0.7645954	0.46689054	-0.37643963	0.71386254	-0.3638066	0.2050447	-0.3455189	0.3000965	0.07508343	0.8570061	-0.059519354
-0.15325616	0.053333472	-0.09779686	0.052642334	0.31163022	-0.30005977	-0.4991268	-0.7695579	-1.327129	0.2132593	-0.16643709	0.20691824	-0.12363258	-0.9201185	0.560402	-0.023935495	0.14431089	-0.03451008	-0.5366485	0.09396837	-0.14971356	0.21342158	-0.24869	0.64033216	0.27866167	0.15679061	-0.06536888	-0.3029364	0.50425243	-0.47155684	0.6566803	-0.36964676	-0.75953346	-0.36539814	0.46160406	-0.2755059	0.23720348	-0.43306592	-0.1511347	0.7929154	-0.057260532	0.06590819	-0.20315963	-0.61813205	-0.14595772	-0.4838403	0.38195008	0.2900338	0.41283345	-0.27787617	-0.5171938	-0.35493663	-0.43863544	0.14248917	0.017794026	0.14111272	0.56737626	0.45134935	-1.0757903	-0.02954259	0.117852405	0.12929162	-0.06357235	0.45201555	-0.12793559	0.43138367	-0.7249198	0.36079618	-0.6017003	0.39760876	-0.056448128	-0.10424596	-0.6337852	0.3097566	-0.00062497746	-0.26459804	-0.42539477	-0.17848751	-0.7390906	-0.10903452	0.055389307	-0.10129253	-0.43891257	1.158735	0.30005267	-0.10072882	0.07218938	0.44587433	-0.024625164	-0.41408217	-0.6769917	0.5562492	0.034026906	-0.034141403	0.11160219	-0.12049066	-0.14896217	0.60730064	-0.26658547	-0.7253255	0.21185784	0.52843654	-0.23993209	-0.13930042	0.624718	0.015770981	-0.44049627	0.23141627	-0.04848444	0.30070594	-0.21611242	0.32895738	-0.24113852	-0.16046315	0.50303847	-0.35692844	-0.5882233	-0.5761394	0.21602772	0.09538897	0.30977643	0.08524725	0.33086494	-0.5513771	-0.89950013	-0.24720135	0.101932526	-0.5081219	0.47615936	-0.11884566	0.075704046	0.37029576	-0.3310079	-0.37803632	0.043039013	0.22402126	-0.084571406	0.3872643	0.29665285	-0.2136421	-0.49759516	0.1337706	0.51974386	0.09017238	-0.23662554	0.3440799	0.93561566	-0.10349796	-0.36251092	-0.2618499
-0.04455448	-0.18844306	0.8000719	0.010688346	0.29314682	-0.07395184	-0.15275005	0.4007158	-0.45554733	0.0906102	-0.11007963	0.5100583	-0.034527928	-0.08693494	-0.39334658	0.12632781	0.825572	-0.2276883	-0.17982438	0.19652836	-0.08423795	-0.21377598	-0.24381784	0.25568298	0.58810395	-0.066046864	0.13726348	0.08002653	-0.815903	0.079043634	0.14619604	-0.69037426	-0.9458913	0.20254079	0.26637572	-0.53100175	0.0801818	-0.79544634	0.039171744	0.2498616	-0.43934187	-0.30766994	-0.05716103	-0.1724681	0.08524782	-0.16371566	-0.0002814944	0.11514915	-0.30080435	-0.005440309	0.06525693	0.065360375	-0.38766885	0.0904198	-0.11672208	-0.3716561	0.2648923	-0.69615084	-0.6255668	0.46192175	0.33157513	-0.20325227	-0.35357937	0.6129603	-0.5565237	0.3113389	-0.35871756	-0.03312707	0.17237407	0.2186041	-0.5451935	-0.46950895	0.11528303	0.20331885	-0.61849785	-0.23488207	0.08707465	0.2044842	0.32867527	-0.1153232	0.9516424	-0.14943841	-0.30165648	-0.15602472	-0.2790906	0.13339436	0.19324102	-0.5686195	-0.1651077	0.170601	-0.087883174	0.8863015	0.5467612	-0.807048	-0.21299195	-0.4077588	0.5265352	-0.28080872	0.00858376	-0.08375759	-0.19388045	0.5312639	0.25311804	0.4763468	0.4928494	0.1981719	0.023368357	-0.14322475	0.44007504	0.08681924	-0.1808285	-0.27445108	-0.25541717	-0.21016707	-0.122633174	0.058863286	-0.25154382	-0.3594047	0.04718518	-0.41140854	0.4343746	0.77937335	-0.52882046	0.24022411	-1.3523681	-0.69185376	-0.5826372	0.36613348	0.2255885	-0.7032649	-0.05652321	-0.11324669	0.54420465	-0.22499803	-0.057169735	0.695016	0.002927134	0.23372364	-0.0537823	0.36847913	0.55151933	-0.090739705	0.22243181	0.11057543	0.31127787	0.47023216	0.097772054	-0.29577303	-0.14489782	-1.2058274
0.27319184	-0.49122787	-0.05621015	0.039091296	0.10578398	-0.25831997	-0.08112751	-0.04678884	0.13822126	0.7577174	-0.2537067	-0.16347592	-0.31803477	0.39416957	0.30779546	-0.29830617	0.12751459	-0.25743517	-0.65409106	-0.14195062	-0.4639931	-0.1674148	-0.673449	0.64099646	0.5657514	-0.052031405	-0.7030556	0.11012331	-0.11151308	-0.47653225	-0.28711358	-0.6532337	-0.3803938	0.3417098	0.86380416	0.7851435	0.71317405	-0.48420894	0.36960685	-0.6361092	-0.06711142	0.17021887	-0.35578212	-0.44378567	0.28964978	0.64281285	0.76748323	-0.53942424	0.7476828	0.43259734	0.24219848	-0.28878203	-1.0024964	-0.10772914	0.015085494	-0.07150679	0.07989826	0.6431149	-0.51799935	0.17805582	-0.0809885	0.49684578	-0.9056436	-0.8419299	-0.90294874	-0.641189	-0.32366914	0.07905969	-0.69826436	-0.07496957	-0.6952194	-0.21252951	0.24058768	0.20433299	0.05228179	0.25407755	-0.37128162	0.5659009	-0.57206297	-0.40799847	-0.29042393	-0.23187238	0.07857921	0.23066223	-0.4537907	0.09228003	-0.43026096	-0.03382072	0.195954	-0.35697618	0.31439736	0.029981632	0.10324306	0.040536966	0.07473245	0.44631	-0.5646703	0.5413957	0.42265877	-0.5878008	0.5890781	-0.51689184	1.6814476	0.24465321	-0.01917763	0.041289277	0.39197198	-0.3427129	-0.3938064	-0.5821201	0.068834335	-0.6618687	-0.2506684	0.5738189	-0.18154053	-0.12049527	0.15248664	-0.25196066	-0.44090587	-0.7191281	0.48472026	0.015650302	0.12618242	-0.630091	-0.0014512425	-0.5592638	-0.6279827	0.442547	-0.7445405	-0.24147795	0.39908776	0.93036157	-0.32280362	0.16881803	-0.24853627	-0.40033367	0.00034302022	0.77653086	-0.20052202	0.44483072	0.1502798	0.15658836	0.37640628	0.71053255	-0.2304779	0.46270254	-0.13049924	0.192654	0.17043304	-0.10961102
-0.3231683	-0.5687851	-0.23854983	-0.23166692	-0.48159185	0.16580465	0.7220809	0.46678805	-0.6405048	0.6672878	0.0023492298	-0.3237801	-0.27836204	-0.20698574	-0.5545813	-0.10734507	-0.16888708	-0.20396128	-0.32053247	0.45167273	-0.18533069	-0.5782333	0.09905811	0.26268435	0.0838441	0.5644502	0.13232277	0.4794125	-0.33281884	-0.74894136	-0.01637392	0.36356258	-0.060157947	0.4911074	-0.48477328	-0.61187994	0.2882347	-0.045069937	-0.3389284	-0.23115996	-0.17230804	0.2117123	0.45340127	-0.8637736	-0.2411966	-0.79724824	0.39426336	-0.3766588	-0.07295897	0.090539396	-0.15924993	0.17538595	0.17348288	-0.5706018	0.0297129	0.56852317	0.14329681	0.64371103	0.18505089	-0.47023645	0.6719439	0.1730638	-0.10692853	0.3710365	-0.046976473	-0.14862564	0.017012218	0.1431093	-0.08795424	0.012053859	-0.15430622	-0.23022862	-0.19083641	-0.4922457	0.06901525	0.13723165	0.2678	0.038226556	0.1142629	0.37668756	-0.10082415	-0.6280804	-0.5120157	0.653759	-0.09155204	-0.8511755	0.6701987	-0.20354769	0.547024	-0.0434574	-0.26339695	-0.65248716	-0.31871226	-0.3110496	0.46194485	-0.38138092	-0.2422836	0.6023799	0.3072454	-0.041961044	0.60712147	0.084170625	-0.10821976	0.0013168412	-0.1752371	0.028107563	0.3322224	-0.29972428	-0.5899568	-0.5057369	-0.5262276	-0.46088186	-1.2141427	0.5086463	-0.039379876	0.37616256	-0.005716978	0.27171093	-0.07906345	0.037043255	1.0718646	0.465538	-0.36111364	-0.52822024	-0.4306179	-0.4658548	-0.24295542	-0.47716337	-0.30181625	-0.7761255	0.026928358	0.31592962	0.060325503	-0.3556958	-0.5109208	0.49022672	0.058755055	-0.10756695	0.22287725	-0.014224825	0.22786355	0.36448663	0.32387185	-0.0883569	-0.2471576	0.7786039	-0.3079503	0.22709623	0.5058993	-0.08369827
0.8244475	-0.04173116	0.03269667	-0.71085227	-0.47543994	-0.07024771	-0.01791548	-0.36614177	-0.020286342	0.080217995	-0.32591942	0.15575159	-0.027110752	0.3288003	-0.49649847	-0.43143073	0.39444312	0.008334437	0.12551731	-0.75981677	-0.18564859	0.21568117	-0.50917816	0.3392918	-0.12547985	0.7351376	0.06250155	0.39112902	0.16785787	0.058082268	0.41737062	0.37224784	-0.3398371	-0.047509495	-0.30425182	0.76566607	0.3612797	0.24367468	0.7916373	0.06227351	0.33769432	-0.3784414	0.7675857	-0.12288736	0.362646	-0.28851777	-0.54223096	0.41584882	-0.27682385	0.61107063	-0.4480989	0.1604537	-0.03792079	0.5233324	0.7629163	0.121805675	-0.05390879	0.36230555	-0.38242394	0.34370306	-0.8852051	-0.21077548	0.017353008	0.13235456	-1.0535042	-0.09975742	0.47990483	-0.014303159	-0.1925397	0.71740556	0.32104087	-0.1296457	0.17076157	0.56153476	0.14097713	0.350354	-0.020290479	0.065878734	-0.20362438	-0.33283105	-0.49943775	-0.11964487	0.08956768	0.5446846	0.5258483	-0.0478769	-0.18225355	0.1760578	0.22237448	-0.25950372	-0.35433	-0.04574713	-0.46338668	-0.7444874	-0.29641667	-0.4060337	0.23696274	0.17673382	-0.47520185	-0.50532025	0.057486873	-0.41662863	0.6028076	0.22918323	0.11471631	-0.257902	-0.25207388	-0.102902845	-0.10103181	-0.23501918	-0.5858786	0.5288499	-0.093127586	-0.09395627	0.3043585	-0.14204568	0.33214706	-0.057384685	-0.14130743	0.3236511	0.48540065	-0.18709466	0.3446423	-0.5323388	-0.7271311	-0.5859225	-0.1185871	0.3051475	0.082965694	0.18246268	0.19798377	1.1662165	0.31888813	-0.46484864	0.19656643	1.0936555	0.057093646	0.2134544	0.020808604	0.98391	0.14453061	0.3940947	0.30243257	-0.3970536	-0.36232004	0.18455438	0.30173102	0.25690517	-0.24819714	-0.15100847
-0.33539978	-0.29675508	-0.2907251	-0.28800005	-0.10913104	-0.30271855	0.13719347	-0.36479896	-0.26521575	0.17736165	0.21298833	0.26586607	-0.32966262	-0.13194983	0.2704655	0.18584654	-0.18479067	-0.0018712098	0.105198935	0.5249961	-1.1558155	-0.2776375	-0.66171545	0.3406683	0.12907487	-0.29759762	-0.34282896	-0.29114538	-0.401826	-0.08044244	0.20780426	0.055896774	0.17514996	-0.71344143	-0.38795435	0.3177913	-0.02372075	-0.4766717	0.07690877	0.605728	0.14101337	0.0633764	0.29485616	-0.07089469	0.32287097	-0.26371646	0.09918198	-0.04539492	-0.7484346	0.0897178	0.446002	-0.45318085	0.26175416	-0.1230031	0.30570906	0.047193915	0.09854776	0.12268281	0.197443	0.3808901	-0.7157505	0.95664155	0.3501344	0.53968513	-0.2892351	0.3127213	0.06394528	0.28304753	-0.7618843	0.11704143	0.3623927	0.1366343	-0.15498067	-0.6531423	-0.14183484	-0.40740636	-0.027405694	0.78357023	-0.45541283	0.13252884	-0.020564156	-0.17075987	-0.58683866	0.37105116	0.18096948	-0.6948242	0.24149506	-0.058226798	0.09363628	-0.47645628	-0.32987547	0.4349604	-0.4570513	-0.14726187	-0.59799945	-0.4323665	0.00867169	-0.14483266	-0.60319984	-0.124919444	0.093931116	-0.077066764	0.17019759	-0.06090227	-0.3386433	-0.030192439	0.17134924	-0.20473382	-0.086911656	-0.02603645	0.10751277	0.35410166	-0.7463836	0.68312615	0.286286	-0.9315754	0.12978752	-0.6368416	0.15914883	-0.106360205	0.32272914	-0.35809615	0.13584913	-0.07417299	0.22447002	0.2861432	-0.101178624	-0.2491675	0.041688357	-0.5510694	-0.8890211	0.40473	1.0916396	0.14292708	0.3658893	0.054903094	0.6400389	-0.38047922	-0.5836664	-0.26989374	0.38097763	-0.0013659099	0.26122105	0.0075324094	0.00651186	-0.2814187	-0.17724982	0.44389096	0.08251408	0.45589906
-0.10178325	0.07727204	0.440752	0.400133	0.5903794	-0.120657295	-0.5031598	0.6298976	-0.0011733891	-0.282771	0.10758867	-0.27910233	-0.37856415	-0.26203427	0.43997544	0.16770785	-0.20059128	0.083976336	-0.071528815	0.39206126	-0.042042058	-0.25606993	-0.42286366	-0.27762744	0.15919831	0.38472742	-0.4817685	-0.6996396	0.074955285	0.019059088	0.55718094	-0.24419466	-0.5109297	0.76427144	0.59837097	0.28292596	0.6264486	-0.10805404	-0.076184064	0.0135163255	-0.26899046	0.3244899	0.15484683	-0.25468913	0.03293076	0.4681759	0.15363866	0.03849217	-0.86124283	0.20957597	-0.039480444	0.2271792	-0.11660634	0.3365816	-0.32609355	0.75792176	0.056763582	1.2288531	0.11144101	0.11435728	0.0827857	0.19444026	-0.04108929	-0.08790004	0.22851495	0.3793145	0.69074553	0.033994753	-0.1644735	0.600927	-0.21483494	0.0063982587	-1.0380208	0.55667937	0.126877	0.07165254	-0.32016855	-0.14339325	0.1356991	-0.16634215	0.40393892	-0.2320601	-0.24069764	-0.0072319536	-0.49973044	0.21273576	0.6034156	-0.13454498	0.071568474	-0.17805628	-0.49622464	-0.04574768	-0.01604219	-0.5248093	0.1320615	0.36216098	-0.3107628	0.60710734	0.27612415	-0.30953765	0.10836215	-0.08076939	0.2607493	0.16584848	-0.2764604	-0.3889401	-0.22159623	0.08127017	0.24176112	-0.25145283	-0.20869951	0.20644854	-0.08379553	0.07680332	0.34783146	0.2883896	0.19408213	-0.26635486	-0.6671019	0.15969676	0.61925894	0.05859864	-0.09478817	-0.13492407	-0.3840366	0.45470318	0.386059	-0.04189409	0.0869911	-0.109927885	-0.23833607	0.47570792	0.025386523	-0.16248101	-0.24050984	0.44881165	0.689931	0.5534488	-0.118811876	-0.43879798	-0.0052448004	-0.1765661	0.41098505	0.07208392	0.03013463	0.6321293	0.7807355	-0.43490794	0.26278046	-0.36468711
0.11913224	-0.050883867	0.019602943	-0.06630813	-0.6714409	-0.05733139	0.108387284	-0.544577	0.020645667	0.1638855	0.031648874	0.34748596	0.036125176	-0.06262243	-0.9753334	-0.54107	0.4649035	-0.46709	0.25569504	-0.20874307	0.16003262	-0.11726466	-0.3560965	0.6734555	1.6167932	0.54812926	-0.4222101	-0.30300668	-0.3168648	-0.22276047	1.2033452	0.541388	0.061286375	-0.713095	-0.05895318	-0.8541754	-0.17382157	-0.71854514	-0.51732856	0.30471063	0.027665175	-0.30482507	0.14654931	0.13031653	-0.2505688	-0.38589227	-1.6652812	0.39175066	-0.24314706	-0.20101006	-0.3733736	-1.1065966	-0.6889131	-1.0979878	0.07398288	0.77180123	0.24818829	0.33089298	-0.12961538	0.48282218	0.006973421	-0.1913296	0.39187366	0.7083717	0.48961592	-0.2717023	0.6444639	0.4573347	-0.32879373	0.71144456	-0.289913	-0.13011326	-0.76929724	-0.32979122	-0.63628936	-0.2148935	-0.117687546	0.6755796	-0.6921267	0.28546903	0.48630512	-0.019493822	0.21476133	-0.7440994	-0.14450887	-0.3073995	0.03881773	-0.24454005	-0.26795068	-0.5681608	-0.21147949	-0.48376372	0.396277	-0.47370136	-0.024496574	-0.26815158	0.2459432	0.25795195	-0.5590441	-0.050031967	0.298428	-0.49074924	0.48178652	-0.42808807	-0.42122084	0.46897048	0.85759073	-0.21004896	0.11769166	0.571753	-0.7726879	0.30683908	-0.4445475	0.9767089	-0.024428828	-0.20661123	0.32482845	-0.23315796	-0.06342543	-0.69308573	-0.46154705	0.8156943	0.13433161	0.06565402	0.4893303	-0.33237705	-0.17876676	-0.39511347	0.15870817	0.23742516	-0.5694795	0.28294212	0.043290276	-0.47674647	-0.35535556	0.12633479	-0.018774068	-0.96273017	-0.05306531	0.2951629	-0.33247125	0.16112919	0.09289245	0.12944487	0.44529772	-0.1095841	0.11945491	0.56931305	-0.12991951	-0.1265819
-0.42232245	-0.41567254	0.0022679048	-0.08260382	-0.28855762	0.35908437	0.18651293	-0.22502057	-0.14427334	0.47699115	0.17115374	0.53457206	-0.2525977	-0.31662723	-1.0169162	0.13262217	0.54451436	0.70373565	0.9269218	-0.5452242	-0.08080022	0.17777279	-0.6075288	-0.19906718	0.73233336	-0.044085186	-0.4500887	-0.21867858	-0.3877486	-0.33373174	0.2959398	0.42948914	-0.38469017	-0.0076789893	-0.26301306	-0.53052723	-0.5716664	-0.22779463	0.26108602	0.67662364	0.34217095	0.13413009	0.0034417314	-0.5901138	0.7741849	0.06698051	0.3377877	-0.19319429	-0.06666987	-0.13083237	0.2834711	-0.70044404	-0.07472682	0.975987	-0.026469868	0.30612484	0.3754018	-0.2688235	-0.50627905	0.030987246	0.06504889	-0.0972875	-0.07174068	-0.07358217	-0.34840536	0.119941905	-0.44150752	0.14646184	-0.8613705	0.3730356	-0.4611699	-0.37329587	-0.07058474	0.24659227	-0.98074603	-0.5777052	-0.037772506	-0.25132072	-0.3463641	-0.28902712	0.31299043	0.37485108	0.07880752	-0.21703635	0.27596754	-0.8276812	-0.24887152	0.14975646	-0.99655336	-0.007720379	-0.97720826	0.08432494	0.5060752	-0.8397535	-0.4041257	-0.15373424	0.29983667	-0.37351623	0.3333965	-0.7346242	0.28488657	-0.55687076	0.1371819	0.61166716	-0.042597685	-0.28474772	-0.17001218	-0.33262843	0.23615012	0.64748394	-0.15809815	0.27380168	0.21320127	0.11952734	-0.17507209	-0.031865794	0.38175666	-0.4134186	0.1913711	-0.23828188	0.265768	0.3527898	-0.073139824	0.28914535	-0.651163	-0.24608167	0.3023911	-0.32403916	0.3600998	-0.1400244	-0.115920626	0.76325655	0.39219812	0.22290303	1.0072607	0.5311474	1.127281	0.6374036	-0.30466834	0.22287276	0.12016558	-0.5653876	0.46960354	-0.63804406	-0.11333423	0.7006031	0.18413527	-0.25465265	0.3056844	-0.4066251
-0.6254014	-0.53348845	0.24193177	-0.38064513	-0.35637015	0.08253335	0.3972948	-0.5299552	0.41834715	0.072854266	-0.14996596	0.14981973	0.46372494	-0.83565795	0.148751	-0.20690209	-0.43396324	0.09852549	-0.47984973	-0.19402082	0.88128793	0.7674239	-0.23307554	0.4550775	0.39315823	0.36808878	0.087010056	-0.36683148	-0.11239947	-0.3286364	-0.060212154	-0.41994107	0.055543892	-0.32814372	0.33840352	-0.2640466	0.23456627	-0.4225778	0.8229537	0.37796354	0.42257082	0.33872738	0.44204158	-0.72814125	-0.25077257	0.5491715	0.6059166	0.23602869	-0.36790183	0.21837296	0.2952504	-0.8098845	0.41153798	-0.3119008	-1.2315948	0.2150844	0.05658813	-0.3345931	0.52301764	0.8627779	-0.2402203	0.2275588	-0.16718599	-0.26900703	-0.86000896	0.04620134	0.18006128	-0.41119686	0.31358162	0.123418346	-0.1316297	0.08021563	-0.21223827	0.30357832	-1.0327035	-0.49803123	0.4969035	0.55611455	0.6529213	-0.013047768	0.03199971	0.4241501	-0.48366442	0.06697789	-0.017667789	0.08323048	-0.05865897	-0.35726795	-0.2151726	-0.57740146	0.50341284	0.40917593	-0.23822902	0.06362243	0.5652395	-0.6511462	0.2517328	0.5320044	-0.75423187	-0.77414525	-0.19947323	0.75227743	0.081753254	-0.43557107	-0.105640315	0.40037996	-0.19148877	0.023891019	0.2720705	0.1456575	0.23616092	0.0807855	-0.2646947	0.68714184	-0.07957952	-0.10541508	0.43666828	0.73850834	0.044298876	0.17911279	-0.60973585	-0.22624987	-0.38618964	-0.32290667	0.30038768	-0.44783276	0.26194006	0.23263475	-0.3258978	-0.5079993	0.09139418	0.46814048	0.578602	-0.5792645	-0.043873526	-0.008487329	0.3109189	0.52400625	-0.09353475	0.1953738	0.16113938	0.16858333	0.4550412	0.6936928	-0.26425925	0.3993848	-0.12023303	0.2860794	0.086056545	0.29018176
-0.5740431	-0.32789737	-0.21870624	-0.24425483	-0.15311784	0.20078622	0.31160203	0.07601026	-0.3980266	0.047496684	0.37741095	-0.7143502	-0.27963042	0.2827062	-0.6793491	-0.71870345	0.18774372	0.01476697	-0.50887203	0.31504247	-0.22677584	0.11381286	-0.2740613	-0.6362617	0.1336824	0.6343066	-0.08918288	0.2890565	0.028917845	0.58626956	0.16674213	-0.4211274	-0.41017777	-0.66836876	0.017246414	-0.3042468	-1.0870203	-0.63260883	0.15620685	-0.24899212	-0.79218215	0.33693066	0.5999671	-0.3644295	-0.36976555	0.25886193	-0.06418571	-0.20439214	-0.013944916	-0.47771505	-0.0013703177	-0.5413909	0.4093039	-0.04587101	0.029452622	-0.04688183	0.12420221	0.06513999	0.75314313	0.37269026	-0.46370742	-0.24083698	0.52224576	0.5724613	-0.44060513	-0.33892602	0.092544556	-0.20685253	-0.05929217	0.3696361	-0.08449202	-0.3276862	-0.9156738	0.034550212	0.33325392	0.31504887	0.32472882	0.23630972	0.056674223	-0.8889649	-0.28981596	0.4914567	0.43165207	0.27853137	0.31986743	-0.8791431	0.20651503	0.4747208	-0.56745327	-0.29163235	-0.1637584	0.52960145	0.6655978	-0.06582807	-0.6388863	-0.31602502	-0.025261378	-0.4899911	0.3920636	0.07726673	0.9195952	-0.56375194	-0.60383105	-0.44676623	-0.25274825	0.09718122	-0.1745418	-0.28138068	0.48574722	0.5505879	-0.41707158	-0.56973076	-0.1451241	0.47940087	0.25360712	0.5242869	-0.33304033	0.2393889	-0.1752445	-0.48892903	0.24414074	0.52136976	0.60705525	0.108769946	-0.06220763	0.19518742	-0.18904449	-0.31505862	-0.28220466	-0.169839	0.23596069	0.16221005	0.13378988	-0.039403036	0.82374084	0.2563234	0.21987979	-0.71089685	-0.8088255	0.8022687	-0.30439112	-0.5834422	0.6972708	0.71591115	-0.2982191	0.31754357	-0.26834092	-0.8765216	-0.14841776	0.38850236
0.25426617	0.42589006	1.0262623	0.32306263	0.5807014	-0.36062446	-0.20595676	0.61420053	0.08153529	-0.15287676	0.3149331	0.21430497	-0.027309574	-0.070618436	-0.062781535	0.34197384	0.31259808	0.53431284	-0.521932	-0.0767644	-0.43120402	-0.04787147	-0.18927018	-0.1866693	0.62151986	0.37822905	0.22193046	-0.5689113	0.31422377	-0.26725307	0.41253945	-0.47075558	0.06630297	0.0832275	-0.5079357	0.24118303	0.57533956	-0.71383804	-0.34313363	0.13019025	-0.57036674	-0.06393068	-0.075659275	0.20324066	0.08005014	0.3788498	0.646383	0.6992272	-0.72158897	0.1948674	-0.68283105	0.21300723	0.31623694	-0.5379886	0.86633694	-0.08089513	0.4148296	0.10970217	0.23099193	0.55658954	-0.5767136	0.0052847434	-0.19925712	0.1369047	-0.58625567	-0.6131466	0.607263	-0.08564815	-0.6906098	0.18415715	-0.3724662	-0.058876608	-0.5508461	-0.2846587	-0.3711297	-0.41151506	-0.0047871224	0.31870332	-0.39135653	-0.28491178	-0.01606088	-0.2574887	-0.057784427	0.23311153	0.3486979	0.3538392	0.19733581	-0.32402894	-0.2771244	-0.89757365	-0.29994237	0.43658677	0.26904395	-0.49994737	-0.8074975	-0.5082883	-0.42921168	0.077969454	0.0980857	0.051138032	0.09553024	-0.07193253	-0.039213955	-0.4373586	-0.53618807	-0.11654262	0.20980634	-0.04309285	0.029558606	-0.25586107	0.076400734	0.16111955	-0.45871368	0.16673535	-0.32636148	0.43923742	0.13336237	0.036583126	-0.36822903	0.14700446	0.71838605	-0.34839827	0.1957528	0.19378422	-0.35955873	-0.5126009	-0.09208418	0.004801102	0.890747	0.0037177135	-0.110508546	0.75643873	0.22689441	-0.2607319	-0.14290893	0.2170953	-0.44532707	-0.9924907	-0.48189715	0.10650412	-0.080687575	-0.24999236	0.7187587	0.30619335	-0.18972148	-0.14274223	0.061323225	-0.09792177	-0.09786151	-0.06853435
-0.35339272	-0.52679294	-0.17415847	-0.37841648	0.32551453	0.1755347	0.21720812	-0.4182437	-0.5119909	0.23192352	-0.10549443	0.06908008	-0.012175603	-0.40025365	0.52749956	0.59189594	0.34569716	0.02456985	-0.3203801	0.5791637	-0.27497107	0.4322772	0.08073962	-0.4008667	0.6174493	-0.62823576	0.056456912	0.38567457	-0.12006174	-0.1429066	0.4371735	-0.62806463	0.13922638	-0.029614095	0.05236789	0.45081136	0.021809619	-0.85092473	0.40813223	-0.18350464	0.47342226	-0.1749733	0.6208336	0.029770708	0.2507802	0.41415223	-0.41687715	-0.11938791	0.40549237	-0.7467764	0.39003685	-0.59552544	-0.06301311	-0.25068632	0.31440678	0.06653372	-0.31839335	-0.2794558	-1.1388456	0.16469055	0.22889155	0.6979389	0.20049246	0.57541746	-0.24994643	-0.140766	-0.27376583	0.24784902	-0.38347888	-0.113274544	-0.6410271	-0.20190214	-0.034745622	-0.25498435	0.10094564	-0.13537996	-0.99901634	0.33418322	0.026170773	-0.12020592	-0.7121663	0.10033484	-0.51557446	0.42504653	0.1569109	0.0032280427	0.22294863	-0.2721353	0.3312042	-0.78330964	-0.1302481	0.36391085	-0.724461	-1.2079175	-0.85477036	-0.8831512	0.077882156	0.0023468717	0.68376327	0.037711866	-0.075054616	-0.06278815	0.26495188	0.08005771	-0.062068254	0.25059867	-0.6447624	-0.12244754	-0.6532385	-0.20637628	0.19291638	-0.08554167	-0.69381005	-0.12753943	-0.34247926	-0.39998925	0.5645783	-0.30078	0.06243654	0.33113652	0.39493045	0.5644866	-0.24398339	-0.06935844	0.7586477	-0.0553475	-0.22106405	0.44353655	0.21318907	-0.4640474	-0.38796425	0.55730546	0.57207716	-0.10664129	0.14588967	0.2061649	0.63920844	-0.6777215	0.31604093	0.0015598183	0.40681386	0.16088958	-0.3014459	-0.43518713	0.1475165	0.51343423	-0.17913534	0.1750781	0.4123256	-0.7534146
0.86591494	-0.108200006	-0.38231322	-0.21976922	0.80358577	-0.11356832	0.78137636	0.42492267	-0.64137304	0.8424123	-0.67584014	0.1349197	-0.50581276	-0.013035169	0.058683608	0.3490105	0.056499362	-0.13458842	0.040121045	-0.38446975	-1.3905698	0.34699684	-0.610095	0.2902606	-0.04703377	-0.046764072	0.07316004	0.7263332	0.807369	0.23371309	0.057034157	-0.15837032	0.7784255	0.06575807	-0.18734673	-0.20138395	0.3351619	-0.09558738	0.36437815	0.48490584	0.20179313	-0.17583942	-0.00480077	-0.5787861	-0.9321084	0.28950602	0.044293035	0.16598988	-0.27443448	0.088551395	0.039238214	-0.94669896	-0.04683166	-0.28005722	-0.10095864	-0.47135934	0.3874092	-0.16111952	0.16010022	0.4795631	-0.29912347	-0.4548961	-0.4331466	0.3665588	-1.7173635	-0.37350684	0.2804172	-0.17045623	-0.17447883	0.00035610647	-0.8855559	0.09202399	0.22671477	0.93990505	0.3549559	0.20348881	-0.15783325	0.19443487	-0.9701606	0.075587094	0.037264656	0.099246584	-0.5387252	-0.63468933	-0.6176546	-0.15980223	0.34390733	-0.31812358	0.29402816	-0.55912435	-0.53684324	-0.5813833	0.7132072	-0.22488761	0.18498161	-0.23268627	-0.108823225	0.082362406	0.094417065	0.350621	-0.373001	-0.7018192	0.5776961	-0.30094635	-0.08015515	0.557108	0.16498749	0.26960728	-0.093834706	0.64745015	0.030391974	0.16129507	0.437961	0.9908442	1.081629	-0.2297766	-0.20279108	-0.88120925	-0.3798239	0.3396038	0.3861961	0.23267947	0.08394951	-0.10527708	0.18484187	-0.7573578	-0.25984582	0.34712905	0.24387611	0.6358237	0.47439915	-0.015938291	0.15929988	-0.3284977	0.21217245	0.2723215	0.36195642	-0.26962465	0.051033575	0.32838172	0.65791386	-0.31224185	-0.24276741	0.11342059	0.3069975	0.15346245	0.12454164	0.5619187	0.5684447	0.15925564
-0.71578777	-0.7216349	0.67055064	0.7321431	0.29726958	-0.1273829	-0.034497377	-0.2483056	0.16349195	0.2172686	-0.0885812	0.14342056	0.19867891	-0.3309701	-0.16389257	0.35215902	0.39478907	0.4003048	0.28675625	-0.9667808	-0.34248176	-0.26358858	0.27772105	1.3326495	-0.09994963	0.94829637	-0.5399333	-0.5279917	-0.07425339	-0.9695386	0.34828076	0.52146214	0.027160138	-0.23402947	1.1701721	-0.22543654	0.33195594	-0.16878211	-0.20631696	0.4394592	-0.8052097	-0.41070798	-0.68890125	-1.25394	-0.039867215	-0.11016627	0.14311987	-0.5107788	-0.4718879	0.33519578	-0.08010124	-0.067179196	-0.26371375	-0.12540919	0.03935921	0.56823295	-0.06656146	0.545857	0.22171172	0.08733034	-0.58341044	0.49080497	-0.32810226	0.23475143	-0.38151124	0.060756154	0.5290046	0.020010358	0.51795274	0.07600216	-0.020555843	0.441939	-0.25822285	0.7428379	0.10875077	-0.16033892	-0.45489645	0.361869	0.0011041556	-0.603844	0.25584894	0.38185388	0.2907294	0.1898749	-0.31743315	-0.35916972	0.170831	-0.25996536	0.2087317	-0.79026896	-0.50153744	-0.16053262	-0.47237343	0.7341762	-0.033566836	0.10340228	-0.030888408	0.29805386	0.52026546	-0.09348309	-0.22173147	-0.40720087	-0.13497029	-0.23307976	-0.22259489	-0.81560314	0.20023122	-0.4524873	0.08077195	-0.18439876	-0.44572353	-0.2822894	-0.2959829	0.41725764	-0.3864408	-0.4205956	0.23205078	0.13369437	-0.41449958	0.2871132	-0.81961256	-0.54865324	0.23023635	0.04620533	-0.45143583	0.31154758	0.54543835	-0.73294574	0.2718297	-0.2567019	-0.12178978	0.94465965	-0.22425397	0.07655827	-0.32747585	0.15620495	-0.024256121	0.17218153	0.17049105	0.18345185	0.5460313	0.08526289	1.0487131	0.5439378	0.831977	1.2109749	0.009612082	0.5029918	0.83186597	0.28441235
0.3681285	0.38345182	-0.09225124	0.18034239	-0.2840707	0.37089488	0.103647925	0.07492486	0.25159326	-0.026499474	-0.07562569	-0.18001398	0.7095794	0.2995461	0.25435635	0.11431122	-1.0766988	-0.9877189	-0.39840516	-0.09734807	-0.24403824	0.6359512	0.23914835	0.79075164	0.20909435	0.3311587	-0.525569	-0.24746034	-0.08538902	-0.428571	-0.0829172	0.22678216	-0.32551616	-0.34232485	-0.16166684	0.6618587	-0.3953601	-0.9898349	-0.2411972	-0.080633506	-0.40776953	-0.3455063	-0.03145535	0.49281323	-0.22499129	0.39402276	-0.5303094	0.09323809	-0.8290225	0.17839445	0.4674758	-0.5209635	0.3036017	-0.24749926	0.19004653	-0.6593539	-0.5063467	0.030947795	-0.2914823	0.34978628	-0.09222348	0.037415598	-0.15903461	0.068464905	-0.25342247	0.0702852	0.12685639	-0.14226405	0.03816181	0.25703004	-0.15782145	-0.3310235	-0.57987404	-0.26469737	-0.30920112	0.16386592	-0.36265722	-0.07067122	-0.4481907	-0.018336672	-0.005273213	0.41980344	-0.2744061	0.29228565	-0.46481302	-0.08955413	0.4848415	-0.086252116	0.22794224	-0.5755482	-0.19883117	-0.074808545	-0.31120926	-0.24660791	0.3101679	-0.2743447	0.15611254	0.76616335	-0.20371862	-0.5791252	-0.24236329	-0.49927044	-0.83137697	0.34156206	0.007667692	-0.78349704	-0.18977734	-0.08073185	-0.14144044	0.319104	-0.08471975	-0.0649814	0.012691822	0.15362464	0.43733042	0.33136567	0.44605255	-0.55495584	0.04034702	-0.23409878	0.45569476	-0.49397773	0.43872845	0.012691105	0.71851665	-0.28212428	0.38362142	-0.28201076	-0.12839584	-0.79722255	-0.18160933	0.4189847	0.18785901	0.3858847	-0.5770827	0.038111378	0.26082775	0.37934878	-0.15630384	0.37678126	0.7784476	0.1946798	0.64798814	-0.32634553	0.12854409	0.54312474	0.5366184	0.39185432	0.36286992	0.6717689
-0.7405334	0.252522	-0.072392486	-0.06990616	0.6768373	-0.27829912	0.012323422	0.096208766	-0.008267534	0.84227717	0.6233981	0.49089432	-0.103848435	-1.0335994	-0.4965692	-0.4851426	0.32240143	-0.55491906	0.092694074	-0.36775407	-1.175266	0.0043508257	-0.4691225	-0.14039777	0.21684165	-0.2807632	-0.73701656	0.40361136	-0.07063083	-0.3026238	0.39389414	0.046803504	-0.010573211	-0.3158243	-0.14694075	-0.6031014	0.22155522	-0.8694569	0.11047286	0.56924975	0.038170304	-0.36598113	0.013774856	-0.31890556	-0.21071522	-0.27580988	-0.011381319	-0.66828406	-0.2887987	-0.42808446	0.07293506	0.037765577	-0.7734752	-0.20414634	0.51092553	-1.3760377	0.01217645	-0.09338297	-0.6443876	-0.18930753	-0.24467155	0.110375166	0.036681037	0.5940607	0.09011748	-0.39560837	-0.30613312	0.17314866	0.48914602	-0.30612856	-0.18509689	0.11852975	0.23699647	-0.33407533	0.4678812	0.5932891	0.58310425	0.30396664	-0.20749144	-0.45734945	0.3026143	0.18096402	-0.8798683	0.41847306	1.0244075	-0.23664978	-0.025649088	-0.67778736	0.34163415	-0.14515936	-0.6741267	0.36792678	0.6395894	-0.47827035	0.25381202	0.04196644	-0.004203086	0.49743444	0.5858968	-0.5304226	0.7621574	-0.8943572	-0.7230662	0.10824935	-0.92204624	0.7366109	-0.33024585	0.33001167	-0.07729208	-0.6491419	-0.19949026	-0.20635746	-0.6145085	-0.2011465	0.57054836	-0.3990253	-0.3089508	-0.15072742	-0.26405367	-0.81607604	0.072395116	-0.008831557	-0.12979369	-1.9513994	0.2987334	-0.42089635	-0.2695413	-0.15708628	0.47130847	-0.28748417	0.06372936	0.019840376	0.18033221	-0.5974357	-0.51712286	-0.1333504	0.7661779	-0.35942483	-0.058851495	0.635048	0.34185436	0.9178191	0.60505474	0.070526764	-0.3891969	-0.14318188	-0.2366454	-0.28167656	0.24507578	0.27944148
0.7696213	-0.24005225	1.1423019	-0.01741102	-0.25716212	0.68701804	-0.5809818	-0.10301939	0.016087135	0.5899168	0.5581577	0.08923503	-1.3351113	-0.30691698	0.49284557	-0.20694637	-0.18808317	0.12536967	-0.052307557	0.46638584	-0.28331897	0.026456356	-0.16006039	0.6839245	0.3611475	0.21572939	0.25811285	-0.23289615	0.2869933	0.81407833	-0.48501465	0.36312398	-0.44136378	0.64821774	0.16403382	0.5341455	0.22129522	0.041176442	-0.04746447	0.61332744	-0.16910137	0.054768194	0.19530492	-0.40326762	0.19746338	-0.09187351	-0.21046321	0.19790626	-0.38663492	-0.7895703	-0.3634302	-0.13116884	-0.9938477	0.51719326	0.33522987	-0.12404503	0.56015354	-0.15394582	0.30487353	0.39786598	-0.31718457	1.0072949	-0.58311117	-0.7105698	-0.5988327	-0.06311544	-0.22367096	-0.37841457	-0.31666964	-0.5161566	1.1694258	0.760287	-0.21089374	0.6941069	-0.45486757	-0.27733666	-0.12110386	0.68442404	0.0090404395	0.15499103	0.55206513	0.091748275	0.04831373	0.029791063	-0.07062151	-0.31574565	0.022082813	-0.011484433	-0.2919748	-1.3669075	-0.79280293	-0.2488733	0.112943485	0.12719199	0.7683531	0.018559663	0.4755714	-0.043521363	0.89150226	-0.6587005	0.35229585	0.5094066	-0.39562657	-0.043359607	0.15683174	0.36153594	-0.7206842	-0.10561518	-0.18702637	0.20781028	-0.06897251	-0.2660425	-0.018680286	0.22169675	-0.25039184	-0.3432381	-0.08517612	0.027587354	-0.43487245	-0.47116548	0.6396886	0.5308145	0.3001417	-0.4571538	0.13545121	0.11270309	-0.046689082	-0.04438107	0.2558851	0.68870944	-0.4463333	0.18845598	-0.30501184	-0.3030735	0.9357012	0.14982286	0.46701849	0.010790334	-0.832944	0.09323411	-0.24174704	-0.39278114	-0.05002232	-0.1501085	0.103445426	0.2666944	-0.44177586	-0.22761784	-0.35617042	-0.28024495
-0.2894553	-0.61981153	0.13185441	-0.21359332	0.0331494	-0.21825826	0.23673719	0.51783156	0.3237738	-0.04962861	0.67777175	-0.43434197	-0.18905395	0.1403421	-0.17234543	-0.69911927	0.29656634	0.45249122	-0.037607834	-0.45435125	-0.30243877	0.038302902	-0.12931566	0.57381964	0.2605394	0.5951292	-0.7180431	0.2473319	-0.6730173	0.4661594	0.6669047	0.14963754	0.88120365	-0.15195985	-0.09178087	-0.5859505	0.31574622	0.23606478	-0.052950412	0.5981746	-0.12234313	-0.33398098	0.94455487	-0.80645686	0.43297225	0.6944866	-0.32862806	0.09574711	0.086058445	0.030941034	-0.23442177	-1.0137475	0.6387807	-0.5790783	0.20748903	0.57087016	-0.24307865	1.098581	0.55812234	0.50070345	-0.071782045	0.1710627	0.15426409	0.2496963	-0.39970464	0.17916104	-0.10639273	-0.5927288	0.23247115	0.4696505	0.13101575	-0.51880646	0.42252716	0.8840108	0.1453894	-0.72496367	-0.7336563	-0.72466946	-0.28275362	-0.67526215	-0.7420088	-0.7045385	-0.020290453	0.8417279	-0.021011664	-0.31555313	-0.33889413	-0.18222809	0.44276223	0.113597766	0.03507785	0.8409044	0.1606494	-0.7146578	0.25250712	-0.14704977	0.15798922	0.6558759	0.010966953	-0.24181587	-0.4219996	-0.04574758	0.7080037	-0.23294465	-0.4870806	0.18640408	0.12905467	0.40148976	0.048942506	0.46662545	-0.062124927	0.7724828	-0.53538233	-0.13409306	0.29045713	-0.49114868	-0.06696436	0.3858568	-0.28237528	-0.46756113	-0.096755154	0.057860427	0.7169286	-0.14554334	-0.20668769	-0.31046835	0.32482383	0.16648598	-0.42605516	0.24685533	0.22155772	0.5121535	-0.06095909	-0.56341386	-0.14099716	0.9895458	1.3001866	-0.23744726	-0.0055146404	-0.57584	0.553474	0.31429264	-0.36092964	-0.545839	0.13095243	0.34355676	-0.24382642	0.73657185	-0.2614804	-0.8489859
0.1375888	-0.19494791	0.2189078	0.47297597	0.35399026	-0.23525962	-0.21798065	0.6271105	-0.015656456	0.8816624	0.5445604	0.31496054	-0.34212175	-0.69038445	0.20553418	0.2886534	-0.3188949	0.3745357	-0.04175055	0.19281103	0.059583664	0.5073987	-0.13949473	0.17017072	-0.08421781	0.15042324	-0.9295083	-0.7728724	-0.29140177	-0.1894953	0.23913622	0.1140512	-0.3673219	0.2835918	0.19165348	0.44820026	-0.84463865	-1.0394608	0.66525424	0.043219086	-0.3648471	0.49839061	-0.24780974	-0.172684	0.90329003	0.4536035	-0.12495486	0.1454148	-1.0019083	0.33587655	-0.063145466	-0.9866978	0.3557786	0.35500127	0.86957824	-0.38737416	0.014795448	0.9825269	0.45279965	-0.5281539	0.25197	-0.093517646	0.20070958	-0.44474265	0.003442436	0.041605867	0.40107358	-0.078458495	0.44099355	0.077430494	-0.36995876	0.4107095	-0.82971334	-0.02434726	0.2641174	-0.7622383	0.5172305	0.024685862	-0.039893266	-0.10756864	0.15100619	-0.21782622	-0.24895033	-0.027930606	-0.030130915	0.22065577	0.20657948	0.42829356	0.5097806	-0.42174715	-0.21309777	-0.2211073	0.16123284	-0.46671247	0.40292215	-0.43195653	-0.43583593	0.0030592799	-0.100167565	0.26762438	-0.660357	0.022875817	0.2550084	-0.94251025	0.26667127	0.04155543	0.2344393	0.20249061	-0.604437	-0.18627141	-0.06424868	0.34506342	-0.04718343	0.6579024	-0.6270488	-0.35580435	1.3931596	-0.3757249	-0.40089625	-0.4267391	0.61758584	-0.036665335	0.3843248	-0.096010216	0.015486465	-0.50126165	-0.6460865	0.14092034	-0.61142987	-0.22650093	0.08628269	0.17599705	0.9782491	-0.085607976	0.19973949	0.32457784	0.071363345	-0.23070574	-0.35612622	0.2582052	0.86152714	0.23434827	0.3098173	0.56591886	0.6718738	-0.06286822	0.5612226	-0.30756268	-0.14897001	0.24242201
-0.02858031	-0.4445728	0.16830368	0.22955978	0.5167633	0.61806405	0.41159508	0.07455049	-0.55144125	0.20857844	0.7431157	-0.2837455	-0.66099155	0.02529597	-0.19621149	0.23716035	-0.4932806	-0.3071792	0.75354606	-0.22340447	-0.07680367	0.52958786	-0.4541205	0.7632382	-0.32445344	-0.2938623	-0.4468812	-0.14357764	-0.2940101	0.46756056	0.27026397	-0.5935892	0.46460122	-0.69675905	-0.0917419	-0.017790982	-0.51189506	-0.1836133	0.015386324	-0.7121279	0.018634388	0.72492075	-0.19369891	0.52431464	-0.3638252	0.936002	0.28643307	0.220543	-0.06920316	-0.2861385	-0.08090825	-0.0866247	0.15598427	-0.36666495	0.54334867	0.47583017	0.18661429	0.64451164	0.4542787	-0.30168062	-0.26682633	-0.4060949	0.3599335	-0.5524842	-0.5530407	-0.63622874	-0.06056242	-0.62267375	0.7428703	-0.22639248	0.31682163	0.43928254	-0.64173985	0.2928964	-0.91707087	0.50491303	0.13378571	-0.34832904	-0.7594797	-0.12306786	0.68687344	0.19317333	0.4685463	-0.12277277	-0.47684535	-0.9973374	0.43134555	-0.010741112	0.3790448	-0.16946149	-0.3462165	1.1408432	-0.3062027	-0.13101985	-0.2146728	-0.31068537	0.07637624	0.3746339	0.7480457	-0.5499113	0.23718072	-0.05518631	-0.08163175	-0.45636246	-0.30737683	0.44950303	-0.49510387	-0.20770006	0.37079528	-0.34147397	0.15072995	0.5130605	0.39603797	0.3348142	-0.47337142	0.56480885	-0.031345975	-0.052926775	-0.7218143	0.2795748	0.32437107	-0.09715846	0.25393325	-0.5832463	-0.18527497	-0.52478254	-0.19409272	-0.10223353	-0.11140026	-0.057105973	-0.24782038	0.559779	0.23832518	0.6029864	-0.17051935	-0.12243114	0.3722214	0.06376596	-0.032385133	-0.3615914	0.4219316	0.28329825	0.7793335	0.4365642	0.19655618	1.4030833	-0.20009091	0.5542583	-0.26181492	0.22232215
0.75966245	-0.47200307	0.21626098	-0.25221002	-0.37270823	0.1968421	0.11443681	-0.11345354	-0.6331904	0.08206599	0.20134881	-0.11968368	-0.13103086	0.02418542	-0.1989088	-0.2424477	0.013431675	0.02074943	-0.37111223	0.1887405	-0.45504552	0.23594195	-0.04824756	0.95833886	1.009776	0.44936123	-0.43582526	0.09858748	-0.25546324	0.46454683	0.10836527	1.0205334	0.25887287	-0.31649613	0.432225	-0.18125825	0.27854374	-0.8219942	0.20849672	-0.0340411	0.2655501	0.25198227	-0.07298156	0.15398483	0.31618258	-0.050822817	-1.0050404	-0.045924403	0.69075036	-0.5540801	-0.4230553	-0.7934801	-0.65005976	0.51679474	-0.012659972	0.090415366	0.08770753	-0.11291821	-0.48891044	-0.47843802	0.20671226	0.5140383	-0.41492248	0.75025123	-0.60619986	0.84590536	0.5358742	-0.51060647	0.13397521	0.041580502	0.08850053	-0.26188233	-0.38796994	-0.26831028	-0.8454414	0.29856974	0.22798759	0.021446034	-0.33284608	0.2501228	-0.6486021	0.029280568	-0.079704806	0.06186495	0.48087403	-0.09861251	0.034921158	-0.08580086	-0.45718768	0.030645812	-0.3969095	0.628897	0.31973794	0.09608035	-0.21608701	-0.15593171	0.7975044	-0.31507635	0.66201615	-0.15584262	0.005762684	0.047546547	-0.17419212	-0.3908193	0.51482546	0.2404437	0.6444692	0.47337118	0.42338917	0.131643	-0.13784765	0.014927162	-0.21145503	-0.12295534	0.4547209	-0.085088454	-0.9985976	-0.5170614	-0.8143625	0.4776863	0.119494855	0.16441572	0.15938589	-0.13138464	0.49254134	-0.32690954	-0.06997447	-0.109589465	-0.3406648	-0.609112	0.26530236	-0.55877244	0.09336292	-0.23156287	-0.5392681	0.37816796	0.036335386	-0.79937583	0.61286944	0.1531802	0.4267625	-0.13156828	0.078413375	-0.2587631	-0.36059833	-0.14413863	0.95875114	-0.32915577	0.583889	0.16116361
0.44720992	0.086178474	0.67602	-0.705233	0.38207796	-0.017372942	-0.9723798	0.24302624	-0.18393968	-0.01858207	0.16156282	-0.6084133	-0.15973617	-0.16514564	0.22138964	-0.1957105	-0.55813116	0.16550146	0.3331421	-0.5475572	-0.22264092	-0.16885997	-1.0663538	0.4446798	-0.2669959	0.4397718	-0.6376281	-0.54972774	-0.14769056	-0.23053704	-0.41725808	-0.25439155	0.24489456	-0.1542083	0.91585666	0.2763478	0.67932934	-0.81693995	-0.39483568	0.47712898	0.3076371	-0.010162832	-0.45549852	-0.5698903	-0.45653304	-0.51884454	0.4846005	0.29983637	-0.35462168	0.059400417	-0.0040032384	0.2221993	-0.31439203	0.314035	-0.024501916	0.06710409	0.25716013	0.3905353	0.28907198	0.24519208	-0.75659734	0.021730797	-1.5269221e-05	0.43060887	-0.10717923	0.63067526	0.50746	-0.49664128	0.09064087	0.8847098	-0.5224523	-0.57371205	-0.29013693	-0.01654602	0.19631027	-0.07542166	0.7961719	0.46863	0.23259346	0.3645963	0.8526032	-0.28418872	-0.12816846	0.4578299	0.33013678	-0.98195297	0.57814384	-0.91957575	0.18536335	0.18671727	-0.13516387	0.25224206	-0.05820799	-0.6289068	-0.29432356	0.45594794	-0.70926285	0.101916045	-0.24021344	-0.62085205	-0.06932338	-0.21842183	-0.33634144	0.2884018	-0.0553001	-0.86254114	0.6230518	0.49650738	0.29225004	-0.1433586	0.025522975	-0.1944935	0.50565416	0.16354203	0.16186568	0.22617805	-0.48119876	-0.2699642	-0.5280292	-0.17734872	0.101660654	-0.2849671	0.12783493	-0.5905985	-0.18242985	0.56725997	-0.3906386	0.6231045	-0.19870156	-0.61850244	0.1824976	0.96632516	-0.11176505	-0.02706073	0.9208867	0.45982522	-0.0057992735	-0.23856643	-0.4239748	0.013141903	1.1560565	-0.055953175	-0.3997811	0.25098193	-0.3972458	0.6518194	0.34596467	-0.52238035	-0.34996554	-0.4819238
0.27103177	-0.10397212	-0.53521204	-1.0464858	-0.5503907	-0.14658275	-0.47930768	0.17334464	-0.8183325	0.040533055	-0.56548065	0.61005306	0.4583932	0.31000358	-0.33195475	0.6195791	0.12212618	0.15888989	-0.09991694	0.6068889	-0.28059104	0.8931944	-0.49302873	0.35877723	0.14033128	0.23281187	-0.96749943	-0.38859862	-0.037141006	-0.59162176	0.12111883	-0.4315947	0.6089669	-0.12917267	0.2254707	0.2943823	0.29513547	-0.44134894	0.7152963	0.06117514	0.2890232	-0.05074085	0.12895419	-0.4794309	-0.006688862	0.727356	0.24389051	-0.17563835	-0.16658646	-0.48656988	-0.46759182	-0.79672015	-0.20811088	-0.09396553	-0.5885672	-0.3114219	0.20844302	-0.008970057	0.29533753	0.035022166	-0.50653607	0.2955853	-0.46812323	0.19645461	-0.124982335	0.6497528	0.610973	0.6551343	0.35981086	-0.17510436	-0.15443294	-0.23480478	0.05344495	-0.1478589	-0.362416	-0.1985168	0.12004365	-0.122323565	0.09601706	-0.22810307	0.36998937	0.023002623	-0.18385096	-0.30643812	-0.3119012	-0.060870416	-0.1943435	0.6517932	0.4132952	-1.0400012	0.3324177	0.045821782	-0.3169773	0.4368692	0.5843322	-1.0196333	-0.118025266	0.1782715	0.0009786898	-0.85952175	0.53994894	0.15184471	0.02888663	-0.06391622	-0.2947686	0.38021436	-0.06543763	-0.11174458	0.51352096	0.060035985	0.4769036	-0.6251581	-0.35594723	0.2980319	0.023101456	-0.06833991	0.2957165	-0.52449685	-0.84134215	-0.2731325	-0.89778656	0.66816723	-0.11434518	-0.66118693	0.22414888	0.09611572	0.28754503	-0.8471489	-0.159551	0.1906562	0.24891429	-0.28133628	0.6602016	-0.12252945	0.23887365	0.5091139	-0.10550133	0.39126945	-1.1305748	-0.13525973	0.37670845	0.05844731	0.18953659	-0.41097888	0.08300663	0.19164807	0.28795022	-0.019378485	0.12149275	-0.4237788
0.36542207	-0.98927295	0.9107595	-0.26280263	0.0930509	0.13665317	-0.22949332	0.08350691	-0.45652843	0.27221394	0.21617217	0.1700481	0.04430665	-0.77081275	-0.2844324	-0.46461535	-0.06824352	0.09241478	0.121183574	0.8189568	-0.18437456	0.47034258	-0.29570237	0.76421785	0.4785629	0.047908667	-0.6742546	-0.26881254	0.31305248	0.54859424	-0.49946102	0.4747957	0.18746395	-0.38517937	0.28745964	-0.25463295	0.057440065	0.13695861	0.23845913	-0.41263524	0.8964324	0.1607443	-0.2552855	-0.2967682	0.5616854	-0.37838644	0.65285194	-0.20417339	-0.3033076	-0.042298216	-0.59517294	0.2975851	0.10033335	-0.5321831	-0.4727925	-0.05066368	0.19737563	0.43063337	-0.3256118	0.6259094	-0.105587065	-0.28460744	-0.35065234	0.33658662	-1.0358717	-0.026745208	-0.3563907	0.4913912	-0.34003267	-0.24013379	-0.38314193	0.90777695	-0.71455383	0.35453877	-0.50145996	-0.49510542	0.6279464	-0.7821439	-0.33491877	-0.21897618	0.31317583	0.3751742	0.3947204	0.5446488	0.07026099	-0.70750815	0.12017404	-0.3293518	-0.11758492	-0.6444716	0.15010914	0.4194105	-0.20443882	-0.5107473	0.043708444	0.048979472	-0.65076464	-0.5234135	-0.19363873	0.35683662	0.0581724	-0.4022672	0.009640263	0.65277845	0.845371	-0.24549444	0.12179549	0.3217223	0.45559162	0.14705981	0.07919818	-0.23539226	-1.2586664	0.40339366	0.1450445	0.35722136	-0.36309958	-0.2228512	-0.4001287	0.28006798	0.17271994	-0.93374556	0.07511058	-0.3930382	0.029130904	-0.09257354	-0.45860112	-0.0055290274	-0.27782604	-0.3807596	-0.23748985	0.53817636	0.09128681	0.23776503	-0.2497067	0.7644432	-0.18783109	-0.9262386	0.006402283	-0.54583186	0.13370238	-0.15664381	0.66635233	-0.08978786	0.24523647	0.2336125	1.0482957	0.17022976	-0.43826026	-0.37178707
0.65311265	-1.0885721	0.1396863	0.49508888	0.7026589	-0.32037565	-0.41244495	0.592774	-0.5003193	-0.37691626	0.63673335	-0.592303	-0.8730181	-0.021046815	-0.30192217	0.5549321	-0.15902004	0.20083055	-0.7798167	0.0606659	-0.022180272	-0.09487587	-0.16876815	-0.3410955	0.6060933	1.1890777	-0.35857812	-0.943782	-0.78493804	0.69823766	0.83317566	-0.14972463	0.0051601217	0.09882786	-0.14812006	0.18522818	-0.38672176	0.0964378	-0.635469	-0.23512603	0.16800016	-0.629226	-0.00014654815	0.031012775	-0.36609674	-0.4099647	0.71667993	0.6869926	-1.1186478	0.31622398	-0.56700355	-0.031090386	0.23770826	0.053398956	-0.1477262	-0.3379969	-0.3649476	0.40649003	0.27166876	0.37865362	-0.3524458	0.071921855	0.47005522	0.2517723	-1.0319554	-0.39734182	-0.35401043	-0.6599861	-0.07080173	-0.6971487	-0.22822922	-0.5131619	-0.16925177	-0.37882105	-0.42346665	0.10310345	0.41823527	0.46918857	0.056232013	0.096969426	0.08041619	-0.11929539	0.0040523726	-0.026286295	-0.25816596	-0.008172818	0.12953764	-0.75149256	-0.1521648	-0.2288357	-0.6878182	0.36793667	-0.052387003	-0.17585328	1.3043425	-0.3488153	0.42942291	0.052837852	-0.21673416	-0.21716268	0.23378137	-0.34568226	0.245776	-0.011120318	0.2310022	0.42181426	-0.5198547	0.24872926	0.48609146	0.62084746	-0.5931066	-0.7328746	-0.5147768	-0.31457216	-0.12377497	-0.2048635	0.08084508	-0.52167994	-0.006010508	0.1303575	-0.32060695	-0.5956679	-0.27682915	-0.4826157	0.5154009	1.0316383	-0.11115779	0.048093658	-0.5068384	-0.39053926	-1.1498898	0.7654419	0.12300334	-0.5476777	-0.2412553	0.094145	-0.04687384	-0.13700129	0.5349373	0.44102687	0.2458049	-0.45538405	0.4008169	-0.44656137	0.27846017	0.13043565	0.07471211	-0.25845104	-0.27000362	0.050749335
0.5582104	0.11612437	-0.22177798	0.04378282	-0.0015449746	-0.08339511	-0.3328784	-0.31385776	-0.18583018	-0.097143024	-0.26515126	0.52077794	0.029140726	0.48398066	0.24396093	-0.80819464	-0.32525837	0.05886368	0.06022318	0.019607395	0.10706383	0.7419427	-0.37437344	0.60817325	0.75671756	0.42738897	-0.57420444	-0.51626396	0.056559276	0.513282	-0.20467508	-0.18476488	-0.38253632	0.4021231	-0.2748589	0.11231442	-0.11661336	-0.702125	1.1485655	-0.8073409	-0.7489107	0.033717223	-0.19772196	-0.27684298	0.65710604	-0.23401435	-0.557924	-0.40980113	-1.1646094	0.4575525	0.37061414	-0.5270698	-0.32197464	-0.9704703	0.37164325	-0.57833207	0.09023875	0.13550775	-0.21586443	1.0484418	-0.4931324	0.119977206	-0.70205265	0.8105158	-0.4691066	-0.09450795	0.1739355	-0.20097405	0.54608697	-0.36487773	-0.35344866	0.033574197	-0.2986249	0.25282696	-0.14733733	-0.5946903	0.5976199	0.46174937	0.097484194	-0.04912083	0.7166157	0.04949092	-0.3757081	0.24884064	0.024927642	0.116861895	0.32562226	0.15501525	-0.0008408346	0.13846958	0.7736538	0.24404165	0.111881495	-0.24850753	0.37669575	-0.6133197	-0.4051831	1.2349662	0.36987248	-0.14886664	-0.038737804	-0.3582242	0.42455226	-0.23532453	-0.5735839	-0.23218076	0.05577679	-0.07692283	-0.41712177	0.59071624	-0.56096107	-0.092075735	0.30461752	-0.6752393	-0.055383015	-1.0683001	0.57040524	-0.2658384	-0.7050599	-0.20040952	0.003734224	0.2755337	0.30571663	0.055436157	-0.07686667	-0.20031627	-0.33399612	0.8217409	-0.42991167	-0.37361383	0.37157774	0.11321975	-0.001720566	-0.7275837	0.6068681	0.21731374	-0.14294425	0.16811955	0.90804213	0.011071921	0.15618443	0.17695193	0.16517738	-0.0746063	0.19130765	1.0793519	-0.16404563	-0.82719916	0.270145	-0.2815771
0.7505249	-0.19672689	0.11134079	0.39234257	-0.51845384	0.26911667	-0.39670312	-0.4788506	-0.43585882	0.39351797	0.08815224	-0.3587791	-0.6011624	0.41654387	0.018828994	0.19042203	0.19320859	0.0031992905	-1.0971488	0.73263204	-0.34262294	-0.111000784	0.03257401	0.44613138	-0.05962253	0.21012954	-0.24968868	0.36439505	-0.056907628	-0.96794176	-0.8334307	-0.07605575	-0.723488	-0.18058862	0.08815938	1.0649383	-0.15685958	-0.44332537	-0.56139016	0.32876793	-0.33106863	0.37920418	0.07809498	-0.020324446	-0.16771713	-0.12928803	-0.12367097	0.73146635	0.5776047	0.50286496	0.05119278	-0.58947134	0.2603382	0.053394634	-0.9283969	0.3016968	-0.13623601	0.1028436	0.14442885	-0.30537498	-0.81715655	-0.27800286	-0.32899034	0.95121515	-0.7805963	-0.062349305	-0.2836752	-0.30574924	-0.46818027	0.8674623	-0.23753229	-0.14400502	-0.36396664	-0.07806302	-0.28143844	-0.17235102	-0.026947321	-0.0039417464	0.13068037	-0.23270863	-0.039359443	0.03474113	0.5047223	-0.2735192	0.26440942	-0.6044644	0.41325694	-0.49446294	0.23059306	-0.44838178	-0.108514965	-0.47568056	-0.6194166	0.24664512	-0.39273664	-0.884157	-0.4806023	0.5677968	1.5390171	-0.20535429	0.28005442	0.32082176	-0.2614902	-0.15306234	0.50048196	0.051709328	0.01341284	0.022149777	-0.009219717	-0.1799638	0.008084847	0.21218252	-0.4983766	-0.35398144	-0.09742189	-0.48725972	-0.17848757	0.28075826	-0.43525964	-0.3418884	0.42120966	0.5774075	1.3408847	-0.5700333	-0.16375118	0.17293514	0.4671846	0.4016263	0.058157407	-0.4899087	-0.3547458	0.52009046	0.5817078	0.5084688	0.02653905	0.012562769	0.00058143906	0.034976583	0.3272358	0.42287964	-0.061373774	0.32790336	-0.6800173	0.29961923	-0.10295227	0.004996714	-0.78032476	-0.17625986	0.5150412	-0.5863904
0.5435136	-0.5133261	0.15919426	0.09916206	0.035136364	-0.15437332	0.43161047	0.1298683	0.44543335	0.099413276	-0.16899735	0.021732457	0.062127568	1.1517476	0.4537281	-0.020046644	-0.6315131	-0.17590147	-0.25719813	-0.008839861	0.2941049	0.8057384	0.050393194	-0.07848672	-0.21828054	-0.46185556	-0.23933455	0.029838316	0.060393944	0.016453078	0.23602834	0.45323142	-0.0041662855	-0.5603279	-0.6376764	0.35896793	0.24865714	-0.10003536	-0.7721476	0.3736694	-0.057812553	-0.1250081	0.1432074	-0.05213336	0.09555028	0.3451635	0.66556126	0.2624758	0.42762342	-0.56254953	-0.34536543	-0.7022755	-0.4411673	-0.28125188	0.37426004	0.41430807	0.3113248	-0.47429976	-0.0297804	-0.16421704	-0.69306076	0.60821635	-0.31701988	-0.5416909	-0.21807912	-0.29637966	0.37380546	-0.44613633	1.0474663	0.52337134	-0.19070636	0.48345494	0.45392808	-0.349173	0.0863685	0.11884845	-0.13637668	0.49854654	-0.25565693	-0.18003412	0.24056982	-0.037376653	-0.13627118	-0.5341411	0.69886935	-0.8310603	-0.17831498	-0.14018402	-0.5862313	-0.4606385	-0.3043612	0.5493302	0.3570742	-0.026552312	0.07428854	-0.26943165	0.0999316	-0.12480115	-0.08801879	0.040735	-0.027663942	-0.24422544	-0.6588186	0.17668778	-0.5027571	0.3898547	0.25634465	0.22571684	0.4680104	0.6548402	0.12353752	-0.51590776	-0.22270012	0.82008344	0.3402507	0.5524269	0.06994985	-0.43319926	-0.46764895	0.08931427	0.17252	0.26783904	0.018551348	-0.6619953	-0.5972131	0.12887266	-0.7612694	-0.008369834	-0.122393414	-0.65655774	-0.33707818	0.544321	0.2741587	0.17372304	0.07857734	0.5520016	0.34936666	0.2592173	0.073223874	-0.3095905	0.3864262	0.18616146	0.34890494	0.14194497	-0.09435301	0.7155911	-0.10475895	0.049896214	-0.14808452	-1.0108247
-0.48619	-0.6044921	0.3162053	0.3047958	0.6858241	0.50411654	-0.37113345	-0.273951	-0.19406714	-0.031766783	-0.21124719	0.065084115	-0.2196349	-0.28408912	-0.29398003	-0.6707079	0.2115119	0.07762359	-0.47234908	-0.24286968	-0.4595074	0.35057533	0.13126524	0.77583253	0.5455009	0.09036921	-0.78601754	-0.33891088	0.072513685	-0.12111525	-0.31017137	-0.11401834	-0.52443326	0.48140964	0.113901675	-0.55686367	-0.1589728	-0.13528648	0.8398722	-0.08186735	0.050980337	0.0043373196	0.22878897	0.2023638	-0.539825	0.19567582	-0.26055008	0.3839469	-0.4750637	-0.26448613	0.2537887	-0.6660366	0.10393568	-0.23221923	0.50413513	-0.9215977	0.24507752	0.7489416	0.67882484	-0.18691385	-0.10280823	-0.3078214	-0.09005393	-0.29960388	-0.38844928	0.2117086	0.015741775	-0.6415862	0.051204197	-0.0020241071	-0.46806598	0.0016896689	0.2280611	-0.04055564	-0.090647064	-0.022131536	1.0505879	0.16389346	0.08847671	0.056555644	0.009092926	0.32813266	0.12257869	-0.5888755	0.34775043	-0.27015302	0.3660345	-0.083672486	0.18861224	-0.1638341	-0.39464274	-0.0076713134	-0.4107315	-0.41156754	-0.27203518	-0.52536047	0.7099584	0.20452389	0.15697142	-0.1998645	0.5398152	-0.20302662	-0.3998105	-0.11705403	-0.47819352	0.2663865	1.0626389	0.4927154	0.025311263	-0.09041538	0.4089029	-0.37358093	-0.4863693	0.8815364	-0.26894897	-0.20948502	-0.19839734	-0.04392021	-0.20641501	0.3066892	0.58370596	-0.5550658	0.2989112	-0.7165663	-0.5629972	0.040565837	0.6314505	0.034482777	-0.5597949	0.044181887	-0.61219376	1.0685618	-0.7281809	0.11673002	-0.14239535	0.84990054	0.55514675	-0.2411444	0.47380498	0.38958427	-0.22372079	-0.09783951	0.5363671	-0.17020833	-0.22572832	-0.00221951	0.30224577	-0.46380523	0.3998782	-0.8848655
-0.013070935	-0.8019602	-0.20398821	0.58654594	-0.27079055	0.93044376	-0.4508578	0.2560736	-0.19844458	0.25517595	-0.5511966	0.63372386	-0.455879	-0.6759548	-0.23326232	-0.17540853	-0.17273071	-0.22005811	-0.12320284	-0.2587917	-0.11661992	0.2440889	-0.10027238	-0.19976798	0.124450125	0.29509372	-0.36730832	0.46438137	0.024337834	0.7313517	0.3878218	-0.4996868	-0.10121926	0.025811816	0.18061392	0.2674765	-0.33905572	-0.3919466	-0.6278442	-0.39219457	-0.030785171	0.06843755	0.3189649	0.13287924	-0.50214577	0.54318297	-0.05936089	-0.99022406	0.4651182	0.021738151	-0.55981123	-0.15394436	-0.6671377	0.40807828	0.27728137	-0.42980865	-0.34110835	-0.16806562	-0.17977627	1.2869818	-0.16406246	0.3089315	-0.079242714	-0.05543998	-0.07387813	0.027972419	-0.18911923	-0.51431495	0.015299211	0.103770636	0.21175924	-0.5315761	-0.24014167	-0.21561047	-0.70099545	0.116468914	-0.28394747	0.59517485	-1.1097916	-0.6619454	0.12953688	-0.14323203	-0.46909073	0.84964633	0.36596027	-0.6483645	0.7275752	0.90777403	-0.15563363	-0.18485095	0.38019246	-0.0020060597	0.4599721	-0.18654503	0.30654332	-0.5988151	-0.415663	0.30006367	0.05024153	0.014651839	-0.27441636	-0.8544696	-0.01991272	-0.2065002	-0.867988	0.6526804	-1.1076313	-0.24913463	0.3140102	0.08489426	-0.99806845	-1.3155712	-0.18464966	-0.21895842	-0.25104824	0.20037934	-0.31190503	-0.04538478	0.36821848	-0.5605079	-0.12674697	-0.39974955	0.78456503	-0.49303004	0.020379456	-1.0735544	-0.016777707	0.5719931	-0.27255216	-0.44066164	0.32748333	0.02303826	0.14271684	-0.67087096	-0.012766007	-0.06899122	0.6652027	-0.3338524	-0.931971	-0.04406009	-0.25777662	-0.2641333	1.0597866	0.59818166	0.043136656	0.4920342	-0.115158305	-0.35436788	0.015994944	0.074205115
-0.06648933	-0.23377647	0.08137432	0.084478684	0.29787597	-0.0019326573	0.04557206	0.5145946	-0.34979686	-0.069246426	0.6479799	0.0040889094	-0.24929266	0.09237815	0.36661646	-0.17842558	0.47869727	0.6306623	-0.0724068	-0.0039842254	-0.10064517	0.7815277	0.34795323	-0.17665409	0.25122377	0.050310165	-0.18591243	-0.74559534	0.05679787	0.40707245	0.19491877	-0.25153634	-0.22318245	-0.14189048	-0.019505076	-0.20727392	-0.04545421	0.06747397	-0.12191322	-0.5698562	-0.8986876	0.19434536	-0.537382	-0.5826256	-0.61932	-0.10357738	-0.05367826	-0.6261084	-0.37920108	0.12206311	0.17622156	0.33454743	-0.8555201	0.35274756	-0.30788356	0.2033765	0.07751639	-0.14499691	-0.19634832	0.4067099	-0.7891547	0.38890994	0.27566984	-0.04013539	-0.04170621	0.15719378	0.06463576	-0.32654676	0.3154523	0.032111816	-0.19708776	0.027790723	-0.08825239	-0.10810331	-0.4856003	-0.1819395	0.23374154	0.15433818	-0.16316928	-0.32496986	-0.23855273	-0.65697956	0.28377736	-1.0462517	0.42998216	-0.4168001	-0.026046472	0.5305926	0.57601494	0.20461263	-1.271767	-0.45595214	-0.84610623	-0.5704124	-0.3792084	0.00097041024	-0.3606016	0.5506664	0.26646715	0.22835107	0.9239747	-0.23698235	-0.11285187	-0.07597007	-0.07057968	0.53263736	0.40312415	0.30620334	-0.23403792	-0.3426042	0.14898306	-0.31065324	-0.24757817	0.28413638	0.21648544	-0.15674171	-0.3153861	-0.49917513	-0.012792812	0.5282155	-0.083065614	-0.111278206	-0.12988654	-0.43340468	0.19209693	-0.1986387	-0.46042812	0.53657603	0.038237143	-0.20491236	-0.6742997	0.5449935	0.38560778	-0.4572362	0.13263741	-0.4467514	-0.4026853	-0.73252606	-0.26651272	0.38358775	0.43929854	-0.26840624	1.3308488	0.013957499	-0.23780565	0.3750848	0.41099975	0.19203451	0.27647105	0.02008439
-0.60001194	-0.7602914	-0.1742231	-0.2859326	-0.5667823	0.034295283	0.37734058	-0.832797	-0.30661595	0.49353388	0.17649694	0.11707979	0.12923716	-0.1126564	-0.4247868	-0.20048633	0.3162734	-0.39803484	-0.38463297	0.2805996	-0.099651255	0.63117194	-0.51588684	0.24102198	0.21700901	0.5408796	-0.27954468	-0.16389345	0.2538221	0.0865685	-0.69131655	-0.79779375	-0.42681572	0.5702389	-0.19327316	-0.21193288	0.2083577	-0.446594	-0.56625646	0.08920645	-0.03791196	0.16932927	0.13827763	0.046161782	0.048253063	0.43913186	-0.27185854	-0.8571506	-0.011782034	-0.003230667	-0.5093396	-0.10294154	-0.8678338	0.5446079	0.109109916	0.46354106	-0.026845215	-0.08061469	0.14739771	1.013561	-0.2938768	-0.46816808	0.5954458	-0.113076374	-0.17928135	-0.5508071	0.44254252	-0.7084582	-0.6661196	0.24013217	-0.11007344	-0.7112634	-0.58846706	-0.24599211	0.029773487	0.09501256	0.35185495	0.12639181	0.12058813	-0.4758013	0.4308476	-0.5389619	-0.15390979	0.2661335	0.060499195	-0.06496725	-0.83799446	0.19874294	0.5444473	-1.1552845	-0.14883642	0.20666063	0.5494551	0.7592364	0.5309442	0.15026423	0.3880322	-0.5577793	0.8788305	-0.35314366	0.032700095	0.13363498	0.40580872	-0.19058718	-0.825977	0.2940971	0.46387416	0.22260468	0.3074391	-0.007811149	0.114399865	-0.013452968	-0.14335501	-0.43300843	-0.18499474	-0.55339104	0.19026996	-0.06201185	0.039353568	-0.09315528	-0.15659744	0.4169981	-0.12531003	-0.14799052	-0.99326664	-0.41329545	0.20545483	-0.054508045	-0.25411493	-0.8731675	-1.3594575	-0.3790046	-0.8669048	0.7756552	0.17335184	0.34888396	0.27817595	0.033277232	0.27075157	-0.039312467	0.3461521	-0.5013464	0.78004104	1.0612326	0.4306546	0.18352693	-0.07945473	-0.15317333	0.20003688	0.028080039
-1.1157122	0.008862131	0.120948665	0.11454823	-0.13244785	0.18414839	-0.29785207	0.05774147	-0.98295	-0.41410354	0.45830977	0.025093256	-0.24277173	0.27935213	0.31609508	0.44135702	0.03506905	-0.09851509	-0.27867973	0.05181611	-0.27168128	0.5536286	0.39348105	0.22949012	-0.3297569	0.2827958	0.26864016	-0.1255061	-0.16889413	-0.13143563	0.20671447	-0.16527869	-0.31564686	-0.30722585	0.4000123	0.11719757	-0.4439954	-0.108145155	-0.48792097	0.098565824	-0.44184014	0.6288202	0.0138012655	0.2742418	-0.7220314	0.21395491	-0.4646577	0.33564267	0.124805704	0.76047975	-0.011597923	-0.8935172	-0.21362957	0.16283138	0.06112242	0.5093245	0.44358155	-0.51520836	-0.18461639	0.28782305	0.15871596	-0.12383776	-0.020061806	-0.14008833	0.08842382	-0.03742098	0.082067855	-0.53600764	-0.25779194	-0.006409845	-0.09222004	-0.09080314	-0.20121612	0.2910997	0.113461286	0.4961621	-0.20895272	0.20793755	0.28731355	-0.5683888	0.3174088	0.44755402	0.42528966	0.51594144	-0.58237785	-0.13622376	-0.046200678	-0.13394406	0.42061624	-0.7752842	0.076402254	0.037632838	1.1883539	-0.095463835	0.5973088	-0.19114542	0.3972648	-0.051132083	0.46553668	-0.4814119	0.30332366	-0.40620545	0.7177411	-0.33412492	-0.21474512	0.32539397	-0.11001995	0.3211892	0.2646055	-0.019373802	0.15692662	0.09456909	-0.15524048	-0.48856205	0.31601456	-0.016035102	-0.40883365	-0.93355966	-0.5524518	-0.49166358	0.03414807	-0.2968627	0.25631693	-0.36141127	0.6783934	-0.298671	-0.15488465	0.082214735	0.50512046	-0.41975918	-0.4177736	0.5279743	0.061777446	-0.03899547	0.50734764	0.74251264	0.0074824444	-0.047285087	-0.743379	-0.13380367	0.1458176	-0.022527566	0.5847145	0.23481476	0.18209274	0.43085122	0.23237042	-0.09182252	-0.12611128	0.13500732
-0.061418347	0.23483586	0.5961399	0.39515463	-0.5749007	0.05351811	-0.26125777	0.591167	-0.7708408	0.57504636	0.075495765	0.32904127	0.28095156	0.23618178	-0.34895214	0.48228225	-0.1786159	-0.62754685	-1.0458641	-0.036573302	-0.8714906	0.31751382	0.48926467	0.42344055	-0.7934161	0.3190574	0.122270964	-0.75123215	0.21718271	0.06669845	-0.5020585	0.28263217	0.03682588	0.14472021	0.47959417	-0.049339816	-0.49887675	-0.5635182	-0.31080657	0.47398484	-0.12478158	0.56986946	0.05471538	1.0696387	0.11801489	0.43593192	0.156871	0.19297412	-0.17647643	0.19288838	-0.32750562	-0.21281913	0.052763633	0.45159703	0.46418834	0.29627025	-0.011677962	0.3532235	-0.033106886	0.014658639	-0.84934783	0.034161717	0.74717236	0.320871	0.26506487	0.010405529	0.56844187	-0.0047118072	-0.1492436	0.24222401	-0.43558425	-0.41719142	0.19537237	0.02520199	-0.46323255	0.32663608	0.22839926	0.6860509	-0.5837589	-0.33270016	0.15384084	-0.2346019	-0.539484	0.1334375	-0.4475783	0.17103527	-0.569277	-1.0334977	-0.10538376	-0.32252797	-0.26565	0.08703216	-0.590781	-0.28711218	0.15594107	-0.5037059	-0.1477369	0.55314475	0.52879554	-0.38517076	0.0025671967	-0.5593807	-0.22753176	-0.25527716	0.5009799	0.10532576	0.4239252	0.09073241	-0.21217915	0.08901273	-0.6141128	0.20149183	-0.11399463	0.24718559	0.4454715	-0.12292297	0.22388773	0.1275099	-0.49593085	0.59207445	0.50405115	0.28387985	0.12266369	-0.20424846	0.12078641	0.75702393	0.13186882	-0.48266393	0.11609901	-0.72872126	-0.14986232	0.25994414	-0.052797645	-0.12854742	-0.39064422	-0.065014325	-0.24076444	-0.35548013	0.5508731	-0.13106921	0.6949277	-0.7421712	-0.21534312	0.5547071	0.36184227	-0.24952222	0.60145646	0.09941484	-0.6021665	-0.27721548
0.42199588	0.1285433	0.061496034	-0.4767767	-0.5226788	-0.28512222	-0.4518797	0.42378864	-0.038690303	-0.010040092	-0.2502981	-0.33101097	-0.36435986	-0.30699512	0.66153073	-0.42264366	0.10331709	-0.120209925	0.4095166	0.5721363	-0.06792782	0.18845905	0.2869726	0.6710826	0.2822754	0.1398618	0.23756018	0.78042686	-0.31144896	0.47402266	0.49629945	-0.6740549	-0.9187787	-0.5366727	-0.2518788	0.2607871	-0.07748064	-0.49917608	0.70059246	-0.9164189	-0.70326704	-0.24745375	0.3788735	-0.4653329	0.13515201	0.6099092	-0.327188	0.034348566	-0.23767069	-0.17139453	-0.44984582	-1.1532485	-0.07241807	0.51966035	-0.17801948	-0.5889372	0.3446432	0.49092638	-0.14779	0.3205407	-0.28208947	-0.30870616	0.10460936	0.32355952	-0.35645032	0.5974296	-0.22132838	-0.43187532	-0.056647368	0.6451145	0.03154573	-0.6236233	-0.33716366	0.14505947	0.45137918	-0.030598974	0.031020377	-0.072506994	-0.52514374	-0.5744703	0.23269284	-0.052545313	-0.49238774	0.07037643	-0.18629317	-0.14007565	0.11800633	-0.44055644	0.15377824	-0.7425337	-1.172338	0.67145044	0.46420133	-0.19096126	-0.07728237	-0.2571733	0.2545571	0.1584534	0.22017431	-0.3091693	0.17644852	0.14821766	0.1391196	-0.20562392	-0.12180962	0.6493448	0.6974048	-0.46698695	-0.004414772	-0.08727677	-0.14761777	-0.24693455	0.47949427	-0.24742684	0.45225966	0.33855832	0.09982171	-0.1438108	0.25459558	0.20808889	-0.68321484	-0.36020273	0.16467008	0.20999897	-0.17338572	-0.5507033	-0.37619972	0.3438561	0.79595184	-0.36014605	-0.2406272	-0.106074825	0.43237197	-0.09509193	0.07115559	-0.07368699	0.5629336	0.07654318	0.51640254	-0.0991227	-0.22392309	-0.5170742	0.0341395	-0.0739689	0.29300386	0.3297909	-0.22846167	0.33666897	0.2663995	-0.31068936
-0.43426746	-0.4952689	0.102046125	0.07626407	0.9804865	-0.50929874	-0.43170643	0.2925213	-0.3972909	0.37114877	0.07942895	0.10379382	0.104212925	-0.24940108	0.6877059	0.325396	-0.47837013	-0.286915	-0.45563933	0.85595447	-0.26232594	0.21499924	-0.18045919	0.2025142	0.82996124	0.3381062	0.117732145	-0.2850698	0.48279577	-0.33006176	0.6870391	0.07737774	-0.2708037	0.19793591	0.33561283	0.8013168	-0.13664012	-0.009722862	0.5166763	0.21854006	-0.9027179	-0.079316236	0.6434886	-0.1893982	-0.15839152	0.05675877	-0.08588051	-0.5543603	-0.71000916	-0.14314066	-0.34846327	-0.45489416	-0.11976134	0.6441976	-0.16219991	0.04894878	0.034268852	0.1607969	0.42378405	0.6241738	-0.6113407	-0.1752909	-0.049421635	0.60564196	-0.51384497	-0.3043005	-0.19016933	0.42032626	0.272225	-0.2646561	-0.8000763	0.15453851	0.1198334	0.19820665	-0.3565064	-0.6626706	-0.63373274	0.028521644	-0.15069717	-0.39506742	0.05912704	-1.4189906	-0.19095623	0.4980535	-0.28128445	-0.11117391	0.06393541	-0.28687966	0.6907993	-0.7823906	-0.94921494	0.21978931	-0.22188988	0.0525171	-0.1434775	-0.043683235	0.4482255	0.018640503	-0.33806443	-0.41768223	0.04425686	-0.63796246	0.10039658	0.088656045	0.089396335	0.77620834	0.08708425	-0.3750324	0.12919886	-0.021283356	-0.19848324	-0.210243	0.67437106	0.097508155	0.34001893	0.55356157	-0.18839335	0.05827636	-0.031315014	-0.31969732	0.26000547	-0.043905783	0.68432987	-0.16115676	0.16279681	-0.1039837	0.50082326	-0.008990761	0.44228184	-0.107766494	-0.66360784	0.19613914	0.92461073	0.32545838	-0.61867446	0.863986	-0.20180446	-0.021349248	-0.1082377	-0.058153167	0.24248321	-0.09693853	0.23239276	-0.6381569	0.38528672	0.4742361	-0.1859063	0.19132169	0.48076963	0.06097556
-0.5101118	-0.17671113	-0.29347268	-0.11184265	-0.7535468	-0.112987205	0.83738494	-0.010874395	0.64681643	-0.09921634	-0.1697048	-0.3414015	-0.35770798	0.2514796	0.58994955	0.21516544	-0.073694475	1.0147263	0.56032157	-0.263094	-0.55282	0.34428313	-0.32302836	0.18051639	-0.02814802	1.0716165	-0.15026201	-0.15529945	0.27512997	0.12708658	-0.29991525	0.24236232	-0.77676654	0.059544977	0.39670718	0.98559827	0.45613113	-0.465212	-0.36415723	0.39850244	0.5609272	0.4210901	-0.27906045	-0.7069735	0.19727904	0.055015765	-0.053134333	0.2741882	0.5268095	1.3950049	-0.12933834	-0.24400938	-0.18052205	0.6077551	-0.34144667	-0.43907842	0.052890673	0.31419638	1.3341238	0.10274692	-0.043578625	-0.015301318	-0.21837793	0.16659032	-1.2053062	-0.03958707	0.09248856	0.31727913	-0.1283803	-0.2781657	-0.54811	0.49749577	-0.66320205	-0.28161955	-0.27965173	-0.75660497	0.22768828	0.022993734	-0.158752	-0.42479634	0.0139134955	0.08726826	-0.30411455	0.10620877	-0.14688802	-1.0555308	-0.3882214	0.2396938	-1.00888	0.067762375	0.49379012	0.48653507	-0.85117793	-0.9594848	-0.22312474	-0.4446651	-0.24537046	0.7344638	0.24303967	-0.2854123	-0.22976212	-0.5345754	0.235464	0.05662269	-0.7548755	-0.41217187	0.076757975	-0.09114247	-0.18090566	0.411205	-0.34786308	0.24077608	-0.36126474	0.091865234	-0.39747164	-0.43876547	0.7773952	-0.7023095	-0.1844773	-0.49008438	-0.20371826	-0.32116836	-0.049104027	-0.8955479	-0.64918	0.074514955	-0.4032463	0.16086437	0.5486051	-0.69890946	-0.10714377	0.31883565	0.034308728	-1.362507	0.7906547	-0.15566997	-0.26072285	-0.86323506	-0.34115294	-0.16211766	0.89737254	-0.21963823	0.22091134	0.3021033	-0.7892912	0.022295365	0.38738602	0.29133433	0.69289386	-0.73570246
-0.22141437	-0.7545537	0.35470182	-0.28308544	0.8246763	0.5149298	-0.2929633	0.43366513	-0.43028072	0.5115273	-0.006280143	-0.35294738	-0.41424063	-0.6446249	-0.16202618	0.5893953	0.8635068	0.13616939	0.4853764	-0.41927123	-0.16195808	0.37937576	-0.2156415	0.5598938	0.05839047	0.095162526	-0.1585184	-0.018266188	0.017414888	-0.78908265	0.5785822	0.39216933	-0.5177466	-0.18435252	0.19652262	0.12397978	1.097979	-0.7055051	-0.23877682	0.5463576	0.17351747	0.5276025	0.48322397	0.09469419	-0.100000925	-0.33276457	-0.50084734	-0.056252275	-0.24412593	-0.12361518	-0.7904102	0.27580813	-0.114956185	0.22925222	0.5518622	-0.24424504	-0.2704997	-0.17300573	0.0768762	-0.35864595	0.094909854	0.56109434	0.2587935	0.34948337	-1.0924646	0.18243702	-0.36047325	-0.0007409746	0.17655115	0.60570186	-0.36395103	0.98715824	0.10427063	-0.26982826	-0.08080357	0.5359901	0.21255124	-0.24410757	-0.38113102	0.06761202	0.5808968	-0.82624274	0.2988024	0.65344214	-0.1612609	-0.29296595	0.6298738	0.092810184	-0.2434118	-0.7576802	0.2414053	-0.0015710988	0.6054231	-0.17721821	0.97325313	0.0008671827	-0.6424627	-0.38889697	-0.061342	0.2734502	-0.19824007	-0.3717171	-0.19097187	0.25222772	-0.7386404	0.117721364	-0.34099317	0.28567296	0.5481189	0.113124706	-0.03606176	-0.111730896	-0.9069729	0.15703481	0.7918445	-0.274026	0.049836252	-0.6356524	-0.10905438	0.40547708	0.11567077	1.0900024	-0.09254264	0.025179718	0.40443116	0.21511468	-0.5490116	-0.15686184	0.24452169	0.10212234	-0.23899475	1.0488877	0.4414439	0.41655093	-0.6305608	-0.3868401	0.74306846	-0.56158984	0.047074195	0.17659009	0.21798098	0.24015029	-0.20099019	-0.6429347	-0.1525503	0.20744963	0.90058666	0.07429452	-0.17056322	-0.6001327
0.51812184	-0.5384532	0.34974307	0.030584306	0.3917059	0.02650791	-0.29534853	-0.34499305	-0.8776898	-0.6144433	0.34015915	-0.17552182	0.5554402	-0.9562272	0.096524164	0.7027073	0.16072084	-0.16243894	-0.16653158	-0.4007293	0.2879079	-0.0842647	0.12260072	0.18763874	0.48761705	0.6050832	-0.4589607	0.4338061	0.42270273	-0.4390598	-0.13150777	-0.14554267	-0.36887053	-0.3347011	0.62125933	-0.6377689	-0.042528637	-0.26837292	-0.3169554	0.008373011	-0.43566296	0.3308894	0.43477297	-0.63168085	-1.0582215	-0.15144567	0.22825171	-0.6485301	0.7706348	-0.29766747	0.16948941	-0.4972137	0.14788175	0.16157095	0.08907429	1.0058826	0.42320028	-0.5772457	0.23877172	0.49627355	-0.30633304	0.71301824	-0.41762665	-0.15362173	-0.9154523	-0.08593737	-0.00840455	-1.1174868	-0.3254316	-0.04795795	-0.00022170153	-0.36561114	-0.55372185	0.29252228	0.031601846	0.49328	0.6825513	0.8565271	0.02976795	-0.37531912	0.2824812	-0.30008137	-0.189505	-0.62879914	-0.006385566	-0.6694526	-0.9260905	0.061564986	-0.54589105	-0.10336814	0.4510606	0.14586973	-1.0304697	-0.5793634	0.3101129	0.25013325	0.17388329	0.4226663	0.52377987	0.09273588	0.02525737	-0.262556	0.101861045	-0.2963094	-0.6914157	-0.14048484	-0.12029052	-0.117057614	-0.6845705	-0.44993976	0.045752283	0.36987028	-0.8282499	-0.00027878987	-0.019342087	-1.1490251	-0.11406805	-0.25458828	0.66338915	-0.65398026	-0.17160435	-0.1051531	-0.6653016	-0.46654817	-0.31816983	-0.5781089	-0.060481302	-0.23382819	0.26421854	-0.23560484	-0.04207954	0.54481506	0.19681312	0.18001464	0.7166203	0.15210442	0.8603367	-0.27583927	0.62195575	0.18548322	0.41141117	-0.33034188	0.584629	0.19371673	0.2653669	0.14268857	0.66675824	0.1193318	-0.02263882	0.5431649
0.5176085	0.34370062	-0.020516548	0.43266273	-0.08862092	-0.41152433	0.32872778	-0.4258862	-0.7059041	0.510357	0.34660769	0.19424117	-0.30327997	0.3607982	-0.41346624	0.18376313	0.3409433	-0.16932426	-0.1020797	-0.103256226	0.53797203	-0.6781301	-0.5509425	0.48777914	0.47041214	0.1737667	-0.026322164	-0.20269287	-0.32794946	-0.50650024	0.33836296	1.1298902	0.579047	-0.21293475	0.31690726	-0.502179	-0.13917598	-0.49179602	0.43517536	0.20826656	0.07316821	-0.021582555	0.3904509	0.07217848	-0.28545633	0.8022713	-0.021881403	0.51290894	0.2129122	0.32321975	-0.54821527	-0.9202718	-0.18602689	0.5243759	-0.41984805	0.098884	0.03565016	-0.0025620528	-0.1506284	0.02332437	-0.29492965	0.574321	-0.45396903	0.4779219	-0.32117876	0.20025031	0.014677784	0.19459194	-0.08711832	0.5853744	-0.6558984	-0.7771219	-0.81803083	-0.7782535	-0.20082097	-0.33315048	0.21949938	0.52288324	-0.43787587	-0.5000888	0.18038207	-0.5593473	-0.5202462	-0.7179869	0.21184355	0.15530771	-0.52358437	-0.8760318	-0.32103845	-0.07138575	-0.632595	0.535152	-0.73632085	-0.5217785	0.40102065	0.13690105	0.06931532	0.17083582	-0.060575053	-0.25430936	-0.112314455	-0.7336575	0.40632686	-0.68168694	0.42179167	0.06026302	0.3128936	-0.4938407	0.6565582	0.17193162	-0.011148471	0.2661911	-0.3526502	0.9091948	0.8002125	0.1378024	0.20214882	-0.4070508	0.038231313	-0.1129332	-0.46053427	0.082446694	-0.77104884	-0.28787696	0.16730966	-0.05290705	-0.12277168	-0.49938235	0.53650606	-0.12163131	0.33121634	-0.17390667	-0.20790891	-0.1842893	0.15216838	0.36329213	-0.22219333	-0.4791229	0.13509795	0.42152455	0.22659457	-0.16125283	1.1255857	0.24624719	0.37489146	0.24396917	-0.51023734	-0.23522784	0.43663225	0.5388921
0.73494387	-0.72251827	0.052425303	-0.90943813	0.25000238	0.7046686	0.018297773	-0.71074355	0.29333767	-0.24344869	0.09757019	0.8985303	0.75661194	0.32613924	-0.20563182	0.36607137	-0.053189214	0.20309828	0.5423828	0.3631288	0.3844154	1.2964718	-0.003894889	-0.2622162	0.631967	0.079623416	-0.69769424	0.18578768	0.048180357	0.08973613	-0.27004585	-0.11974	0.06872231	0.1431544	0.05115748	0.057274606	0.21680726	-1.3638157	-0.24426368	0.17806585	0.65640616	-0.638901	0.25994328	0.026452629	0.23495793	-0.11255692	0.1914336	0.105011635	-0.46978056	-0.22016998	-0.28012225	-0.6875067	-0.06928883	-0.74721104	0.7383357	0.0736427	0.007064467	0.16642748	-0.01429878	0.19046688	0.3698602	-0.13748938	0.44972566	0.009875576	-0.62699175	-0.4769642	0.03685505	-0.034979858	-0.14287752	0.30786481	-0.18596269	-0.33030295	0.23183268	0.34544015	-0.43777186	-0.19680594	-0.25652397	-0.5440302	-0.45594484	-0.481612	0.4327533	0.40867558	0.31763506	-0.039298102	0.32941642	-0.14232421	-0.3751836	-0.7475512	0.03433675	0.040435717	0.270941	-0.42777872	-0.07568523	-0.10107933	-0.5515125	-0.6448946	0.23019132	0.15263431	0.16533975	-0.04212238	0.14847563	-0.5904156	-0.08214012	-0.32280165	0.057597775	0.22073756	-0.09425464	-0.7460302	-0.040160514	-0.07059135	-0.2522988	-0.15415896	-0.060494747	-0.5445147	0.31000027	-0.23008467	-0.10950301	-0.33363903	0.36612982	0.23486695	0.69819444	0.30784297	0.160525	0.014919874	0.74034685	-0.0051485207	-0.24092677	-0.28070778	0.05713208	-0.55735576	-0.24188499	0.09392924	0.10933162	0.15843065	-0.17807421	1.2376943	0.25305626	0.52749985	0.6630538	0.40488014	0.5905951	0.31433436	0.8225528	0.29783103	0.1184619	0.5244488	-0.048217516	0.29378432	-0.32648602	0.19557829
0.68497944	-0.9146682	0.06356222	-0.36892772	-0.009398299	-0.30963275	-0.3075232	-0.071429744	-0.5445002	0.53329086	-0.035471752	-0.21882829	-0.47253534	-0.47841528	-0.4215008	0.32461828	-0.022557959	0.39707473	-0.7703194	-0.20057958	1.4383901	0.6006735	-0.071278565	0.94139093	0.3887082	0.50330794	0.039751865	-1.5625168	-0.5068	0.28121218	-0.28524762	0.043511495	0.1950612	-0.08369117	0.1974252	0.44011915	0.29629433	-0.47781697	-0.30826855	-0.05678307	-0.2620508	-0.8298011	-0.24093075	0.5674893	-0.65479445	0.1572001	0.1636248	0.06599574	-0.26262352	-0.28177798	0.10902626	-0.60177875	-0.12318519	-0.7564451	0.9574899	-0.14489555	0.19066636	-0.42497924	1.1676931	0.30044207	0.6418713	-0.2421571	-0.14128879	0.7498537	0.12879738	0.2199734	-0.067111224	0.17466658	-0.28629482	0.6602197	-0.36582264	-0.28326342	-0.97268605	0.85765016	-0.3764998	-0.19403188	0.47958866	0.1268032	-0.22478062	0.48148537	-0.68695825	-0.57363904	-0.7547191	-0.05039742	0.010812967	-0.43224505	0.22046563	0.024468414	0.61790967	-0.4043029	-0.32007018	0.33720377	0.54159063	-0.60380495	0.7662655	0.8797772	0.06699022	0.53494555	-0.06661797	-0.47097087	0.54732907	-0.7199617	-0.2729413	-0.40780017	-0.50303257	0.31608477	0.36138698	-0.4749825	-0.222668	-0.5613103	0.8461623	-0.16281766	-0.016558116	0.667392	0.012612533	0.42876896	-0.67022437	-0.46419755	0.35753334	-0.6586238	0.16914184	0.37260193	-0.076165415	-0.3739421	0.38277656	0.44057173	-0.28391802	0.03861471	0.661131	-0.93049175	0.84115094	0.43632504	0.30516797	-0.45855108	-0.84160346	-0.31566456	1.1578449	-0.95196456	-0.73922044	0.07425101	0.15340729	-0.11631175	0.6452541	0.74900043	0.5028654	-0.112539545	0.27838635	0.055870358	0.9382351	0.059708446
0.09612211	0.40745026	0.30545965	0.24104077	-0.07918085	-0.17140307	-0.79943055	-0.06879708	-0.61453724	0.03264677	-0.23850958	0.36082315	0.33000848	0.2177998	-0.39146632	0.3655328	-0.14583693	-0.036763083	0.11414817	-0.18745117	0.3142046	0.21659744	0.3982889	0.24530649	0.40171188	0.58276093	-0.2051122	0.43872938	-0.36226428	-0.07812067	0.11543001	-0.5547417	-0.08057147	-0.06254886	0.4130016	0.23779747	-0.09242245	-0.071257465	0.467566	-0.10514558	0.28754288	-0.4694976	0.25278488	0.34760004	0.47724992	-0.16255468	0.007109131	0.57423365	-0.5953559	0.5025206	0.5639621	-0.38054076	0.1820958	-0.7417267	0.56492853	0.11629405	0.18330914	-0.23949747	0.1151132	0.38835546	0.040139545	0.38151112	-0.6890815	-0.6450094	-0.3404115	-0.053256914	0.474662	-0.6735417	-0.34564394	0.08837813	-0.1877421	-0.20033069	-0.29955745	0.22065243	0.047747266	0.21726856	0.46117285	0.3410986	-0.43260714	0.5720281	0.3714939	-0.121374585	-0.7102368	0.4332357	0.3311641	0.26011997	0.24667706	-1.0472668	-0.42990226	-0.061216574	0.074228816	-0.030890696	-0.5364115	-0.44113854	-0.10929358	0.16211529	0.05990608	0.396664	0.4585321	0.0734986	-0.13301484	-0.42458078	0.29206777	-0.42769524	0.0013567348	0.5084961	-1.1921892	0.45067048	0.60618156	-0.55638677	0.037507616	0.15463443	-0.4392844	-0.19869584	0.15456788	-0.57190657	-0.086631976	-0.99712807	0.034353036	0.109704144	0.6305	0.42183858	-0.3487638	-0.47191095	-0.20388101	0.34946203	0.21813324	-0.17714006	-0.22996993	-0.73854	0.026164986	-0.2173211	-0.24632335	0.014938898	0.16906756	0.12518503	0.61712486	-0.4519666	-0.32567754	0.46439183	-0.0052030063	-0.55518293	0.89897376	0.06391675	0.020621408	0.4768363	-0.2763733	-0.4155156	0.57113445	-0.24920195
-0.16005932	-0.24499072	0.0028916611	0.46654996	-0.6731621	0.8459566	-0.2122115	0.18740503	-0.6080804	0.47679523	-0.8839659	-0.06683104	0.2774193	-0.29241028	0.35571173	-0.47965592	0.47118172	0.15614744	-0.016397012	0.6219006	-0.3423262	0.36278236	0.8852926	-0.132734	0.013665608	0.18221094	-0.0031545635	-0.6277227	0.344617	-0.35726646	0.46906596	-0.009258043	-0.0074323076	-0.41421142	0.5118725	-0.8833401	-0.41213638	-0.66338444	-0.017905926	0.3446825	-0.81483483	0.04666315	-0.95155996	0.7751986	0.2268969	0.043734487	-0.106110185	1.0773501	0.58946276	-0.21774542	-0.035775438	-0.39093745	0.08541679	0.4638057	0.41537818	-0.0037022864	0.04402124	0.24921	-0.12946352	0.20445704	-0.4529714	0.3214766	0.2378343	-0.78105664	-0.75015765	0.3599072	0.8688623	0.51589274	-0.1944517	-0.002497996	0.48383337	-0.54868966	-0.8082353	-0.53381234	0.06633919	-0.62266916	0.11285312	0.09170669	-0.34120068	-0.41802612	-0.7714171	0.22635838	0.07257134	0.6919876	-0.06108942	-0.16966498	0.07331778	0.11178569	-0.5578703	-0.5134464	-0.43351844	0.48313144	0.4620421	-0.15252191	0.2111148	-0.7878134	0.2565474	0.45177597	0.36961228	-1.2505018	-0.015023716	-1.0419642	-0.4745002	0.29370522	0.34725553	0.19640413	-0.2549911	-0.68072855	-0.65137273	-0.44099283	0.14593948	-0.03313553	-0.040612154	-0.19751449	0.53404397	-0.09512624	0.36669362	-0.06748578	-0.3344745	-0.15081078	-0.40663815	-0.32678825	-0.804677	-0.13300161	0.90730745	-0.2060327	-0.24240945	-0.67134815	-0.16698049	-0.48818192	-0.30600893	0.5585738	0.37483144	-0.4588692	-0.17315333	0.46115735	0.44060183	-0.058161516	-0.38150805	0.18190737	0.23518439	-0.1058108	-0.36769807	0.09064438	0.34726036	0.40827128	0.5411301	-0.10397958	0.4536682	0.13092268
-0.12479924	-0.53254366	-0.4200356	-0.031469516	0.19756648	0.051872287	0.17447732	0.27397123	0.031284995	0.1894148	-0.84231704	0.07502776	0.2775468	-0.027436545	-0.59545475	0.54998463	0.16042963	-0.3256436	-0.2392026	0.4046588	0.13048123	0.23390096	1.0651271	0.68441397	0.57913893	0.6591936	-0.034134924	-0.62994534	-0.2299558	-0.36643353	0.21583067	0.27017587	-0.3776227	0.45973474	0.56972855	-0.026638187	-0.08620826	0.43991524	-0.20240982	-0.26376605	0.0027648965	-0.011823957	0.34164923	-0.6102905	-0.119114175	0.7532299	0.2644228	0.5767036	0.41299817	-0.84283006	0.38132632	-0.33314383	0.3655911	0.4037181	0.8495257	-0.8461005	-0.41906872	-0.21686067	0.11529273	-0.13797586	-0.93651634	0.07765823	0.14397888	0.6332821	-0.5298009	0.4016517	0.8398708	0.24519174	0.24915673	0.01864318	-0.6846267	0.16720878	-0.37953293	-0.2619275	-0.9406225	-0.0006148063	-0.700059	0.07426878	0.04722071	-1.0142599	0.17829947	0.21397698	0.5061128	0.23399444	0.46727368	-0.22200774	0.22236189	-0.72108525	-0.15268318	-0.39964327	-0.6438962	0.040112752	0.07993249	-0.14408399	0.5831431	-1.2466854	0.07595749	0.62999994	-0.07798847	-0.42047194	0.1385035	0.19919926	0.34783122	0.45793387	0.19687554	0.4488176	0.82779974	0.034713782	-0.8925293	0.23680636	0.704235	-0.37162858	-0.75436234	0.10211301	-1.1071901	0.6750278	-0.6908867	-0.6768553	-0.5928834	0.015961	-0.326389	-0.17449577	-0.34432426	-0.5748647	0.007961258	-0.1763073	0.019107047	0.3637469	-0.14049473	0.20992792	0.42001018	0.2588803	0.15544781	0.33436042	-0.056868367	-0.13428795	0.39205623	-0.36282814	0.37711728	0.068051934	0.3485778	0.055302873	0.015288948	-0.32355553	0.14979678	0.7890286	-0.2392119	0.6754072	0.0048588947	0.08823468
0.038104687	0.038845398	0.30217662	-0.76023287	-0.29615918	0.2941634	0.15136524	0.5946374	-0.19636099	-0.1556326	-0.27125865	0.27030754	-0.22686897	-0.1281728	0.2639366	0.6006041	-0.049854714	-0.22214675	-0.15197675	0.3659047	-0.00038538183	0.23692164	-0.02494382	0.076010905	-0.42462814	1.0768728	-0.65759695	-0.5745666	-0.76445657	-0.34976438	-0.1663932	-0.033369705	0.14097843	0.24079828	0.4398366	-0.03871228	-0.13297127	-0.8580503	0.33738905	-0.010381227	0.4434237	0.15707612	0.006919059	-0.41648102	0.30626428	0.4742352	-0.22887082	-0.7018182	0.044889502	0.20572408	-0.66832936	0.013634436	-0.37345275	-0.8087791	0.11918981	0.17796306	0.12947632	0.16030237	-0.45985085	-0.11300856	0.16948064	0.07295801	-0.077029824	0.44852862	-0.20394294	0.080072	0.7587586	-0.27459362	0.019764116	0.77111554	-0.23221566	0.6035981	-0.115875006	-0.4191427	-0.32549322	0.13389276	-0.05803247	0.6944393	0.32560465	0.26204848	0.3339919	-0.05328901	-0.19621801	0.65056694	-0.13930942	0.41129053	-0.21721369	-0.24581864	-0.11207083	-0.2258958	-0.53838766	-0.42847466	-0.15685141	0.0021456827	0.16890857	-0.80081254	-0.16258147	0.16450077	0.38281396	-0.6187651	-0.3243819	-0.64484596	-0.20492396	-0.16346586	-0.34456807	0.49381942	-0.14951394	0.0785152	0.16965713	0.5135199	0.4470668	-0.0256566	0.64317554	0.5225645	-0.7958589	0.11213139	0.5996978	-0.067804605	-0.69372636	0.26466784	-0.03619402	-0.18865724	-0.70092857	0.1489224	0.28335425	-0.8607598	-0.054652575	-0.08779127	0.21098693	0.031759437	-0.10598027	0.09800332	-0.24842204	-0.2504318	0.46532142	0.1312756	-0.115405105	-0.38645938	-0.13517599	-0.1862158	0.59529495	-0.152414	0.047000945	0.31557852	0.07448135	0.29943162	-0.31750494	-0.3409776	0.041786082	-0.36337313
0.18460158	0.24000426	0.38940492	-0.13941093	-0.47146216	-0.40104413	-0.49619323	0.10068768	0.42559063	0.6717353	0.12719621	-1.2556994	0.45022756	0.012389361	-0.8682741	0.109981224	-0.07824945	-0.67533565	-0.59834886	-0.057793144	0.28359237	0.3933079	-0.0653617	0.93818307	0.17531337	0.23911959	-0.43100187	0.055236403	0.92153275	-0.15406752	0.5062612	0.87093097	0.1580664	0.11075601	-0.40991864	0.1379274	0.68459946	-0.5122878	0.08999935	-0.014421187	-0.15501511	0.19449776	0.0008679286	-0.3768364	-0.3620895	0.23433816	-0.38412783	-0.54442877	-0.5392447	0.060643826	-0.5246828	-0.34425947	0.6299928	0.9020716	-0.28955913	-0.08513726	0.62486404	-0.43418232	-0.050939962	-0.44460982	-0.19065996	-0.12701909	-0.20701769	0.20517583	-0.20563316	-0.3648952	-0.20986848	-0.48045036	-0.039192356	0.21793634	-0.06689949	-0.55561817	0.1411682	0.2838596	-0.29989535	-0.25844163	0.046006903	0.013055491	-0.9115029	-0.33871457	-0.41789111	-0.04897431	0.1668255	0.6823607	0.109889545	-0.3976692	0.03748513	-0.0043718307	0.87744296	-0.36237302	-0.15312389	-0.07071737	-0.61938524	-0.67566514	0.024720656	-0.21318263	-0.3929847	-0.1479744	1.0011389	-0.08875856	-0.7173689	0.08774424	-0.092552274	0.02376765	0.662624	0.19531049	0.07009601	-0.19023754	-0.13974416	-0.1347519	0.11865752	-0.031653903	-0.017981378	0.25513193	0.08913363	0.14068286	0.81230557	0.07266902	-0.15521829	-0.35530016	1.0023067	-0.16572224	0.52182764	-0.5936026	-0.6067953	0.21691096	-0.27885297	0.19491798	0.19272019	0.07443703	-0.8668038	0.02194231	0.37012348	-0.01927866	-0.10419816	-0.21385916	-0.22525679	-0.3020371	-0.04174433	0.31895146	0.53168184	-0.10898453	-0.26729754	-0.17775518	-0.35355642	0.408302	-0.3269051	0.4584048	-0.29151985	-0.23887496
0.04137599	0.06338924	0.32939264	0.025436658	0.6764907	-0.26953974	-0.058510967	0.08440765	0.25735062	0.117541574	-0.3971978	-0.25367165	0.18960243	-0.8519997	-0.24110128	0.20281482	-0.5223327	0.42701674	-0.8752135	0.26462552	-0.4915508	0.88738614	0.26969743	0.5213108	0.6621367	0.51630956	-0.51711386	0.8638737	-0.78772753	0.20861305	0.39188805	-0.44536716	-0.8993466	0.14423528	0.20270126	-0.2514583	0.27269372	-0.53608346	-0.14400303	0.26867363	-0.3958251	-0.20802271	0.6591617	0.5682458	0.07535418	-0.50502145	-0.4848989	0.34211162	-0.35019812	0.032486264	-0.1835102	0.23209575	0.37816694	0.45529732	0.36037728	0.229601	0.15004699	-0.39822194	0.2142669	0.12340963	-0.37947354	-0.497819	0.21514311	0.014500632	-0.8154002	0.42405877	0.4643667	0.030102406	0.3736941	0.98963493	-0.073241234	-0.3592331	0.18808919	-0.2578546	-0.3147987	-0.42325464	-0.645266	-0.41146794	-0.63356376	-0.11704883	0.633611	-0.11732394	-0.24715939	0.5128245	-0.23877129	0.11159847	0.69587964	-0.17820446	0.011076342	-0.094122134	0.7087998	0.12556094	0.2292141	-0.37844136	0.12248654	0.26272088	0.34930328	0.21725103	0.5663394	-0.5983873	0.054635324	-0.67651856	-0.07247216	0.6908063	0.30448186	0.3464501	0.19723296	-0.075116806	0.10528921	-0.028716309	0.26017419	-0.6303014	0.002488151	0.22669366	0.22988406	-0.46258193	0.005755573	-0.58062696	-0.039061014	-0.47307125	0.9408005	-0.0552744	0.6803805	-0.27166918	0.006361086	0.20122673	-0.09686984	0.1246531	-0.45389763	-0.6585094	0.12211209	0.22040354	0.7193351	0.15199076	0.5884479	0.5425833	-0.34213963	-0.14032651	0.11692958	0.42962646	-0.019814083	-0.3564174	-0.004580042	0.7420458	0.64945185	-0.09488758	0.28048563	0.15228872	0.28627717	-0.5776554
0.029842077	-1.0390922	0.29594246	-0.025717527	-0.44177312	-1.2855054	0.065083385	-0.57584614	0.062997945	0.37452167	-0.19954273	-0.7566415	-0.44737762	-1.0195013	-0.54413986	-0.3202763	0.11865738	0.86428934	-0.7007	-0.71751076	0.23308395	0.9052569	-0.10943941	0.82903755	0.3255873	-0.26113337	-0.35334098	-0.8524645	0.055651713	0.56702816	0.899349	-0.06903914	-0.21514133	-0.22797419	0.22271855	0.28986147	-0.13157913	-1.1313143	-0.6892836	0.2270154	-1.2512043	1.106837	-0.08123358	0.38988322	-0.4570097	1.3453594	-0.37500125	-0.02821146	-0.06627847	0.6045343	0.8108865	0.12022204	-0.055389136	-0.040741473	0.4438898	0.9676773	0.41898912	-0.2763158	-0.71604174	-0.67452246	0.5775283	-0.65722674	0.66866094	-0.38185164	0.116061434	0.30494046	0.02899227	0.39948478	0.26182875	0.69999665	-1.0823047	-0.52830225	0.57727545	0.5377106	-0.05037231	-0.09912522	-0.007868843	0.30492565	-0.50489587	-0.07312296	0.63343394	-0.85827005	0.28446698	0.10641423	-0.06844436	-0.07307021	0.72655684	0.22776835	-0.20779826	-0.862867	-0.19306587	-0.47425243	0.2641526	-0.20416869	0.36934868	-0.1219904	0.07247492	0.6711273	0.07479753	0.0151865315	-0.13558212	-0.29181805	0.103066735	-0.75318193	-0.12124429	0.44171387	-0.007125545	0.7880443	0.3005194	0.82494086	-1.1727926	0.5781037	-0.31492203	0.25904337	1.2101351	-0.5396196	0.28545067	0.0004778244	-0.9164167	0.08582026	0.24797322	-0.05953187	-0.090562716	-1.17887	0.07700419	-0.047532175	0.42497855	0.08540586	0.71204513	0.071461335	-0.062657766	-0.05181007	0.52735573	0.6484063	0.33222422	0.37372038	0.754044	-0.40993252	0.47298315	-0.0060372893	-0.0952284	0.8798617	0.20370434	0.6151416	-0.27530262	-0.110010654	-0.18101032	-0.22195725	0.19654498	-0.46642667
0.40469941	-0.85516536	0.23164985	-1.5525883	0.9191392	-0.0054154685	-0.41056684	0.10752877	-0.90619653	0.31277767	0.0075863358	0.44157553	-0.08047112	-0.31775042	0.7195996	-0.24032712	0.30194625	-0.19825046	-0.10675004	-0.32553044	-0.8770988	-0.18562327	0.10006965	0.3994234	0.88888884	0.1006921	0.23008783	0.37981775	0.009065642	-0.789185	-0.12804624	-0.06412112	-0.2706806	-0.25037426	-0.26416042	0.21090443	0.22210497	-0.35658333	-0.54456747	-0.4328596	-1.0137885	-0.1865393	0.27822638	0.40650865	-0.5272097	0.4177784	0.6348036	0.17168055	0.13048618	-0.7342701	0.121233426	-0.41454455	0.24170768	0.20936348	0.3281643	0.40236798	-0.41985676	-0.107480735	0.21104705	0.22089745	-0.6481199	0.5331591	-0.64709425	0.2688685	0.06393691	-0.040811505	-0.27736935	-0.35198128	-0.24377336	-0.04932381	-0.27922958	-0.8119615	-0.5900583	0.47667995	-0.52256143	0.24101627	-0.092891544	-0.18294115	0.005789544	0.6233982	0.09679283	-0.42731598	-0.11048788	0.3655417	-0.08560078	-0.3120636	-0.055048537	-0.30514014	0.07288687	-0.2908158	-0.5712945	-0.4940139	0.087535985	0.4054326	0.76073474	-0.4788791	0.21512641	-0.14940973	0.38156274	0.22610536	-0.04015008	-0.017807435	0.22680484	0.020137839	-0.107159436	0.3648141	-0.43076947	-1.0318693	-0.25623712	0.4573348	-0.060621843	0.41312587	0.29675823	0.51206994	0.80740076	-0.36681312	1.0299039	0.119287334	-0.36815092	-0.3133613	0.44253123	0.5001727	0.2594587	-0.4595179	0.79222524	-1.5375069	-0.3752347	0.5198995	-0.3499278	0.38664934	0.77290267	0.5312232	-0.4129493	8.108201e-05	0.53895694	-0.094232395	0.22625197	0.13313985	-0.47674903	0.34569624	0.051998414	0.13545576	-0.08003568	1.1685402	-0.43429247	-0.11244129	0.76022613	1.0845287	1.1169086	0.81149673
-0.42857543	0.7559342	0.49168214	0.14899892	0.18280172	0.2521276	0.38736632	0.43160632	-0.4985521	0.28954172	-0.5090645	0.31823364	0.24989307	-0.3285957	-0.3394975	0.0045103543	-0.13589527	0.17695513	0.46962908	-0.026788006	-0.24183586	0.3167238	-0.53668535	0.15901087	0.12247249	0.8760272	0.12228025	-0.05655623	0.19051157	-0.0784159	0.6380054	0.25110346	-0.13191503	-0.10297484	0.73293996	0.20429026	0.32761595	-0.39171612	-0.055037312	-0.053088117	0.11382366	0.011249755	0.9455977	0.4430433	-0.14228322	0.82970697	-0.06881375	0.10168259	-0.0240941	-0.7205329	-0.34735462	0.36367562	-0.054332774	-0.6176651	0.7276978	0.3742015	1.2915419	0.67616457	-0.04485356	-0.1268771	0.47502327	0.7044912	-0.5346759	0.5160108	-0.011375147	-0.33300608	0.91533	-0.6547388	-0.8017166	-0.14889786	0.35406515	-0.6219968	0.23816498	-0.26028603	-0.5209634	-0.00803316	-0.32705075	0.79515105	-0.08722748	-0.69042	0.40956947	0.047923617	0.85630965	0.15469314	0.22141528	0.14947133	-0.17279486	-0.66642475	-0.8282084	-0.0439463	-0.76005137	-0.22908933	0.14518788	-0.61979866	0.18726425	0.18283473	-0.19422486	0.26782683	0.051464107	0.0045441575	-0.7274586	-0.339336	0.024717657	0.031933654	-0.049730614	0.24384211	0.14719924	-0.06601317	-0.038971387	0.13443935	-0.31881016	0.1634043	0.09201238	0.38307533	0.7557869	0.28503224	-0.04241869	0.014768971	0.030731795	-0.66180354	0.26842377	0.5741764	-0.17287141	-0.39795095	-0.2725675	-0.44047326	-0.22311047	-0.52761036	0.7635745	-0.008410222	-0.28545788	-0.08347336	0.7269763	-0.12871009	-0.1856772	0.35391346	0.6193092	-0.20857425	0.0048484015	0.3326716	0.0007191491	0.42569622	0.04623781	-0.0031001135	-0.65018284	0.86121476	0.03015293	-0.57426554	0.35025367	0.15426396
0.20179969	-0.45506573	-0.12251496	0.54344803	0.69038147	-0.33988068	-0.16787218	-0.044667646	-0.10151543	0.026247112	0.16287294	-0.4052722	0.0020080183	-0.16249849	0.017650828	0.45781466	-0.18966591	0.19669694	-0.18311527	0.34644657	0.33779064	0.25772294	-0.39878902	-0.099020004	0.01689998	-0.29104996	-0.5280358	-0.29813057	-0.17977905	-0.7142976	0.3019628	-0.097872965	-0.26130638	0.32245803	0.42143112	0.28775713	0.25913125	-0.033496052	-0.45295563	0.046512607	-0.783756	-0.030964121	-0.1986242	-0.014175465	-0.78131115	0.6478311	0.01603406	-0.20797747	-0.54996985	0.41507652	0.24498594	-0.13565673	-0.49197093	-0.30828568	0.14471042	0.8510538	0.16146189	-0.24617898	0.38524795	-0.0090913335	-0.78072166	0.39004478	0.22357437	0.56040704	-0.3030781	-0.35151264	-0.04452479	0.1845935	0.0007244859	-0.5622846	-0.59412825	-0.35953027	-0.38860416	-0.414527	-0.3897734	-0.34712073	-0.637938	0.3201807	-0.3135616	0.024240617	0.03899495	0.14829634	-0.21797647	0.54531634	-0.029569617	-0.03701323	0.21368444	-0.5565142	-0.059935242	0.25877696	-0.005412127	0.24846357	0.064270295	-0.4503715	-0.017548686	-0.57079065	-0.20423095	-0.1401286	0.9237533	-0.6320484	0.5736349	-0.27825618	0.241187	-0.044443876	-0.17071904	0.21098252	0.46632937	0.46679586	0.20188312	-0.29882696	0.98025036	0.20630419	0.2252757	0.27915102	0.18898557	-0.38128114	-0.13268079	0.0132462485	0.26794922	-0.08198419	0.66038346	0.258381	-0.0140660815	-0.54303783	-0.50146985	-0.1054504	-0.6196422	-0.06957414	0.19813056	-0.13466592	-0.45448312	0.37006593	0.21185698	-0.028336605	-0.41573113	0.23907566	0.19296761	-0.047092155	0.028260782	0.46169403	0.12896694	-0.3058867	-0.0033846581	-0.5606222	-0.082702175	0.6248607	0.28037083	0.09494767	-0.07666989	-0.81765336
-0.3201043	-0.20750426	-0.2024081	0.5259951	0.53079003	-0.022986652	-0.5072968	-0.023996731	-0.12358813	0.29702416	0.25756547	0.28476286	0.06433244	-0.1945744	0.1073324	-0.3401998	0.8144368	0.23384526	0.020150328	0.139938	0.37937322	-0.030173568	-0.23952997	-0.29225	0.10573656	-0.09378773	0.23067318	-1.026602	-0.14624402	0.19569442	-0.07773884	-0.027302027	-0.18407708	-0.055347472	0.12844045	0.27688184	0.043418407	-0.0046465723	0.4562813	-0.20789756	-0.24389386	0.39850408	0.60968363	-1.0397037	-0.096069165	0.057192374	0.009939297	0.09653288	-0.310219	0.27931488	0.26648226	-0.2016538	0.26443332	-0.07191323	-0.5898673	-0.31219298	-0.031666704	0.65681934	-0.5484176	-0.15467063	0.057735637	0.6949683	0.3406726	1.0913426	-0.60554945	0.55755454	0.31381714	0.015482765	0.041355256	0.064063355	-0.23250195	0.32863522	-0.40103304	-0.052913047	-0.27593586	0.1112472	-0.19381358	0.331569	0.15433502	-0.19732128	-0.06642487	0.38058415	0.3993078	-0.60357225	0.3964105	-0.8306801	-0.29362205	-0.40496376	0.44033635	-0.3572529	-0.5926032	-0.38454878	-0.25988558	-0.35276958	0.42153826	0.3262209	-0.5582136	0.12652689	-0.12234152	-0.005363437	0.41758162	0.43672004	0.2062892	-0.44945222	0.6712417	0.8079923	-0.028025739	-1.2006449	0.25859493	-0.039285842	0.5895717	-0.1389674	-1.0168185	0.11316714	0.028844953	0.4811679	0.06385154	-0.8324186	-0.11495624	-0.2904288	0.2973666	-0.011530846	-0.13751447	-0.9687439	-0.28294122	0.06495358	-0.06340796	0.16971505	-0.21169378	-0.23630188	-0.3822644	0.49993685	-0.2573745	-0.47185022	-0.2771331	0.37696883	0.0739843	0.26162443	0.00025266776	0.42406172	0.28241253	0.47577822	-0.14895928	-0.13567865	0.797864	0.64331716	-0.25664854	-0.38687384	0.17650722	-0.030814154
0.39394012	0.06857036	-0.39499298	0.06406326	-0.2930072	-0.07610873	-0.09704954	0.7132441	-0.60817224	0.45798817	-0.2107413	-1.036158	-0.45537344	-0.122399546	-1.3048633	0.2868355	0.51566285	-0.068796635	-0.05423742	-0.06434573	-1.3080428	0.12437416	-0.91362303	0.5660425	-0.3518074	-0.2836056	0.42545182	0.30441433	0.31180373	-0.5022267	0.48133793	-0.8802385	-0.28470615	0.2786063	-0.10102241	-0.37227935	0.2898356	-0.25745273	-0.5038184	0.4895127	0.043966167	0.07998645	-0.3312887	0.3315694	-0.3853937	-0.320575	-0.48712876	0.2305422	-0.5034244	-0.44861656	-0.11711477	-0.7597459	-0.057383183	0.12023987	0.057153903	-0.35247838	0.7197862	0.38878733	-0.64174694	0.13592291	0.23317918	-0.03236658	-0.02137049	0.54121774	-1.1366196	-0.5291884	-0.4931477	0.2672971	0.25242212	0.11767409	0.3463941	-0.2550332	0.46107838	-0.022710279	0.1630241	0.19507703	0.55292517	0.61872	-0.3836374	-0.40003458	-0.33197793	-0.23455323	-0.62581	0.9901065	0.014163422	-0.8497547	0.09018641	-0.31050575	-0.08999143	-1.1867603	0.019197723	-0.21378672	-0.003493023	-0.08525791	-0.18452874	-0.5709462	-0.49101123	0.69888973	-0.13523887	0.22900282	0.13785878	0.052666485	-0.07147252	-0.46484962	-0.12203858	0.15809582	0.15863329	0.2679904	-0.28670648	0.22916503	0.46828	0.9281084	0.095346354	-0.53452134	1.2540003	-0.053761598	0.7155344	-0.19793724	-0.16060776	-0.29839295	-0.15593047	1.3839592	0.030240038	-0.57734174	-0.030473135	0.05175322	-0.035831556	0.40720823	0.14244369	-0.98557353	-0.30812338	-0.4003567	0.4217453	0.08433751	0.39175612	0.20168693	0.6358961	0.97266906	-0.10343017	-0.12827173	-0.054611035	0.47911492	0.72915095	0.64166147	-0.8751072	0.98912317	-0.2755943	0.05342877	0.756572	-0.15657468
-1.0274259	-0.7912375	-0.2228205	-0.49752605	-0.028909067	0.23598881	-0.43205538	-0.29698017	0.11312954	0.17760642	0.6369733	-0.6621521	0.80905724	-0.7829585	0.36902362	0.2348527	0.60809386	0.46487677	0.0027793378	-0.12906761	-0.4355506	0.24568187	0.8185453	0.4538	-0.32968098	-0.202075	-1.0809169	-0.90889394	0.39057973	0.5406079	1.298793	0.3881112	0.29437137	-0.23369664	0.43796828	0.34786946	0.057917904	-1.0896709	0.34035173	-0.49210185	-0.121088915	0.891248	0.022549808	1.1750886	-0.19140336	0.17637372	-0.29411477	0.68929917	-0.015907038	-0.2019476	0.6848977	-0.16433062	-0.62807906	0.5180013	0.095116675	0.41375977	0.9161443	0.43477672	-0.33395413	-0.7299834	0.75792086	0.40597105	-0.5995264	0.12728864	-0.307458	-0.29378918	-0.07078441	-0.17305581	0.046065617	0.18676068	-0.36772746	-0.76116115	-0.34904665	0.9389974	-0.43321717	-0.14903782	-0.24211116	0.20305133	-0.27266052	-0.28632385	0.4611204	-0.18994577	0.2080088	0.3162056	0.6461205	-0.49176356	0.26721343	0.25349462	0.41093162	0.8801496	-0.52449965	0.41820773	0.49523956	-0.23156652	0.29883975	-1.0424304	-0.3870598	0.24896578	0.1439372	-0.291245	-0.58666635	-0.2767162	0.60255945	-0.2939177	-0.12343338	-0.96005166	0.7248298	-1.2179615	-0.08498922	0.87843794	-0.19303305	-0.12907016	-0.37944436	-0.39756322	1.0835758	0.28849646	0.5797077	0.6078354	-0.7349107	-0.44601727	0.47564527	0.48776585	0.59356505	-1.1645924	0.09246473	-0.4987493	-0.081267044	0.7968852	0.42665073	-0.14915362	-0.63351387	-0.7756989	1.04562	-0.5289385	0.23211586	0.1786807	0.59463704	-0.2685545	0.17441005	-0.47504413	-0.55588585	-0.024364172	-0.24756664	0.3756019	0.32383248	1.000029	-0.91440284	-0.61286473	0.110805675	0.41061816
0.35083672	-0.11132162	-0.12271487	0.004018279	-0.24331881	0.1125714	-0.48501086	0.66771305	-0.08399986	0.23276894	-0.6700042	-0.3517879	-1.0356749	0.39450085	0.7371101	-0.086341575	0.038164143	-0.53223217	0.39883327	0.42741075	-0.26748583	-0.9079679	-0.407585	0.1965628	-0.4951893	0.00037077322	-0.32089546	-0.46938562	0.049598508	0.44655922	-0.057012323	0.6336223	-0.09136275	-0.8407494	0.1343704	0.17158863	-0.26061237	0.09629424	0.5117774	-0.0070017055	0.009580867	0.30484155	-0.16275647	-0.33431074	0.30860537	0.16190124	0.37330455	0.27916005	-0.7667142	-0.45686826	-0.10505	0.4409963	-0.3560618	-0.29427522	-0.47316554	0.9037909	0.6776853	-0.16129579	0.25403282	0.4095504	0.03293051	0.57796395	0.077029794	-0.48983204	-0.6001521	0.5884167	0.31052074	-0.33752936	-0.47193232	0.81363857	-0.45499557	0.78773445	-0.37732878	0.112941496	0.19262911	-0.8922835	0.15805495	0.74626046	-0.1468928	-0.5045607	0.287583	-0.68101597	-0.23008275	-0.5041445	0.43055403	0.18826549	0.05557019	0.04229329	-0.008269266	-0.88250285	0.14091596	0.013835759	0.48336646	-1.0202384	0.6180061	-0.6834204	0.2559207	-0.15434544	0.37541267	-0.47930384	0.40020347	0.04696857	0.377701	-0.19996248	-0.659675	-0.18416253	0.53597635	0.030981408	-0.5936581	-0.63737744	-0.4380525	0.54559624	-0.10120745	0.8854351	-0.23820996	0.3661674	-0.18721707	-0.5063168	-0.3300568	-0.40200815	0.22366463	0.17966211	-0.059001863	-0.18394418	0.16076076	-0.5693018	0.7304476	0.009088802	0.2049712	-0.5069281	-0.1931228	0.44435185	0.9327346	0.6231134	0.42405295	1.0545622	0.45498696	-0.39228845	-0.33664173	0.23829468	0.13203883	-0.25203308	0.94235843	-0.050717425	0.17049263	0.28795484	0.72001964	0.7372312	0.020517599	-0.0143610425
0.19341128	-0.09745221	0.09247805	-0.37269494	-0.084572464	0.71101785	-0.3790104	0.28424454	-0.72855055	0.08024805	-0.25775492	0.014789682	0.029637551	-0.029965024	-0.32063535	-0.006526676	0.35275906	-0.05645579	0.3087939	0.09664318	-0.21499686	0.3873707	-0.2079424	0.4188185	0.3339514	0.17241912	0.2264603	-0.028990995	-0.0022913164	0.97257584	0.5822777	0.14883743	-0.28400862	0.34372258	-0.73822266	0.27920973	0.22998099	-0.26467133	-0.52529484	1.1010109	-0.9024326	0.45609704	-0.38334733	-0.09315304	-0.0032175407	0.17787121	-0.529507	0.24622363	0.21958806	-0.41131026	-0.32103556	0.03298634	-0.033229467	-0.6125963	-0.08823154	0.20431906	-0.028080357	-0.32472807	-0.40010425	-0.4662405	0.46317598	-0.38699308	0.10647406	0.2596856	-0.12193903	0.77119654	-0.10790477	0.047047153	0.109410055	-0.22648877	-0.41933164	-0.21538854	-0.03684145	-0.254958	0.051570084	-0.066859275	0.09907934	0.47902527	-0.008816551	0.33824527	0.02426299	0.08138064	-0.34007427	0.1918507	-0.62461853	-0.7796668	0.50882375	-0.6806554	0.112964354	-0.26478377	0.19739775	0.16178012	0.047029316	-0.5583074	0.32204506	-0.17752641	0.03280942	-0.1745082	-0.17883159	-0.340758	0.08621549	-0.41874284	0.011153223	-0.038497835	-0.5456205	0.5063535	-0.40473738	-0.1983485	0.1401719	-0.16727588	-0.62934154	-0.6102202	0.014529267	0.014454346	0.37598425	-0.60120845	-0.018639732	-1.1360241	-0.2002166	0.49499506	0.58283544	-0.10369068	0.5604958	-0.48766437	0.07719411	-0.07877115	-0.10712609	-0.11237299	-0.78207105	-0.2902929	-0.29569137	0.59754753	-0.40402725	-0.12723419	0.12787043	0.22679837	-0.1966044	0.23957641	0.27910244	-0.1450752	0.24080522	-0.1563567	0.48272562	-0.21183154	0.068686716	0.67010903	-0.5247778	-0.1432112	0.11358694	-0.58254045
-0.2236376	0.21820626	-0.108569056	0.35245496	-0.16731627	-0.1791219	-0.10246934	0.12572928	-0.13303946	0.5079448	0.8031568	-0.11127856	-0.08043539	-0.7758548	0.3870727	0.035869613	0.69288343	-0.052703973	-0.38131672	-0.06928795	0.028548423	0.28034613	-0.20253137	0.76782334	0.29123342	0.15696852	-0.065469824	0.61144894	0.29066974	-0.6531397	0.40424708	-0.0729186	-0.5683855	-0.27999905	-0.19176796	-0.03278566	-0.26121753	-0.47203812	0.25437614	-0.0034073703	-0.6108978	0.5105077	-0.42902315	-0.1361996	-0.09184337	-0.284116	-0.45399955	0.1905444	-0.74133724	-0.20346697	-0.5070984	-0.43235216	0.5487834	0.061090834	-0.2375409	0.22300467	0.35628605	0.04348967	0.29366598	0.18014504	-0.18947919	-0.34159675	-0.47694892	0.62252367	0.13473041	0.16694462	0.30787343	0.12981711	-0.21953107	-0.0021938465	-0.00020426163	-0.050131366	-0.13565594	0.107554235	-0.3641049	0.5227058	-0.17229547	-0.4807495	-0.11836889	-1.3082554	0.123590305	0.2445929	-0.13518475	0.6680236	0.24133588	-0.4885894	0.43148902	0.1542348	-0.60370326	-0.4081872	-0.36061144	-0.19406193	0.19073375	-0.44666567	0.23706822	0.09015776	-0.3825208	0.70901084	0.39994645	-0.18655406	-1.0973843	-0.30021015	0.32856512	0.10367724	0.66795397	0.59682786	0.3916174	-0.67723143	0.23637043	-0.5637895	0.2062257	0.5935555	-0.13885316	-0.42083973	0.02802276	0.35361555	0.00062120147	-0.17781927	-0.6026958	-0.054722626	0.16953498	0.62567	0.088321194	-0.1544722	0.1345232	-0.31101963	-0.40308574	0.33659816	-0.20432152	0.21684541	0.34647718	0.78256446	-0.19537193	-0.037955925	-0.052010514	0.059003264	0.57043594	0.19118145	0.09776951	-0.10209538	0.19808841	-0.5273888	0.034034815	0.023400964	-0.19057396	0.013245268	-0.32672557	0.15433593	0.50783753	-0.2834709
0.6726698	-0.8385586	0.62685406	-0.9712086	0.14340831	0.2712934	0.18056497	0.3439141	-0.49487862	-0.23282862	0.2001109	0.508285	-0.04718948	-0.22413637	0.9290851	0.72982424	-0.085926734	0.12754898	0.35107496	-0.37571457	0.43154326	0.09746843	-0.2110108	0.51527816	0.53946763	0.24566144	-1.0270646	-0.41876286	0.263958	0.35872552	0.5052107	0.5851145	-0.75550455	-0.70515645	-0.6118201	0.31511322	-0.2781019	-0.14084662	-0.26234043	0.3031873	-0.35725564	0.45073307	0.060935304	0.025677979	-0.5493834	-0.10732642	0.56652755	-0.5176063	-1.0857122	0.19051188	0.06628873	0.35042876	-0.24248122	0.31336412	-0.14552526	-0.18607204	-0.26317316	0.093950085	0.031511363	0.5372948	0.03791488	0.030157011	-0.76678866	-0.23376517	0.06314104	0.7925159	0.50695544	-0.03785475	0.12395655	0.83548105	-0.49875933	0.41698304	-0.20099719	0.19936262	0.027786901	-0.8783168	-0.12541397	0.7706768	-0.02873365	-0.30936864	0.2583081	-0.042814802	-0.22493325	0.28808948	-0.30454606	0.05350046	0.15631188	-0.18151686	0.4111409	-0.74760145	-0.49174398	0.33183956	0.34167448	-0.22140612	0.44226345	-0.15898564	0.4993938	-0.022549728	-0.10810352	-0.016399153	0.36985505	0.6585409	-0.14598937	0.61883324	-0.12686123	0.17917487	-0.446696	0.12006483	0.34779468	-0.32326835	-0.28867936	0.72971314	-0.0523197	0.05825884	-0.20176068	0.87879515	-0.72007364	-0.10737951	-0.16575399	0.09462753	-0.38952908	-0.23643358	-0.4237887	-0.9214568	-0.40754125	-0.010497435	0.072262816	0.02292525	-0.53117967	0.11492593	0.21249673	-0.14777756	-0.3888824	-0.30358273	0.28488582	0.08159311	-0.433773	-0.46448913	-0.230216	0.30922142	-0.26898775	0.081242144	0.5155038	0.15859637	-0.26866564	1.167512	0.5160652	-0.24078256	-0.004707393	-0.19261704
-1.1324582	0.15358062	-0.11477765	0.18798202	0.020913176	-0.14873487	-0.2864427	-0.33996978	-0.14343774	0.131104	0.2989701	0.32169178	0.04541682	-0.77762204	0.21192719	0.07329116	-0.28328064	-0.17077145	-0.037251454	-0.49827445	0.009580078	0.7763911	0.123777665	0.34109715	0.32732347	0.2623195	0.5790345	0.008209887	0.18991718	-0.53176945	0.30725852	-0.77791965	-0.4772387	0.14837587	0.38756028	-0.009684544	0.25197995	-0.7769412	0.23455183	-0.21071708	0.014730096	0.44348922	-0.21601997	-0.19293955	-0.3541463	1.2194326	-0.36090142	-0.4699432	-0.18165636	-0.6512998	0.28385493	-0.49297225	-0.24776231	0.07164265	1.2573074	-0.5831298	0.93605894	-0.5541698	0.30752188	0.42305607	-0.39987746	0.21027607	-0.024635494	0.767919	0.30580175	-0.52182376	0.6653499	0.56228024	0.02510763	0.2572964	-0.17813507	0.69899523	-1.2829999	0.10118741	0.016778046	-0.5084641	-0.59622854	0.45238256	-0.015490859	-0.2177469	-0.46100268	0.53933656	-0.23744549	-0.31747857	1.0284297	-0.034279887	0.41317317	-0.7852506	0.7598049	-0.13259923	-0.25483698	-0.07864552	0.13420108	-0.6219005	0.22369817	0.6651202	0.521138	0.059539154	-0.07060679	0.024259942	-0.5368474	-0.096353896	0.4548362	0.44471553	0.21043636	0.56889427	0.07143166	0.35361496	0.68848455	-0.17983073	-0.72285205	0.055565313	-0.272949	-0.2057723	-0.031724922	-0.08876827	0.3356322	-0.50342774	-0.3580398	-0.10711563	0.7119518	-0.30987844	0.23787929	-1.1117995	0.2647055	-0.033922743	-0.7466576	0.45147523	0.09465966	-0.043237817	0.5099218	-0.16781832	-0.15288341	-0.64126146	-0.07167871	0.62011343	-0.38119254	-0.6896545	0.06956881	0.44717133	0.5816697	-0.1839292	0.23748352	0.21964704	0.22756706	0.23488434	-0.47836736	0.18425901	-0.5439703	0.17156735
-0.5916692	0.15928118	0.15223457	0.1141369	-0.0111212665	0.5386881	-0.3571223	-0.13160567	-0.2754029	0.35966527	0.15014532	-0.19269148	0.15872069	-0.34420088	-0.18567199	-0.10407776	-0.5049169	0.3636005	-0.43694317	-0.01830966	1.3600984	0.537631	0.022122331	0.1996213	0.57043004	0.31323627	-0.52308565	-0.29658163	-0.11803239	0.06543662	0.4635876	-0.5053693	-0.5585954	-0.2930174	0.5924322	-0.48775765	-0.06426202	-0.43805063	0.10228112	0.559341	0.19863507	0.18423913	0.39854932	-0.115456216	-0.61259395	-0.16583751	-0.39414084	-0.43172956	-0.4045447	0.056957677	0.17247374	-0.0431708	0.15458052	-0.32697514	-0.42089558	0.0035095457	-0.15320921	0.30128467	-0.017878758	0.2760315	-0.24519646	0.3172712	-0.2597759	0.4979304	-0.14643931	-0.21857348	0.49097714	0.20445347	-0.05152084	0.5477143	-0.4495127	-0.28741664	-0.26251134	0.39689067	0.63843614	-0.38841316	0.12969136	-0.31670618	-0.41871226	-0.12663792	-0.25822145	0.2517117	-0.9085653	0.08060192	-0.005522321	-0.027259303	0.025601689	-0.28810197	-0.0046459846	0.6348693	-0.13878223	-0.06403042	0.40095976	-0.07198721	0.646696	-0.7771405	0.39972392	0.8317218	0.69628346	-0.22781724	0.41743523	-1.0057014	-0.1718769	0.5364278	0.35315415	-0.086374104	0.24729447	-0.26320016	0.8902174	0.46856803	0.5587851	0.5651227	-1.1159687	0.1025302	0.80449015	0.33986992	-0.24189876	-0.5975046	-0.7446306	-0.8982585	-0.19126706	0.270987	0.44024742	-0.059087753	-0.35084862	-0.015083718	-0.5366121	-0.9410865	0.40263644	0.15560684	-0.09400807	-0.26003498	-0.019977542	-0.16494955	-0.17775464	0.25703892	0.7922685	-0.4071912	-0.08568715	0.19655983	0.22783187	-0.16673829	0.29478586	-0.57362956	-0.803704	0.36466637	-1.0869049	0.5847451	-0.08040265	0.33761495
-0.47495028	-0.8046972	0.41566718	0.11137172	-0.50710046	0.65717053	-0.51773477	0.17360023	-0.116001226	0.5284135	0.034640066	0.32431513	-0.41357893	0.22843036	0.48154706	0.16611062	-0.3670209	0.6198895	-0.8077026	0.11252645	-0.7698254	-0.020781519	-0.298499	0.9769647	0.112419166	0.38598663	-0.18828036	-1.0978059	-0.3037804	0.07405542	-0.2753358	-0.5162002	0.42377573	0.22215556	1.0864589	0.5253893	0.8590824	0.2349418	-1.4669422	0.26479423	-0.3892022	0.17173038	-0.07738847	0.25904563	-0.9695846	-0.25817993	-0.6481906	0.6739464	0.1602785	0.14188841	-0.114756115	-0.9371123	0.3312658	-0.18904679	0.6852003	-0.4125671	0.16491556	-0.45587716	0.33846465	-0.118623085	0.18258564	-0.22709827	0.32257318	0.5349292	-0.3336164	-0.37957624	0.65291315	-0.9110597	-0.40620714	0.44864866	-0.5624347	0.4067702	-0.21442635	0.32285935	-0.025166007	0.9760314	0.57621306	-0.025920123	-0.31223547	-0.38670668	0.12206262	0.87141305	-0.3652052	-0.264698	0.09852098	-0.16183865	-0.8935703	-0.016526558	-0.02650251	-0.4549299	-0.31969377	0.25278345	-0.005138336	-0.4283318	-0.13992359	-0.07574979	-0.17298195	-0.44514433	0.08236868	-0.34847528	0.28637734	-0.6448443	0.5799368	-0.25983542	-0.70350885	0.5405916	0.8039867	-0.3121319	-0.35079104	0.9549894	0.28245762	-0.34559494	-0.0931135	-0.3179505	0.40053636	0.23744985	-0.501335	-0.6947909	0.017200485	-0.67854935	0.62124884	-0.43088868	0.32940456	-0.06812448	-0.76433766	0.4879016	-0.09147186	-0.32752317	-0.15635201	-0.3209713	0.038685493	-0.33887738	0.8762842	-0.58283514	0.4694269	-0.7656133	0.5200501	-0.7911381	-0.74157566	0.24795514	0.15735403	-0.4068294	0.3455045	-0.40084544	0.35993758	0.87853974	0.62659955	-0.123955086	1.0668226	-1.3367358
0.38414595	-0.38914785	-0.061976153	-0.41078797	0.26658615	-0.4347618	0.6940659	-0.15654401	-0.6798911	0.28545308	0.3497436	0.5631545	0.24291748	-0.29818222	-0.14611568	0.7940371	0.59911007	-0.13345708	0.7774957	-0.18091553	-0.078430586	0.37198076	-0.057425316	0.1936878	-0.5590826	-0.19623947	-0.6143987	-0.5582057	-0.24316691	0.04738471	0.45106354	-0.30218926	-0.27851656	-0.28974324	0.24988836	-0.25666264	0.110334344	-0.688303	0.28052965	-0.007855127	0.17034172	0.4178196	-0.03822403	0.5677192	-0.032611344	0.2702609	0.5420218	-0.24221809	-1.0387704	0.917588	-0.3116212	0.047575373	-0.5069366	0.63655716	-0.29821572	-0.22562593	-0.85301036	0.89627576	0.2212681	0.8902569	0.15638095	0.9450599	0.4471849	0.41108158	-0.6906972	-0.43637037	-0.06521469	0.19435574	0.22454333	-0.07563682	-0.51883507	-0.20432702	-0.9924799	-0.4950345	-0.01724288	0.24150504	0.41187233	0.8255743	-0.7269069	-0.032439087	0.42970347	-0.7950047	-0.047029853	-0.09167835	0.20809874	-0.07007228	-0.16490607	0.5468717	0.15600407	-0.9026407	0.0052951775	-0.20357956	0.07057403	-0.48413205	-0.5650721	-0.38291255	-0.05017994	-0.48234504	0.68869406	-0.25648725	-0.3332509	-0.049186062	-0.14663088	-0.23384911	0.37517563	0.1585684	0.6090089	-0.24092045	0.3698149	-0.35292733	0.26937407	-0.28267825	-0.7367135	0.44116127	0.54782045	-0.8200521	0.44744685	-0.7026693	0.13586988	-0.3974293	1.3080096	0.19606236	-0.26797807	0.045081317	-0.70528877	0.06168196	0.252944	0.33602035	-0.16362157	-0.655182	0.36604866	-0.30531374	-0.71324694	0.7202648	-0.28914207	0.27962393	0.40203923	-0.98295414	-0.21753833	0.36647058	0.49774066	-0.043027952	-0.2908615	0.04378616	0.4387959	-0.11686116	-0.40318304	-0.088939235	0.30399463	-0.27550644
-0.047218576	-0.5859975	0.23768264	-0.18105122	-1.221517	-0.87683177	0.17163846	0.13897231	-0.60378194	-0.27317554	-0.3042404	0.11993763	-0.58136463	0.16734208	0.1130037	-0.016023122	-0.00021830731	0.093618095	-0.0063263364	0.37799937	-0.1565845	-0.32482952	-0.08295529	0.16974866	0.5209867	-0.117132165	0.06295008	-0.07276314	-0.22471303	-0.7061424	0.024422353	-0.15507174	-0.28194985	-0.24706264	0.37375548	-0.24610263	0.7306467	-0.3999808	-0.3052312	-0.0975583	0.06076113	-0.24807404	-0.6262236	-0.75318295	-0.012214874	0.089496404	0.09588187	0.045681544	-0.08671649	0.33156505	-0.16278432	-0.61724097	-0.32241532	-0.076102234	-0.014950275	-0.38961664	-0.084369086	0.21603636	-0.8346304	0.30361998	0.10061276	-0.38086233	-0.069167815	0.9148665	0.0894644	-0.66185516	0.47756046	-0.49811888	0.020520221	0.3183636	0.41589504	-0.10363558	-0.1024024	0.1062175	0.043304607	-0.15772411	-0.20543452	0.3138322	0.07874329	-0.79110277	-0.7042875	0.08677875	0.5594672	0.56986153	0.13730064	-0.41033903	0.35010993	-0.33563092	0.42219874	0.3871268	-0.35722205	-0.29894125	-0.4396447	-0.40757054	0.335181	-0.025222987	-0.46098262	-0.24582963	0.14156133	-0.5015118	-0.05983044	0.12748422	-0.044435006	0.17795072	0.28902665	0.61649966	-0.17501211	0.60811025	-0.20376834	-0.24551009	-0.31400123	-0.10171711	0.1382256	0.21441035	0.40958083	0.57958525	0.18116872	-0.60895246	-0.32150763	0.12881508	0.53202605	0.35741228	0.23148766	0.08882356	0.5630388	-0.069586605	0.14972961	-0.15774243	-0.41204193	0.81733114	-0.06401726	1.2196783	0.2652038	-0.11584292	0.2753159	-0.24405153	0.3718998	-0.7594084	0.16213767	0.6157179	0.025346955	0.3325414	0.35364255	0.33611876	0.21330565	0.5228737	-0.22115195	-0.50857484	0.59666413	0.2910149
0.28818488	-1.0744462	0.68870187	0.21858057	-0.20116371	-0.48933023	0.026099896	0.43376237	-1.1516204	-0.5750396	-0.18765827	0.18926913	0.4773843	0.3458869	0.18727458	0.6099143	-0.24755661	-0.3594626	-0.052582633	-0.1385549	0.1049088	0.058392935	-0.01411761	0.62993264	0.15367295	0.5527843	-0.48274758	0.20696197	-0.058339134	0.61705005	-0.14050016	-0.09565699	0.15726167	0.39634728	0.22753902	0.6980759	0.16929048	-0.44528493	-0.24471621	-0.29398733	-0.2074152	0.8651486	-0.5244806	-0.273459	-0.72651154	0.6769692	-0.122085854	0.42718107	-0.74131906	0.17059149	-0.5144763	0.16391812	0.2365785	-0.48971748	-0.14409721	0.35059983	0.021080136	0.972955	-0.41151983	-0.4045154	0.02569979	0.55228996	0.38828057	0.041120987	-0.63893217	-0.44780362	0.14775126	0.39420256	0.46639773	0.14290933	-0.60752577	0.26193553	0.21144702	0.17421393	0.04943665	0.30561563	0.47178555	-0.29452747	-0.0446268	0.041659936	-0.15351303	0.44235495	-0.16900507	-0.54620564	0.4189371	-0.52685827	-0.5023532	0.9327455	-0.3541457	0.15362646	0.2502899	0.63511425	0.73114526	0.18924314	1.6389004	-0.6838781	-0.3792953	-0.07675622	0.33539945	-0.28521416	-0.52443045	0.5608892	0.08414155	0.33078742	0.43879688	0.3147661	-0.027351988	0.4779299	-0.27168548	0.12398979	-0.06804811	0.9376602	-1.2801417	-0.062633395	0.04014195	0.15876475	0.48470718	-0.09107828	0.359493	-0.14821386	0.32335413	-0.1959419	0.01512647	0.6524415	-0.1377732	0.06278181	0.26934662	-0.44522616	-0.49663866	0.12460074	-0.40407285	0.49022728	0.38259226	0.2887089	-0.11686927	1.1971936	0.15468061	-0.27235386	0.3810363	-0.15867262	0.46491864	-0.11019495	0.7028358	0.4817072	0.4596756	1.0918022	0.23932508	-0.32285205	-0.027916448	-0.25394067
-0.0043314947	-0.13825542	-0.3351395	-0.3984259	0.5208549	0.011575725	0.35058355	0.43224204	-1.2801453	0.72522736	-0.1918139	-0.38101888	0.3208115	-0.6601397	0.6308348	-0.0707858	-0.6471185	-0.43685153	0.32199174	-0.21260823	-1.2375723	0.46045145	0.23735003	0.05586587	0.014498962	1.2895446	-0.43745252	-0.49294233	-0.558235	-0.51494896	-0.060096137	0.31784123	-0.50974256	0.48673946	-0.27464122	0.2082104	0.04666911	-0.17564368	-0.20741233	0.29251868	0.22524273	0.14945132	0.5931766	0.1968384	0.099016026	0.4540048	0.48215723	0.18085451	-0.022856954	-0.30626783	-0.8437119	-0.8968914	-0.006517986	-0.77952856	-0.25263557	-0.15633433	0.44716266	-0.47991097	-0.3450981	-0.38488275	-0.1764968	0.27971056	-0.1343929	0.54816866	0.7339332	-1.1214758	0.011738855	0.15254082	0.33610803	0.29610938	0.02682082	-0.4964762	-0.0043303836	-0.2555971	-0.07456614	-0.2505084	-0.05333213	1.0620939	-0.89835435	-0.81793183	0.51567566	-0.063484274	-0.110465385	0.023688938	-0.20715436	-0.08093125	0.1322573	-0.34079108	-0.297198	-0.63496745	0.12003203	-0.5621727	0.4533994	-0.4362576	-0.047549333	0.069999084	0.26202002	-0.16190332	-0.113283545	-0.8280174	0.42500624	-0.43441176	0.39054236	0.40710118	0.5777985	-0.08914189	-0.08644304	-0.43496513	0.58739036	0.5059911	0.1881293	-0.29716	-0.03128834	-0.12009666	0.0637761	-0.01773052	-0.15366776	0.07498358	-0.6319156	1.0689949	-0.082039826	-0.122952096	0.4729962	-0.20075934	0.09489234	-0.06504909	-0.7422318	0.49836478	-0.67571384	-0.510835	-0.3075094	0.5962393	0.57377887	0.21715912	0.3123525	-0.3374543	0.02393611	-0.00806363	-0.23928745	-0.36912197	-0.22642252	-0.13194075	0.6994598	-0.24220316	-0.6231473	0.4524467	0.64811105	-0.35443717	0.5198641	-0.018248376
-0.6421005	0.1232083	-0.24319358	-0.37394372	-0.15628552	0.13117619	-0.038262106	-0.3999812	0.075466216	0.44694394	0.79957575	-0.0772429	-0.16990787	0.29354212	-1.0073158	0.28762606	-0.050140463	-0.30845362	-0.4043172	0.7723376	-0.19569078	-0.123488314	-0.28167075	0.056627896	0.05603869	-0.08075355	-0.9658206	0.104876496	-0.3738702	0.110081054	0.21863484	-0.11670731	-0.40477127	-0.396475	0.7420741	-0.024236077	-0.0021792266	-0.28091207	-0.4773296	0.25493017	-0.10264253	0.17345864	0.034602277	0.13154377	0.064211	0.0049078045	0.4663911	0.42499664	-0.014444617	-0.15917556	0.14593676	0.15486537	0.2896043	0.09934141	0.19964819	0.10781904	-0.5445832	0.15559128	-0.39030513	1.0165641	-0.3910969	-0.49013114	-0.53629404	0.55972385	-0.6788878	-0.3248926	0.5039633	0.28410092	-0.19082373	0.15511352	0.1315336	1.2688359	-0.6064882	0.06639692	-0.7508615	0.50167096	0.21317524	-0.31243184	0.6868648	-0.131239	-0.97912943	-0.5736824	-1.1456248	-0.7561785	0.18328674	-0.25392374	-0.06557578	-0.12848428	0.28032362	-0.15383533	-0.31935936	0.119823486	0.21427207	0.27636388	0.2894227	-0.9992186	-0.32484803	0.18541348	0.5882696	-0.27089566	-0.36346996	-0.4032241	0.7123628	0.39605305	-0.18429464	0.18465842	-0.7231628	0.54112864	0.28335893	-0.43525365	-0.07054897	-0.38050783	-0.57668096	0.6875131	-0.30149466	0.16728483	-0.0446325	-0.039561857	-0.26190767	-0.46953145	0.30805317	0.31083965	-0.34615612	-0.33895513	0.47689694	-0.65228254	-0.2377125	0.42093349	0.16773225	-0.79545504	-0.25041953	0.55628604	0.28284192	-0.3375931	-0.8311287	0.15950911	0.186211	-0.08323147	0.0013551518	0.7708298	-0.13466716	0.41276637	-0.0996228	-0.19258349	0.054920185	0.96089405	0.123152934	-0.5646325	-0.0817027	-0.8423071
0.013375898	-0.20751607	0.4609603	-0.33589116	-0.5591852	-0.39713794	0.22155164	-0.43347502	0.11497622	0.24052235	-0.9458245	0.39170077	0.30338353	-0.19771184	0.30533394	0.82003033	0.29352307	0.17650089	0.097278304	0.25891978	-0.30524513	-0.22424294	0.023740556	0.40713012	0.69097733	0.82145566	0.008986338	0.41071916	0.009584477	-0.69060194	-0.017668698	0.09692281	-0.53469795	0.29089862	-0.23173976	-0.4822346	0.038871437	0.51862055	-0.34622267	1.1782439	-0.15186259	0.4280701	0.80633163	0.35414273	-0.5150055	0.44424263	-0.54751456	0.1815379	-0.2600124	-0.24571557	-0.27195	0.13316773	-0.16198221	-0.35136962	0.29358113	0.89735484	0.50085145	0.2806454	0.29843527	0.47576484	-0.09273609	0.27777606	-0.0948773	0.60549366	-0.33634117	-0.11951249	0.51638186	0.07951674	-0.03183307	-0.86989003	-0.2475786	-0.9885935	0.0046605305	0.5932235	-0.316896	0.5640493	0.84009475	-0.006292171	-0.19833574	-0.4383834	-0.056628186	-0.1288907	-0.4619201	0.5084422	-0.5148653	-0.8693713	1.1668537	-0.516811	0.73821753	-0.66932243	0.31574467	-0.2487708	0.08806298	-0.62010425	0.105246216	-0.24859403	-0.2648414	0.5068858	0.66183925	-0.43150106	0.2578381	0.0670216	-0.30559078	-0.43402958	-0.19045529	0.23871869	-0.23527567	0.30365404	0.29883415	0.18580022	0.39748117	0.85606104	-0.34435287	-0.33374023	0.13208659	0.49390143	0.1485604	-0.46016467	-0.4252557	-0.5621063	-0.0770861	0.030139579	0.44574887	-0.39219722	-0.4781415	-0.47415406	-0.50555134	0.42149824	-0.15348518	-0.24613164	-0.27709603	0.23257406	0.1723364	-0.63331354	-0.06097902	0.49434194	-0.20963764	0.2692832	-1.0915979	0.6431721	-0.5173954	-0.07691551	0.9290203	-0.01568147	0.5620021	-0.096000336	0.53224653	0.3333291	-0.21329613	0.06382188
0.112881355	-0.79533374	-0.6456278	0.36857146	-0.015211275	-0.09204788	-0.48391628	-0.6464629	0.0039376845	-0.012166437	-0.020869926	0.10907625	-0.50313985	-0.20353092	-0.24330595	0.5442992	0.2897305	-0.24837507	-0.6467169	-0.6330081	0.49476987	-0.15920661	0.47983423	-0.1252557	0.2898875	0.23490454	-0.36126328	0.44636774	-0.4548896	-0.027084233	0.7501722	-0.16884053	0.13282466	0.27426356	-0.30279103	-0.1771747	-0.12975442	-0.30272812	0.14721	-0.2343076	0.49823117	0.5672337	-0.06795507	-0.8118451	0.0033791116	-0.25460333	0.6202509	-0.07577423	0.3640315	-0.6142904	0.3351639	-0.58648056	-0.41654494	0.67875814	0.5816655	-0.40851042	-0.42359444	0.3288418	-0.05878698	-0.31263182	0.4532887	0.05390715	0.10973094	0.055300012	-0.20258296	-0.16772407	-0.46779388	-0.82891256	0.4480211	0.11096886	0.4260207	-0.44076556	-0.52249706	0.35424498	-0.45467836	-0.072763175	-0.44008887	0.2912064	0.2990198	0.18009624	-0.04296878	-0.22385643	-0.3332985	1.0332909	0.22948353	-0.55040413	0.26665303	-0.26058197	-0.42024288	-0.66049814	-1.0301536	0.1003559	0.28254366	-0.35419318	0.7821172	-0.29189995	0.6842199	0.10764767	-0.03469472	-0.0144170625	-0.12274591	0.2390246	0.14786506	0.16775523	-0.07189558	0.85121584	-0.30694017	-0.3754725	-0.12744758	-0.026524838	-0.49095052	0.5628559	-0.04369341	0.10708537	0.04318464	-0.06720792	-0.44026724	0.052655138	0.21918903	-0.20565684	0.4265673	0.13712879	0.2519795	0.10841046	0.49936378	-0.4507571	-0.17477277	-0.12214082	0.3966682	-0.07285862	-0.20527251	0.8057352	-0.04802067	0.14958061	0.29085106	0.6821261	-0.043115854	0.4006851	-0.29708144	0.43969983	-0.25613075	-0.6861358	0.660711	-0.53882366	-0.27556834	0.5399322	-0.41864252	-0.23501945	0.24181516	-0.4013778
-0.31848004	0.17751344	0.45037222	0.19610633	0.51037043	-0.16057141	-0.029370153	0.13894391	-0.08279431	0.22582708	-0.5097854	0.14821509	-0.2325075	0.031633917	-0.9086118	-0.23498286	-0.16686891	-0.14896697	-0.42463878	0.24770127	-0.39506266	-0.62243044	-1.1545554	0.9933529	-0.41682765	0.41611466	-0.19801748	0.40062773	-0.35711205	0.18908639	0.29743946	0.69336575	0.30247355	-1.0042986	-0.22637784	-0.096989796	0.3021907	-0.21244803	-0.076553285	-0.018128252	-0.35346794	0.6352517	-0.3338616	-0.314082	-0.14783043	-0.0024026027	0.6915096	0.004698114	0.06797266	0.11090951	-0.30897552	-0.5942348	-0.19479376	0.34746993	-0.8678561	-0.49119157	0.46988672	0.3832282	0.08406107	-0.47255552	0.03468142	0.28183922	-0.7356316	0.27887285	-0.5463251	0.48255423	0.40773386	-0.20551006	0.42411458	-0.8699879	-0.40885687	-0.7157802	-1.0052078	-0.029286092	0.19984734	0.19998427	0.12314003	-0.033112798	-0.6544443	-0.54286164	-0.6056823	0.4770605	-0.07154644	0.44330382	-0.24408655	-0.018258508	-0.17728952	-0.11949785	-0.622693	-0.5300627	-0.2985521	-0.33447474	0.23829658	-0.5517055	0.9192927	0.17761539	1.130976	-0.6672122	-0.059990328	-0.86016124	0.8707099	0.059927452	-0.30508927	-0.15370084	-0.3316007	0.54311734	0.23657295	-0.48722905	-0.69668025	0.2646833	-0.42742404	-0.3969895	0.55243003	0.40182516	-0.17789353	-0.9725008	0.53928834	0.009496702	-0.4225947	-0.8345702	-0.12882794	-0.13328785	-0.048809204	-0.28761125	-0.024764948	-0.307934	0.34443268	0.24394765	0.58005095	-1.040093	0.124650255	0.47641373	0.02723687	0.52015644	0.42478245	0.7756568	0.7728107	-0.29770523	0.41803992	0.7178946	0.35517982	-0.04313201	-0.25983104	0.09274902	-0.13110007	0.13425791	-0.5796464	-0.15443198	0.35773847	-0.14413711
0.74957114	-0.6112974	-0.09018833	-0.5239252	0.5399148	1.007283	-0.089715354	-0.006543837	0.2507991	0.5209306	0.2544393	0.17249599	-0.42018047	0.03476263	-0.11052836	0.111037314	0.25052264	-0.3959862	0.8549729	0.18138778	-0.45461074	0.39077523	-0.33259508	0.6184788	-0.06111526	1.0502012	-0.6066638	0.06728883	-0.511397	0.51820624	-0.08942135	-0.08575326	-0.9744928	0.6684301	-0.44523695	0.021347696	-0.081895985	-0.87410235	-0.11288435	0.09166788	0.28540537	0.0011303375	0.43789127	-0.16089597	0.44270533	0.016421298	0.14824098	0.9656708	-0.37346745	-0.46747926	0.2206319	0.45073143	0.33529878	0.3025296	-0.28857812	0.73239875	-0.009529181	0.401101	0.93616563	0.23365729	-0.30470318	-0.5437086	-0.17679732	0.59832966	-0.7329628	-0.8346852	0.70965177	-0.50544417	-0.26259512	-0.04951746	-0.38488325	0.1411769	-0.38910395	0.4727671	0.017675893	-0.0298534	0.14385234	0.2570173	-0.83339256	0.15260436	0.15568914	-0.21680038	0.3552842	-0.54253274	0.13816562	0.7516172	0.12197267	-0.041279767	-0.083144195	-0.66486216	-0.4162754	-0.6500715	-0.2225712	-0.1423188	0.23207092	0.0758531	-0.07787591	0.004845038	-0.7745761	0.34968486	-0.13613477	-0.53557414	-0.2560833	-0.06541857	-0.09208137	-0.0631951	0.30383778	-0.16210352	0.24971718	-0.5713555	0.36130917	0.7167033	-0.30663645	0.7467595	-0.26750958	-0.3175901	-0.85452706	-0.50487894	-0.75881237	-0.28799108	0.6911794	-0.26434812	-0.09313046	-0.45705524	0.11409876	-0.1090343	0.51627386	-0.3234637	0.022153925	-0.52996665	0.15543108	0.8777103	0.31102473	0.8268464	-0.062063254	-0.44873673	0.31848097	-0.45915085	-0.3943969	0.19792245	0.8212048	0.05197929	-0.12147985	0.26220673	-0.0675502	0.9425346	-0.57476014	-1.2173789	0.16029555	0.72277546
-0.3221957	-0.23466153	0.34757185	0.008618616	0.013573167	-0.46836218	-0.33025083	0.11714051	-0.818716	-0.101732925	-0.2919171	0.6888858	-0.43913925	-0.123619676	-0.26918334	-0.1596561	-0.16293046	0.25534475	-0.15176359	-0.04105362	0.13883068	-0.37102202	0.22144115	0.64839363	0.5668354	-0.19238056	-0.1586015	-0.52134156	0.13140908	0.27462572	-0.29069182	0.3584339	-0.37101778	0.20626377	0.45880255	0.15506175	-0.11728862	-1.30993	0.5663796	-0.24598329	-0.06431448	-0.32008973	0.43130898	-0.21316987	-0.05204733	0.6364656	0.76570827	0.19850354	-0.41673422	-0.55152446	1.0607089	-0.04244953	-0.21690452	0.023006054	0.45396385	0.12573622	0.13231431	-0.40103692	0.71060306	1.0846702	0.122634366	-0.53112245	-0.9446118	0.6221061	0.15271947	0.29586354	-0.57506496	-0.67410475	-0.022927161	0.20553137	-0.26497224	-0.32137835	0.443941	-0.40717784	-0.7496711	0.93530124	-0.73327917	0.51228905	-0.4100453	0.39081085	0.4291869	0.5276403	0.6515551	0.6852796	-0.33721825	-0.21634863	0.3284388	-0.02716197	-0.18180999	-0.25843263	0.60945916	0.45740125	0.03574732	-0.8511581	-0.08734824	-0.21721467	-0.83977425	0.33137372	0.682336	0.14868765	-0.17632346	-0.088146865	0.50209296	-0.40298802	-1.0610074	0.2548494	0.037601173	0.14984113	-0.27074102	0.12768671	0.006513438	-0.036964558	0.18003182	-0.33310238	-0.25785017	0.3100315	-0.2854016	-0.3042233	-1.1767367	-0.64748746	0.42237374	-0.24910973	0.5873686	-0.7567216	0.9648345	-0.17402023	-0.2798799	-0.08239826	-0.5012201	-0.26860088	-0.53155077	0.3695011	-0.5901654	-0.28526238	-0.035173126	0.6748635	0.15022017	-0.11167361	0.15487063	0.16093025	0.487902	-0.50492275	-0.01852907	-0.07583113	0.17811294	0.087103754	0.37014443	1.2899593	0.4967376	-0.027491048
0.34742916	0.43417153	0.14346851	-0.81307673	-0.3951078	-0.22961336	-0.3988917	0.06548623	-0.2744262	0.3505053	0.23124759	-0.3408894	-0.22950344	-0.14565562	0.22478314	0.20111945	0.60804033	0.040971953	-0.7737434	0.5671791	-0.2614575	0.25973386	0.16153504	-0.1379112	-0.05665597	0.32283667	-0.25984967	-0.19593762	0.06607131	0.23815154	-0.1985848	0.41044518	0.192995	-0.4865115	0.31335384	-0.013057775	-0.7413923	0.16244315	0.6903028	-0.48983043	-0.32228145	0.280277	-0.21566433	-0.27748477	0.15043391	0.25818235	0.09408949	0.5136127	-0.7854366	0.3517585	0.20767274	-0.31572273	0.459795	-0.38078135	0.6740921	-0.13707542	4.423823e-05	0.04307888	0.18340038	-0.08683407	-0.6542886	0.16968732	-0.3615955	0.38302487	-0.070240475	0.15751138	-0.3278083	-0.2034732	0.2152368	-0.1464618	-0.40001127	0.14335734	-0.68185484	-0.4942222	0.5795961	-0.30967754	-0.21932729	-0.011233066	0.1840664	-0.2423301	-0.1369382	0.17594652	0.15718651	-0.04148859	-0.19020805	-0.52291083	-0.10817426	0.18638688	-0.04476771	0.30212915	-0.3942928	0.034781825	0.0017005999	-0.13795471	0.64888626	0.27114874	-0.84891087	0.20013496	0.79981935	-0.5316202	0.4028757	-0.12259326	-0.3271401	-0.17675795	0.027195172	0.007938235	0.38368157	1.0088441	0.30489624	-0.6547605	0.05520723	-0.6193018	-0.21590583	0.5628853	-0.22656105	-0.016833646	0.37793452	-0.19302782	-0.31125388	-0.12109959	0.30181018	0.4921185	-0.07717974	-0.7214752	0.07501423	0.22330551	0.35687664	0.72637177	-0.3668289	0.06866947	-0.39866483	0.11245747	0.36116958	0.13458884	-0.42399016	0.62958825	0.83147645	-0.100211896	0.054224227	0.07246988	-0.23864575	0.54922014	0.45168117	0.16354647	-0.2539229	0.250879	-0.2576962	-0.170922	-0.003067837	0.04849719
-0.2799734	0.084561214	-0.30714044	0.10572218	-0.13240379	-0.52828383	-0.22924876	-0.31311873	-0.03646199	0.5937048	-0.79543984	-0.28674367	0.37566635	-0.24714988	-0.20898812	-0.14988524	-0.2442357	0.45209026	-0.56062883	-0.7778644	-0.22857843	-0.66960543	0.35394883	-0.17628245	1.1847732	-0.22530861	-0.24776475	-0.05182511	-0.08148951	0.049212225	0.35915238	-0.581136	0.60603493	-0.378668	-0.46170938	-0.17102724	0.055751402	-0.1259065	0.34503073	0.5141757	0.013451636	-0.24540108	0.44795826	0.22404759	0.13379967	0.073083185	-0.18013006	0.3771197	-0.5174853	-0.7555637	-0.13531472	-0.17221889	-0.22108068	-0.019943917	0.61214703	0.87516695	0.35727778	0.37455013	-0.41911846	-0.06697413	-0.120885506	-0.10194054	-0.21247004	0.3687554	-0.97761965	0.37931708	-0.21897505	-0.5420143	-0.11320969	0.2329981	0.012836608	-0.32915637	-0.061572067	-0.29755473	-0.51124257	-0.17331538	-0.11119058	-0.062581815	-0.55139446	-0.12484633	0.25189167	0.4938379	-0.58625525	-0.3897658	-0.08639155	-0.2867773	-0.0030530123	-0.5571334	0.53326404	-0.17014304	-1.0967382	-0.43927	-0.09958866	-0.010876647	0.059753347	0.26193786	-0.101865485	0.28354743	0.93380284	-1.1191797	0.447103	-0.6126456	-0.1370238	-0.70422703	0.3942505	0.2154696	-0.6120311	-0.1477638	0.529515	0.59516484	-0.73557585	0.16877647	-0.3932691	-0.17663284	-0.033469386	-0.00024055922	-0.004030257	-0.2909661	-0.11124307	0.33970025	0.16703883	-0.90704715	-0.19571155	-0.1603916	0.31733677	0.51078254	-0.5460755	-0.6099259	-0.3006213	-0.22387415	-0.21441689	0.862133	0.24177484	-0.3598975	1.1266913	-0.08806916	0.07177656	0.40111676	-0.17119415	0.28556225	-0.06651683	-0.66929454	0.27030754	-0.03169414	-0.41318795	0.7564773	0.24387929	0.85575855	-0.5114947	-0.3320228
-0.39546657	0.27239275	-0.41138044	-0.026356425	-0.1064386	0.0015423022	0.059526246	0.36496744	0.0033013518	0.74688464	-0.4379531	0.22487617	-0.27985555	-0.066969134	0.026264703	-0.23507191	0.55265087	-0.09750442	0.29216078	0.70771706	-0.5124701	-0.3390723	-0.6296657	1.4464935	0.47098064	0.1484982	0.21502598	-0.23207435	0.4481534	-0.28231883	0.6195548	-0.17668767	0.4066406	-0.2942243	-0.5443307	0.18194686	0.55783874	-0.18660943	-0.25266	-0.24804269	0.28732577	0.71191263	1.2282163	-0.31043804	-0.3256497	0.6473749	-0.49988204	0.45886964	-0.69720906	0.39258733	-0.50949854	-0.036532972	-0.47794852	-0.2943566	0.26116413	0.38534677	-0.08258981	-0.30214474	0.37602776	0.85910887	-0.378727	-0.0781504	-0.41945413	0.59285104	-0.82563263	-0.30210924	0.067856714	0.47259265	-0.29447916	-0.5077541	0.03254329	-0.82882845	-0.058585547	1.2671642	0.6826909	-0.16602696	-0.92431676	0.7277839	-0.4689421	-0.21838346	-0.15251686	0.7112986	0.057799216	0.5259249	-0.29819337	-0.18234073	0.40197182	-0.7599198	0.7417606	-0.37026906	-0.22173963	0.40492767	-0.09751865	-0.15812854	0.21513097	0.5124109	-0.3895519	-0.11127379	-0.18402861	0.14530411	-0.06385179	0.13625076	-0.023069369	0.1761078	0.12106108	0.12888491	0.09283367	-0.03680677	0.30436268	0.262693	0.43940994	0.017634908	0.26662537	-0.3363095	0.71706396	-0.7935848	0.12929173	0.2129164	0.23426929	0.56206924	-0.10835266	-0.5329691	-1.1678833	-0.8988364	0.2667114	0.16104221	0.057402585	0.34759578	-0.15236922	-0.3119697	0.058050074	0.19399604	0.2618577	-0.68824536	-0.28975102	0.4844712	0.8172795	-0.05820871	-0.39427164	0.6657863	0.035871994	0.26619443	0.9938364	-0.6913818	-0.30310982	0.34388646	-0.73361254	0.6156543	0.18396911	-1.1304234
-0.09529593	0.26678306	0.12742838	0.05898396	0.5619842	-0.10839592	0.047491185	-0.081757784	-0.28151658	0.12819602	0.059538186	0.5960979	-0.3604011	0.060201515	-0.044303045	-0.3363174	0.5160671	0.08444081	-0.4689499	0.3069976	0.23341358	-0.24214993	0.15114458	-0.20718475	0.24333045	0.8652479	-0.44688845	-0.025164895	-0.17175807	0.1238718	0.15761009	-0.15949826	0.011064437	-0.3348146	0.005542329	-0.040174466	0.270836	-1.1285573	0.33772174	-0.19166729	-0.52928007	-0.1295363	0.103736974	0.2545857	-0.32911476	-0.058198642	0.028592901	0.34802374	-0.47880578	1.2427831	-0.34228772	-0.00061461766	0.6489626	-0.971065	0.46009827	0.16554214	-0.109748326	-0.10171397	0.12964895	0.5617553	0.12464955	0.5985328	0.48577508	0.20893835	-0.19075817	0.35675123	-0.3402687	-0.2151029	0.11236184	0.06456002	-0.02784108	-0.17490625	-0.43900323	-0.5544882	0.14014387	0.14034018	-0.032495663	-0.01143358	0.29756236	0.32014316	0.050365992	-0.5654336	0.027060531	-0.026133275	0.48073578	-0.931603	-0.19000039	-0.09273503	-0.09394651	-0.40467942	-0.69145894	0.4413558	-0.17526147	0.33731642	0.51535416	0.0034269749	-0.08356369	0.3056022	0.5471339	0.056069523	-0.09607085	0.64152837	0.43273753	-0.20739035	0.65215856	0.55318135	0.20580271	-0.33685723	0.16938776	0.14074503	-0.2806235	-1.0815418	-0.12341111	-0.36847088	0.4491806	0.32230484	-0.016163636	0.39039811	-0.55553627	0.23689254	0.08078742	0.064600065	-0.50255346	-0.15537131	-0.08761372	-0.51672286	0.16621226	0.21116918	0.20111072	-0.6716775	-0.23822589	0.31672966	0.4756327	-0.47471344	0.48813456	-0.41027117	0.262099	0.18673769	0.26910996	0.82060915	0.036676593	-0.054675594	0.7410413	0.1834546	-0.15382358	0.94512904	-0.31286442	0.19929959	0.3050064	-0.12633604
-0.58443964	-0.8025587	-0.35127538	0.1499744	-0.01671665	0.10933536	-0.18703218	-0.33657208	-0.08543905	0.9611528	0.39309087	0.057898797	0.8877114	-0.37189224	0.14772992	0.36389163	-0.80666554	-0.09343347	-0.47961664	-0.71342665	0.37381318	0.7426441	0.15428345	0.5652458	0.32047826	-0.53447425	-0.6082707	-0.14877386	-0.5628639	0.04041112	0.11776338	0.22689667	0.2449562	0.6040455	0.06527896	-0.36839035	0.22494678	-0.29224095	0.024097843	0.58450234	-0.07927748	0.14806946	0.2302972	0.21171269	-0.82003886	-0.26399517	-0.5042852	0.43901196	0.3308411	0.47099826	-0.09402063	-0.19027427	-0.60829586	0.07371056	0.029666692	0.603459	0.75948304	-0.19084676	0.28922528	0.724858	0.07640554	0.267992	-0.97841173	0.24125025	-0.65477943	0.37672547	-0.26121598	0.36462152	-0.38674167	0.48907077	0.87456423	-0.36481038	-0.39872524	0.43015137	0.8080424	0.38333365	-0.14418797	-0.20531	-0.28747594	-0.09967699	-0.27998835	-0.22663635	0.39134732	0.16501728	-0.40956515	0.019768404	-0.7464765	-0.1664543	0.17475113	-0.3402047	-0.73988163	-0.49262604	1.0897149	-0.47617844	0.22829111	-0.76130563	-0.07520801	-0.44145516	0.07685345	-0.09920896	1.0770282	-1.0941298	0.16647212	-0.13761294	-0.47925472	0.61090773	0.3588237	-0.21725293	0.07364639	0.54593253	0.34264627	0.99612737	-0.7826914	-0.35461885	-0.18155697	-0.16938537	-0.070119396	-0.34203425	-0.5997197	-0.59274	-0.19388646	0.87896943	-0.47219545	-0.38025787	-0.2595811	-0.12660171	0.2517254	0.34590268	-0.48349893	-0.5767335	0.46584487	-0.06842212	0.17647414	0.563419	-0.6769177	-0.24722132	0.3171769	-0.23964562	-0.24714236	0.19663721	0.45908967	-0.16227259	0.6608855	0.45499045	0.015941283	0.6482434	0.30578458	-0.5625293	0.44062307	-0.1336135
-0.13052298	0.011883228	0.14142999	-0.4039224	-0.21415778	0.51962286	-0.041096907	-0.54752976	0.94285417	0.16630815	0.63812697	0.3198778	0.49780577	0.49434167	-0.041899018	0.39253354	-0.6823148	-0.22397955	0.09685692	0.06057598	-0.28801322	-0.26099116	0.4239642	0.9608247	0.4557659	0.34022394	-0.053891275	-0.6000322	0.28671455	-0.060559683	0.75672626	-0.6524144	0.31661966	0.025875835	-0.037775643	0.6714554	0.2675749	-0.71747017	0.092830546	0.18965045	0.11728556	0.32100683	-0.14789979	-0.43087912	0.8207414	-0.4907687	-0.35422713	-0.13089494	-0.67723924	0.07403388	-0.8436302	0.08345328	-0.32407328	0.0047456347	0.160434	0.85582674	0.3109217	0.18282981	-0.24670957	0.13354476	-0.23488638	-0.651761	0.17465614	1.0939564	0.1933197	-0.39558488	0.5423247	-0.10196677	0.2291346	0.20357822	-0.13777272	0.7399149	-0.0997381	0.046968807	-0.27776167	-0.5816721	-0.54130304	0.8519115	-0.16773918	-0.11081942	-0.089065544	0.20837186	0.38291845	-0.41505513	1.3240741	-0.48783892	-0.08863754	-0.40709934	-0.113290116	-0.71954095	-0.2728929	-0.4336207	-0.22519945	-0.8000092	-0.15053526	-0.5006195	-0.18274747	0.09998149	0.10073356	-0.69300056	0.62755597	1.0539695	-0.72876066	0.40512374	-1.1150124	0.4383984	0.13409653	-0.24012142	-0.43463188	-0.49942213	-0.70400983	0.7042135	-0.22987626	0.2870737	0.097093664	-0.12843879	-0.33564082	-0.39603257	-0.3417696	-0.28113455	0.09498589	0.8967569	-0.20604716	-0.18497382	0.27572295	-0.7443068	0.7620702	0.7337718	-0.020665621	-0.57174706	-0.8089952	-0.023060527	0.0076923035	-0.8156984	0.10318341	0.16316003	-0.11938359	-0.43938673	0.037029922	0.012692244	0.6894807	-0.03619093	-0.39680994	0.39984816	0.10091023	0.13083538	0.02819621	0.08803994	0.055849653	-0.4321968
-0.2416445	0.66670287	0.15394947	-0.07529422	0.28719264	0.5128518	0.07594425	-0.31652397	-0.15636653	-0.23920566	0.165161	0.59355384	-0.056990493	0.49532646	0.057272684	0.040671043	-0.081853256	-0.23197252	-0.3524501	0.14110059	-0.18557163	0.30654168	0.5649166	0.4852383	0.59676826	0.28623444	0.30395925	-0.19780351	-0.07906825	0.53729826	0.33796546	-0.1059836	-0.39536873	-0.5042052	0.14346994	-0.024226038	0.14601336	-0.10974461	0.1274439	-0.46975863	0.28234765	-0.14031957	0.9765049	-0.62233514	0.15692274	0.3494886	0.3766866	-0.32614574	-0.19003507	0.35995373	-0.12933059	-0.32112804	-0.33750933	0.06812242	0.26312298	0.15397365	0.41209152	0.09544229	-0.33477297	-0.55088836	-0.15411617	0.0032673865	-0.6551673	0.8324689	-0.6328772	-0.5903672	0.6665193	0.08304443	-0.2391366	0.67023873	0.51512265	0.4621968	-0.10118751	-0.7097564	0.68485373	0.18710713	-0.38885382	0.77624494	-0.015420766	0.042013664	0.51886344	-0.25808525	0.06298114	0.37130433	-0.09606693	-0.77060926	0.60157585	-0.23634258	-0.20575102	-0.45582494	-0.17609513	0.943062	-0.4890081	-0.07976477	0.49546677	0.013928025	-0.3763254	0.14450465	0.15714757	-0.23866075	0.77805096	0.42633364	0.13755883	0.14499685	0.30770227	-0.42902094	-0.2778616	-0.30255947	-0.2237825	-0.1804575	0.21388555	-0.18880868	0.57625395	0.13629416	0.18580532	0.08274147	0.56022096	-0.6848892	0.17045769	-0.24417405	0.53155684	-0.11973311	0.17672805	-0.31688544	0.083892934	-0.7200273	-0.09540172	0.12146528	-0.011460903	-0.27396777	-0.2330325	0.29083875	-0.2928534	0.031883813	-0.39096558	0.14934428	0.17359051	-0.33446458	0.17403188	0.13623248	0.38814723	0.50953615	0.03970018	0.19006597	-0.34006393	0.43969083	0.045672245	-0.6044278	0.16667509	0.07185837
-0.3930899	-0.16986035	-0.37181163	-0.44551063	-0.13727657	0.226756	0.7002306	0.09257098	-0.3598824	0.5701392	-0.4074129	-0.34336898	-0.68845767	-0.0023732348	-0.003449296	0.6038225	0.27817327	-0.80914605	0.42019963	0.57444715	-0.0947867	0.42879722	0.010565685	0.8892631	1.1028881	0.34651014	-0.038727023	-0.25388905	0.6081596	0.8744554	1.0673689	0.016806806	-0.3966923	0.12932275	1.1576369	-0.6818177	-0.75262094	0.30677694	0.49186292	-0.4178424	0.58360153	-0.28427133	-0.038168393	-0.009875117	-0.031397555	0.4336984	0.24714829	-0.38789892	-0.590337	0.19733074	-0.10472739	0.39172873	-0.16168453	-0.5748484	0.641589	-0.54081625	0.7230118	0.40186763	0.084674716	-0.12958373	-0.39124054	0.54226625	-0.22130355	-0.4791074	0.13384509	-0.6802341	0.13548402	0.052106544	-0.10036785	0.7340812	0.08265847	0.017100636	-0.6884231	0.60184234	-0.5433377	-0.49328575	0.43898854	-0.19750637	0.0030421808	-0.15869135	0.05653752	-0.020166123	-0.44265926	0.2648592	0.62709147	-0.28428012	0.07113333	-0.5740647	0.22506006	-0.09021074	0.2300351	0.34663525	-0.102607176	-0.4462266	0.060415756	-0.5204377	0.16635647	-0.47118133	0.18315493	0.40058267	-0.4817361	-0.73438865	-0.5106177	0.31909335	-0.6423168	1.0056702	-0.4599013	-0.045982968	-0.92080337	0.27090654	0.06907056	-0.26183578	-0.8897608	-0.91685575	0.038056165	0.18681128	0.20699152	-0.65460294	0.05397607	0.043018408	0.53345805	-0.09382759	0.41517955	-0.17425418	0.03429712	0.52507204	0.5857453	0.6961238	-0.30706388	-0.8442801	-0.22713561	0.13455155	-0.40430716	-0.119609796	0.56538594	0.79736525	0.4095177	0.1303585	-0.3365151	0.4189831	0.19217479	-0.44335344	0.41676372	0.32792526	-0.59401834	0.28759992	0.6948589	0.24050273	0.1969359	-0.18811508
0.43512496	-0.2980905	0.14932616	0.14305975	0.4056773	0.33394173	-0.47792876	0.08632807	-0.20067091	-0.21565999	0.3326036	0.6152454	0.08027889	0.46622938	-0.50051343	-0.61383814	-0.1351644	0.2409375	0.10583148	-0.6942213	-0.041031014	0.56455827	-0.040478807	0.15516134	-0.3050545	0.555414	0.07542538	0.6642416	0.08825559	0.0027429538	0.66678774	-0.1517544	-0.21490191	-0.16277415	-0.12216678	0.5481197	-0.18556567	-0.47823605	-0.32814008	-0.32951918	0.21595517	-0.04621587	-0.08510673	0.033207756	-0.5260583	-0.34657818	-0.6692088	0.30628157	0.14620715	0.28119966	0.3652742	-0.705764	-0.52289	0.9573372	0.4857721	0.21524392	-0.16932009	0.29115108	0.11340371	0.5116171	-0.27594152	0.29404193	0.4793682	0.28797716	0.24213174	-0.3442044	0.47046688	-0.5110436	-1.1895381	0.5519369	-0.64390844	-0.7389493	-0.5732612	-0.4227121	0.11907828	-0.3777466	-0.39276886	-0.11228573	1.2078393	-0.27560166	-0.6247828	-0.36706305	0.34925398	0.72403365	-0.17625116	0.2460865	-0.29178503	0.6174436	0.35650375	-0.24983653	-0.38638556	0.27310488	0.16321406	-0.5975488	0.95183975	-0.6716994	-0.77526355	-0.120914236	0.048634224	-0.012473317	0.0064984807	-0.46489885	-0.8239083	-0.49149147	0.30158788	0.09956791	0.5910373	-1.0186722	0.1480087	-0.9984705	0.25216436	-0.39881623	-1.022975	0.52610147	0.5908459	-0.092033766	-1.1486808	-0.09534319	-0.4659382	0.01363684	0.25544325	0.48895118	0.31829944	0.32377753	0.7968173	-0.27344182	-0.57058924	0.21454848	0.11034373	-0.5461852	0.45746514	0.6423651	-0.38608193	0.39847258	0.46560207	-0.44276536	0.4063946	0.20055738	-0.6938441	0.88960785	0.08048727	-0.34420115	0.2481921	0.9415901	0.53312963	0.19186671	0.43052518	0.41440067	0.5532669	-1.0801833
-0.45387748	-0.4770554	0.7448202	0.23935734	-0.6485084	0.278415	0.13857496	0.4583452	-0.7696885	0.24524094	-0.34032962	-0.104694836	-0.16894965	0.22570327	-0.45758444	-0.40609708	0.74867433	0.38224038	-0.19525512	0.13314334	0.24953225	0.2057184	-0.13206005	-0.1285553	0.16222957	0.56289065	-0.115683034	-0.050429463	-0.24074946	0.41782135	0.0835124	-0.2610147	0.27758342	0.17267928	-0.34795845	-0.4213479	0.3147963	0.6827755	-0.1251868	0.22228992	0.42078158	-0.35280982	0.3062219	-0.45758006	-0.45243368	0.072126195	-0.52871627	-0.07413057	0.5761198	-0.05213273	0.080120966	0.011138957	-0.39025635	-0.15892696	-0.08431141	-0.61323	-0.588681	-0.57343346	0.5832878	0.057435364	-0.08348155	-0.17670384	0.28954023	-0.103110746	-0.42225388	0.07854488	0.0020773367	0.14460805	-0.43155205	0.29145226	-0.14539914	0.8251789	-0.30142018	0.38822407	-0.7281167	-0.015875243	0.102260776	0.69583344	-0.04143192	0.1937071	0.122249186	0.40159982	0.36692095	0.7000583	0.4521023	-0.17840546	0.25885728	-0.5445672	0.23528552	0.045431066	-0.78923136	-0.10724934	-0.31014532	-0.23607063	-0.18089792	-1.1114941	-0.4567583	-0.73287493	-0.17805687	-0.91477764	-0.04728518	-0.33960915	0.014574668	-0.65645707	0.27253982	0.71715397	0.3992346	0.27232423	0.08215329	-0.19971618	1.2975795	0.3637988	-0.4626903	-0.049088307	0.1254745	-0.10170421	0.8876912	-0.2634275	0.15933912	0.2330567	0.190979	0.16942768	-0.104838505	-0.478564	0.3363947	-0.2614391	-0.95662653	0.010098085	-0.2087436	-1.0408244	-0.17642179	0.3486366	0.33757913	0.2539968	-0.8365399	0.16321957	-0.14257702	0.09563707	-0.4120451	0.02970435	0.6989493	-0.2431534	0.1929986	0.43941122	-0.46358016	0.7710699	0.20071001	-0.06806333	0.23961239	-1.3497534
-0.27838755	-0.5922307	-0.21010236	-0.4347945	0.7362659	0.39832026	-0.06398607	-0.030894743	-0.19273284	0.5196811	-0.6036845	-0.22370923	-1.0093015	0.08681098	0.5997604	0.118099876	-0.72831756	0.61570317	0.34555006	0.2915523	0.5233112	0.36425936	0.015214222	0.5717029	0.14122069	0.5750821	0.079023756	-0.19578543	-0.07379743	-0.4550282	0.5173289	-0.052369416	0.5816427	0.23673123	-0.106997564	-0.4496183	0.5830979	-0.26480803	-0.4148472	-0.12148815	-0.7598483	0.96248	-0.43572074	-0.26297688	0.69528025	-0.24443342	0.34038782	-0.27365488	-0.2849058	0.4437792	-0.078752555	0.3400167	0.26866046	0.0945278	0.7015225	-0.44456568	-0.46559843	0.38759032	0.8646214	0.61754817	-0.48935845	0.1010171	-0.5930166	0.7765564	-0.22303699	0.46975437	0.42194343	0.120071106	-0.56915706	0.40727335	0.08054815	0.24801368	-0.7640944	0.06497064	-0.46026483	0.28415155	0.43598318	0.04555228	-0.63780737	0.2920274	-0.17930062	-0.07108307	-0.07305905	0.30058128	0.44041666	-0.6414051	0.19314532	0.005492545	-0.33480102	-0.9202784	-1.1885556	-0.3388815	0.11880541	0.5007589	0.3227253	-0.8117887	0.17552525	0.39203936	0.14944191	0.24266796	-0.69958943	-0.46786392	-0.20136137	-0.3824016	0.56056845	0.6129066	-0.014578776	0.037690468	-0.29402757	0.7414845	-0.16432227	-0.033390697	0.14848727	0.68268144	-0.4234785	-0.5664366	0.16476299	0.13757065	-0.14511694	-0.74838156	0.05633974	0.44636887	0.26341793	-0.4934737	-0.017723788	-0.33623952	-0.41112748	0.34662268	0.62478584	-0.6198646	-0.77851737	0.15921153	-0.92411906	0.074883044	0.35807663	0.9054729	0.21902998	0.32471594	-0.013966677	0.19596432	0.50397646	0.21228792	-0.56336796	-0.805212	1.0336947	0.45660546	-0.17514706	0.14937653	-0.06725516	-0.037954997
-0.8770165	-0.50542367	-0.48241165	-0.3910416	0.42629912	-0.031082062	0.25459078	-0.06915351	-1.2280889	-0.63335305	-0.2946631	0.099300094	0.23202182	-0.38723224	-0.722967	-0.6477651	0.61150324	0.38895908	-0.05600884	-0.13973548	-0.3263269	0.6726431	-0.7659612	0.36926046	-0.24422242	0.84251004	0.38665545	0.6565178	-0.043576926	0.124341816	0.5868784	0.195294	0.28852412	-0.10898322	0.73018193	-0.48654863	-0.19272907	-0.41597477	0.3724579	0.43025616	-0.72466993	0.059359353	0.18958183	-0.11412346	0.18456043	0.052968647	-0.49874568	-0.23999721	-1.0712739	-0.17915978	0.06451688	-0.30337426	-0.46016404	-0.025161859	-0.24876493	-0.013100472	0.012553733	0.6844094	-0.34983927	0.3355659	0.41089544	0.5545068	-0.29532713	0.9259199	-0.6211475	-0.00507153	-0.02737832	-0.045506604	-0.008778938	-0.025962977	0.34706783	0.42048258	0.5582707	-0.20160241	-0.50339615	-1.5774176	-0.14707582	0.27305707	0.26752004	-0.6906063	0.56909126	-0.008565682	-0.23861192	0.1520352	0.17818326	-0.1295528	-0.011462261	-0.44760594	-0.19619998	-0.5802064	0.21118315	0.45512903	0.7627791	0.38786003	0.8541626	-0.31180182	-0.68021566	-0.33729306	0.32168826	0.12249869	0.6550441	0.1294837	-0.20898594	0.81155986	-0.45847538	0.15515679	-0.12406178	-0.07395833	-0.117359154	-0.23596884	0.37293977	-0.24090606	-0.83855426	0.45399743	0.5138316	0.51544577	0.04357648	-1.1068294	-0.45321223	0.34659457	0.29575118	0.3008251	0.7216086	-0.23781404	0.4396312	-0.0028872257	-0.33957303	0.049053255	-0.65939534	-0.26920003	-0.24991466	0.04070878	0.2133051	-0.24153745	0.23349027	-0.18421616	0.43029314	0.17395493	0.0019074387	0.2564227	0.26439133	0.43859002	0.011015208	0.13074249	-0.88709944	0.29848313	0.23839307	-0.3116167	0.222063	0.4479725
0.0077504404	-0.65037245	-0.16867349	0.003148645	0.27686256	-0.7791014	0.4250942	0.054847322	0.29949552	0.32577235	0.9152312	0.711148	0.3587845	-0.49650112	-0.3900408	-0.12005896	0.53481066	0.07337079	-0.2006223	0.15491395	0.0049701803	0.20424941	-0.44487694	0.24923055	0.50539786	0.06346002	-0.34655115	-0.44409394	0.36771938	0.60767907	0.04712715	-0.51374274	-0.035557758	-0.2005039	-0.5980969	0.1474355	-0.015409725	-0.38938025	0.4077077	0.073089115	0.0147709	-0.021295052	0.04705607	-0.2564716	0.3111199	-0.11433935	-0.15538396	-0.16033597	-0.15518658	0.13676491	-0.3793422	-0.17693499	-0.6674071	-0.5648502	0.67808175	-0.4498988	0.08444004	0.14891192	-0.7744361	0.06682646	0.40298343	-0.2904956	-0.4498905	-0.24477038	0.00035599995	-0.20037614	-0.33309755	0.46224836	-0.72645056	0.64716065	-0.027394604	0.13646726	0.38809898	0.20700595	0.10729443	0.50452846	-0.32132876	0.26864773	-0.6500887	-0.62645805	0.14492743	0.02324333	-0.21983562	0.5522521	0.5825408	-0.26022685	-0.038213156	-0.28579175	-0.22930235	-0.6249754	-0.53159416	0.18703453	0.5240708	-0.4225266	0.40977067	-0.38845107	-0.025479216	0.812264	0.23628019	0.4515167	0.07800874	-0.6464357	-0.5092038	0.1550776	-0.26269156	0.16042374	-0.3832458	0.5583848	-0.20673369	-0.20706171	-0.4785079	0.032148104	-0.53306794	-0.041301463	0.17524405	-0.000572267	0.71877545	-0.37243655	-0.28087208	-0.5719602	0.15705627	0.19413754	-0.5684429	-0.57668114	-0.3296553	-0.22797517	0.25522342	-0.12835518	0.21986791	-0.009197732	-0.14215776	0.41454625	-0.031476323	-0.09868162	-0.3381584	-0.029700695	0.15870094	-0.078303635	-0.22007982	-0.32298127	0.4411865	0.032737233	0.15870054	0.25786814	-0.065817185	0.09337446	-0.032685835	0.051176857	0.19595116	-0.0007654672
0.063440025	-0.1108303	0.04862881	-0.1269687	-0.084286906	-0.39578104	-0.0010644492	0.37258926	-0.8355864	0.2807838	-0.049961112	0.29425138	0.84685194	-0.16337603	0.019151492	0.072179124	-0.1369217	0.27556354	0.0049138903	0.23517972	0.3461664	0.10467607	-0.25716478	0.8916523	0.7145527	0.24912573	-0.73917836	0.031754166	0.72784173	0.4374771	0.028408779	0.56742316	-0.40441892	0.031712644	0.5492253	-1.0225451	0.43527776	-0.09260267	-0.04642676	0.5154294	0.02591455	0.20309874	0.12756342	0.24819897	-0.5919219	0.09936426	-0.36119542	0.55508024	-0.56334406	-0.7020803	-0.7911501	0.10310549	0.28319523	0.12980326	-0.1313976	0.11295573	0.22967817	-0.33185422	0.43258527	0.4450123	-0.5481514	0.7627063	-0.87436956	0.2723665	-0.25513628	0.19758378	-0.09389237	-1.1899016	-0.8143423	0.8304393	0.04542588	-0.16375414	-0.35048366	0.3622342	-0.4527146	-0.22384156	-0.12678613	-0.32726967	0.3990064	-0.29688594	0.35408452	0.20611772	-0.014746019	-0.08684338	0.71384025	0.50606316	-0.61392325	-0.56669754	0.14142424	-0.52564067	-0.2724152	0.33342367	0.016835703	0.3520928	-0.7580776	0.15014018	0.79565126	-0.46842197	0.881	-0.53946185	0.6319423	-0.84228617	0.50427043	0.34153804	0.40440446	-0.29030126	-0.75929135	0.39018235	-1.0533491	-0.50140035	0.20897253	-0.56186426	-0.65572387	0.69670963	0.65470743	0.23744765	0.2579263	-0.5300147	-0.05260728	-0.96977973	0.050518688	0.4961343	0.0709803	0.32917148	0.32996964	-0.04574025	-0.320184	0.5263002	0.007246137	-0.57694685	-0.08545221	-0.36823308	-0.8694782	0.3417407	0.12470469	-0.49811125	0.18170992	-0.17093004	-0.4599232	0.624004	0.8949202	-0.24948159	0.799571	0.961282	0.3192734	-0.003915161	-0.14871925	0.05798501	0.5451193	-0.4328374
-0.0009504007	-0.735082	-0.6218074	0.24179691	-0.2546825	0.6187622	-0.69092155	0.01997348	-0.4896902	0.3038941	-0.6795766	0.9823493	-0.35385934	-0.7071413	-0.3872229	0.096312694	-0.33556464	0.4227398	0.055424165	0.3190059	-0.42396307	0.88207984	0.06654939	0.5700141	-0.33256355	0.028561972	-0.69899	0.64451504	-0.20826678	0.058957677	0.5361265	-0.11538773	-0.39498484	0.6089008	0.62637573	0.6683874	-0.29466128	-0.5296539	0.15855569	-0.06137071	-0.5352906	0.7487585	-0.06306622	0.26496115	-0.44282094	0.20857024	-0.18240552	-0.70920575	0.29448065	0.47995698	-0.58920765	-0.24538074	-0.83162344	-0.009337694	-0.045549985	-0.29265466	-0.46705532	-0.09658264	0.22807018	-0.25350875	-0.6557357	0.019250074	-0.74279	-0.056640424	-0.31753498	-0.2966335	0.10889373	0.11019114	-0.49153465	0.30418384	-0.54835624	0.28489375	-0.21299736	-0.14942837	0.13538226	0.0022829396	-0.16693994	-0.19001949	-0.3289324	0.11094719	0.2261257	-0.08868249	-0.046990108	0.028723225	-0.16086484	-0.5773359	-0.66160834	-0.4004033	-0.1045453	0.26011688	-0.55516684	-0.14914383	-0.1207564	-0.15033263	-0.26072317	0.08779093	0.05773777	0.31964332	0.21478988	-0.217338	0.3272679	0.0351102	-0.77058154	-0.27442637	0.9334483	-0.058889553	0.4760924	0.3474385	-0.20171261	-0.20670415	0.104654305	0.15343761	-0.43748114	-0.035852633	0.64433354	-0.17694274	0.04419318	-0.24912058	-0.35336918	-0.022820622	0.36305192	-0.75541925	0.47429362	-0.15883557	0.18976492	-1.3226118	0.1278534	0.16987471	0.28146192	-0.17699753	-0.45091212	0.034125503	0.5036089	0.16780052	0.0106785	0.22705545	-0.14160581	0.55691177	-0.8629074	-0.47772554	-0.11075049	0.16365919	-0.1817943	0.36198837	-0.22697882	0.18405151	-0.362254	-0.32013634	0.32177752	-0.8101832
0.018172959	-0.48039708	0.8802466	-0.25029182	-0.34344625	0.10496185	-0.6478249	-0.27408794	-0.027305875	0.34098956	0.2300861	-0.10254253	0.2921898	-0.94429994	-0.7127138	0.3562929	0.64882624	-0.1581942	-0.47586596	0.35693273	-0.3510736	0.32060117	0.3579924	0.6976701	-0.45799986	-0.15047906	0.04356736	-0.17371328	0.43751132	-0.15290786	-0.031363174	0.02445034	-0.27455568	-0.010970063	0.40547493	0.20313679	0.5697624	0.40148368	0.26418498	0.2681477	0.18247212	0.06529498	-0.2959848	-0.49483386	-0.60384566	0.7687436	-0.56318766	0.35564086	-0.60850513	-0.09814954	0.2994814	-0.33134073	-0.05738789	0.023314739	0.09815491	0.023852244	-0.5874022	-0.024606666	0.1427507	0.79662424	0.37185377	1.0417948	0.6315298	0.46657258	-0.55455256	0.13982517	-0.12126328	0.116053164	1.0103396	0.80028164	-0.46142644	-0.80014485	-0.55461067	0.8626166	-0.8357163	-0.686403	-0.36244592	0.0033719698	0.5512782	0.24091995	-0.5640745	0.006547483	-0.473088	-0.32222185	0.6637362	-0.27073893	-0.033516325	0.45836642	-0.16790389	-0.79701716	-0.31501234	0.48887148	0.053989876	0.60936874	0.23888141	1.240385	-0.80339164	-0.070245706	0.07936107	-0.17366016	-0.39280805	0.022758419	0.27134702	-0.21875158	-0.13546911	0.29423594	-0.0661943	-0.23442806	0.10753454	-0.20388436	-0.0065769143	0.706022	-1.0944095	-0.0055483473	-0.113363944	-0.11925393	-0.4500605	0.37124145	-0.59389687	0.20560238	0.036098406	0.011036168	0.036807563	-0.67035866	-0.66618824	0.48693383	0.34921628	0.3700319	0.22053437	-0.8548707	-0.06768292	1.1814176	0.7163876	-0.6250224	-0.0650055	0.55889755	-0.39181295	-0.19094145	0.3355706	0.26298216	0.56295586	-0.16556908	0.3794173	-0.26168334	0.15375559	0.7235595	-0.07358396	0.28011516	0.438108	-0.14590082
-0.084652774	-1.0260117	0.29236388	-0.6751771	-0.67180586	0.38657042	-0.073260985	0.5529002	0.3722356	0.19090952	0.13414264	0.47834295	0.029174747	0.0566438	-0.017333828	-0.40345407	-1.1491796	0.00613731	-0.689396	0.09973046	-0.38235867	0.48452845	-0.4316722	0.8927743	0.94450766	0.050628856	-1.0025653	0.15469061	-0.0016007046	-0.17554796	-0.19088708	0.18585165	0.80198306	0.7282639	-0.024863183	-0.15404019	0.6873738	-0.14485072	0.61440945	0.1846567	-0.092120886	0.024530668	0.35323954	-0.035815306	0.4450583	-0.023387328	-0.3359077	0.49597827	0.98191535	-0.16301195	0.2567755	-0.4738116	0.046821255	0.13006231	0.039093636	0.10090389	0.09947205	-0.051993895	0.073526055	0.3587255	-1.0072047	0.09364005	-0.97732383	0.37744084	-0.56288594	0.14000238	0.21783125	0.07355628	0.84032977	0.37028998	0.7584941	-0.63702184	-0.27034348	-0.124003515	-0.45296472	-0.2692599	0.39303184	-0.12938619	-1.2565913	-0.080140404	-0.040526476	0.36372498	-0.9155285	0.08552908	0.6768654	-0.5441509	-0.698218	0.43234292	-0.11331834	-0.065912515	-0.44149554	0.7281678	-0.093660794	-0.16471593	-0.79498035	-0.4588268	0.4590875	0.5447293	0.3762335	0.104424186	0.3345024	0.45544377	0.051258333	-0.39017013	0.38663357	-0.049530335	-0.34835947	0.27594432	0.61329687	0.2334881	0.4612906	0.08511646	-0.35405302	-0.6180922	0.65425503	-0.605242	-0.22451636	-0.6468412	0.1483425	0.805117	0.1949404	-0.16140576	-0.07057676	0.1323418	0.30910176	-0.48479924	-0.36682552	-0.29336163	0.42978358	-0.63971233	1.2850207	0.18111163	0.5779828	-0.21109541	-0.034152675	0.56586736	0.37568173	-0.7442501	0.44857475	0.59804577	0.9831671	0.32898283	-0.047488697	-0.45702484	0.5106117	0.13068701	-0.3852845	-0.21786328	0.17057249	0.35613337
-0.9374636	-0.14896677	0.26911563	-0.29186738	0.06411386	-0.15460514	-0.37871128	-0.019710813	0.0006250721	1.1625434	0.52817214	0.33832222	0.5156238	0.014401819	-0.12359341	0.51604545	-0.6406028	-0.18849865	0.13167171	0.063133836	-0.02124694	-0.6128535	-0.13284782	0.7879583	0.21563865	0.28107524	0.41017738	0.50150925	0.12924105	0.7267569	0.9214167	-0.08604201	0.037679717	-0.06398541	-0.28049698	-0.10409012	-0.019454192	-0.7510427	-0.12152299	0.36834857	-0.2708674	0.42378172	-0.6272175	-0.051644087	-0.44006392	-0.19659132	0.00148278	-0.11748549	0.28658158	0.10315522	0.65127707	-0.5181468	0.015122781	0.15903454	-0.027959293	0.25099924	-0.013046656	-0.12217761	0.6048887	0.12564231	-0.22884603	0.26760912	-0.26014453	0.3194632	-0.36946744	-0.7233916	1.2525713	-0.17359166	0.7459483	0.26152593	-0.44886318	-0.23753893	-0.20301037	0.08040263	-0.3058898	0.47417623	0.22180547	0.19616969	0.5932841	-0.17845966	-0.17271523	-0.07458053	-0.6808201	0.51627874	-0.23211995	-0.36318374	0.38802853	-0.34256515	-0.7602636	-0.16271839	-0.73495936	-0.61387426	0.21552718	0.04199006	0.29935372	0.13329537	0.4399183	-0.14345945	0.5479231	0.2480386	1.2918724	0.39165062	-0.058101166	0.38694987	0.26261222	-0.45957422	0.67912716	0.3398307	0.35034302	-0.4802967	-0.24242863	0.36902058	0.28058258	-0.35235912	0.06636625	-0.27504084	1.0109723	0.07863105	-0.42262387	-0.07821556	-0.21501827	-0.1083674	0.07337878	-0.18874687	0.16648512	-0.4390302	-0.33373883	0.8973063	-0.00020190039	-0.5647559	0.05476301	-0.002702381	-0.17558903	-0.13507877	-0.3910979	-0.20044717	-0.19971877	0.14185122	-0.46732393	0.63848263	0.53143764	-0.09821069	0.18991481	0.5909548	-0.13712192	0.44292858	-0.23912692	0.021813225	0.3115476	-1.0281911
0.26955342	-0.09060156	-0.26840362	0.27569303	-0.096966654	0.17341694	0.4368056	0.38174886	-0.36842847	-0.15025127	-0.45838082	-0.3637322	0.6939761	-0.59444577	0.53463936	-0.03694174	-0.20138603	-0.6880421	-0.0007007047	-0.19721322	0.05383948	-0.10440383	-0.029154748	-0.14411494	0.47372434	0.22864084	0.5180103	0.5221647	0.27246347	-0.3986648	0.06144981	0.16556504	-0.12065883	-0.65581256	0.24435338	-0.5617904	-0.2553582	-0.27808738	-0.8277364	0.057983175	0.48170117	1.0813146	0.28580302	0.063711554	-0.34223953	0.4371466	0.0620476	-0.46696967	-0.45933774	0.63956267	-0.015915379	-1.2147392	-0.18320331	0.29541132	0.064841524	0.4631327	0.07117158	-0.3195843	0.16026343	0.6781256	0.24343765	0.8436826	-0.49915284	0.50617063	-0.25405538	0.4463254	1.0495669	-1.1721897	-0.52544683	0.5067065	-0.4703348	-0.25421733	-0.3830415	-0.0016749672	0.17324698	-0.093084596	0.12481136	-0.31435326	0.28212163	-0.0621889	0.3059189	-0.51445097	-0.5023144	-0.52121973	0.8859848	-0.011323947	-0.23796922	-0.641248	-0.30955404	-0.10386118	0.12958333	-0.06763887	0.23722564	-0.5274624	0.4011308	-0.30917877	-0.016482659	0.44488272	1.2246108	0.12744206	0.136876	-0.6629427	-0.24081329	-0.9590654	-0.7993129	-0.14493203	-0.052635964	0.45619872	0.25713417	-0.4351128	0.13398626	-0.22787839	-0.7368147	0.5145519	0.41533366	-0.48436093	-0.3085891	0.58433497	0.0045497906	-0.023851568	0.71535337	0.031674623	0.034313377	-1.0109931	-0.04695053	0.28288442	-0.11604107	0.24801446	-0.819821	0.023720324	-0.49694374	-0.4503272	-0.30300322	-0.0872159	0.6808158	0.121103935	0.5415693	-0.26696524	0.005436987	-0.8248366	-0.4357032	0.73184854	0.9285765	-0.34880853	0.043608654	0.41723323	0.34618565	0.046422366	0.8743634	-0.10349364
-0.089659885	0.27614087	-0.11156358	0.11413627	0.19793245	-0.4415199	-1.1009673	0.22585467	-0.90423906	-0.22891088	0.05533703	0.07021879	-0.1807428	0.15879726	0.0074126767	-0.58919907	0.16594848	0.42403674	-0.5355317	0.05693655	-0.39443907	0.834029	-1.0680395	0.44137	-0.2507311	-0.05128196	-0.12271497	0.3218664	-0.7135653	-0.013608551	0.10756797	-0.5549249	0.7497405	-0.25164297	0.17917728	0.37683192	0.47688198	-0.3811767	-0.0506227	0.26626882	0.30903465	0.59418684	0.20755999	-0.6927122	0.493678	-0.10221062	-0.17549615	0.2667778	-0.32250902	-0.225661	-0.7763202	-0.016411833	-0.030898588	0.10647867	0.061199833	0.73028606	-0.078622885	0.15899247	0.035686307	0.49176595	-0.10743249	-0.17230996	-0.13435282	0.71187973	-0.22304419	0.0316473	0.18293479	-0.30509415	0.4861623	0.32378322	-0.5437737	0.26510894	0.085111834	-0.08757209	0.32002556	-0.15038304	0.10825389	0.007833696	-0.5900939	0.11692818	0.48868862	0.117004395	0.41416416	0.26431078	0.06846617	-0.3320201	0.32682562	0.12741786	-0.39047495	-0.18492828	-0.28244993	0.061491836	0.07724508	-0.056772515	0.58220506	-1.004403	-0.113996364	0.43388548	0.61624396	-0.3937424	0.19364907	-0.045712095	0.3755351	-0.22969325	0.7851205	0.3952502	0.1691354	0.15401931	0.5123916	0.30404043	-0.42167094	-0.3211695	-0.62843513	-0.6289941	0.076736346	-0.43920314	0.22158618	-0.18749662	-0.76640403	0.08457144	0.7331292	0.17247611	-0.04259214	-0.64439166	0.2918037	0.006115367	0.9472584	0.92402565	-0.66632074	0.26998258	-0.14175801	-0.4292227	-0.38147828	0.14677416	0.20931327	-0.030733027	-0.39237076	-0.016271802	-1.1930642	0.34120014	-0.11947931	-0.986601	0.11191225	-0.01682449	-0.04722739	-0.046004105	-0.287951	-0.20755285	0.16533138	0.50336015
-0.6263737	0.26983935	0.5342845	-0.17710939	0.058912948	0.6318391	0.12584521	1.0114468	-0.5291717	-0.6228348	0.02418407	0.17673667	0.27665532	0.105849996	-0.0719372	0.04067792	-0.5550803	-0.7358723	0.18887597	0.29963645	0.15058407	0.50884783	-0.15907864	1.3448753	-0.30917883	-0.0808439	0.21449323	0.30049476	0.28399336	0.25449768	0.32818598	0.34046915	-0.4110755	-0.25295657	0.08984233	-0.7344549	-0.25248608	-0.5337419	-0.42385435	0.89650476	-0.237423	0.19797315	-0.39318088	-0.8190478	-0.11306506	0.28944764	0.49515793	-0.19770789	0.13984528	-0.231539	-0.023385102	0.06849444	-0.1600207	0.49710536	0.20160691	0.688742	-0.28719413	-0.0004720507	-0.732261	-0.4744949	-0.7859982	0.9986657	-0.662787	0.17045943	-0.17843688	0.058103614	0.2249896	-0.5476451	0.56570405	0.16955742	-0.8397397	0.36866254	-0.85624176	0.24370654	0.22033904	-0.5505612	0.29098642	-0.02353245	0.13654259	-0.6228502	0.7308402	0.27726427	0.33189502	-0.22127995	-0.124787055	-0.8237171	0.099630706	0.6085543	0.40705165	-0.5706601	-0.058291573	-0.14386557	0.22521856	-0.1246379	-0.15291844	0.56475514	-0.024614321	-0.23347446	0.37861595	-0.48908395	-1.1594898	-0.18984093	0.1249536	-0.12128608	0.14423986	0.5516027	-0.41946146	0.011990132	0.85044116	0.34837797	-1.01677	-0.2052831	-0.62384224	-0.36427388	0.33148333	0.08740762	0.018756596	0.7209543	-0.09210676	0.061456826	0.529899	-0.014037143	-0.42715105	-1.0747097	0.74869376	0.24551417	-0.15314323	-0.5338217	0.29367006	0.36855164	0.38062555	0.67205966	0.99197525	-0.60008425	0.23284467	-0.26603314	0.5259379	-0.22664584	-0.29793864	0.44426632	-0.16857682	0.420293	0.73997116	0.7940209	0.6047904	0.3366104	0.3553586	-0.115143806	0.67268145	-0.60513973
-0.2085404	0.14533861	0.5443461	0.19068289	0.2268024	0.16801596	0.10110192	0.84656674	0.26781806	0.3438777	-0.1934244	-0.46980676	-0.40251297	-0.19672933	-0.94167656	-0.40025544	0.22311327	-0.4386356	0.21988724	0.123914056	0.061742593	-0.30116048	0.111138254	-0.00674156	0.17082976	1.0627519	-0.31881198	-0.5279481	-0.78247744	0.17067519	0.256438	0.98720825	-0.57908463	-0.035284873	0.14293848	-0.19223325	0.42215267	-0.28671086	0.21394747	0.11117172	-0.37580213	0.9148169	-0.14285928	0.7144484	0.21097209	1.0791124	-0.5776452	0.24863519	0.117840566	0.51917857	-0.54685044	0.23829482	-0.099496886	0.19839911	0.03856128	1.13879	-0.11725989	0.7903808	-0.45732212	0.45696396	-0.5079566	-0.09520741	-0.50539815	0.27295431	0.26485288	-1.3069849	0.2409555	-0.48241392	-0.13316028	0.61405915	-0.123386435	0.21005782	-0.2346263	1.0307511	-0.5474429	-0.6858654	0.25671425	1.085307	-0.5953548	-0.11112929	0.721667	-0.28146794	0.4614473	-0.558735	0.21734849	-0.026924038	0.25491235	-0.5087017	-0.6539942	-0.45676306	-0.24266079	0.0070574465	0.49394837	-0.22358124	0.6507919	-0.4987319	0.6483123	-0.0007261325	0.39863923	-0.075138174	0.35151854	0.3022857	-0.28857923	0.049199842	0.20847309	-0.10951696	-0.84089476	0.025042504	-0.34938806	0.54411244	-0.02122707	-0.13589184	-0.57967013	1.0248597	-0.26661637	0.09222584	0.5436989	-0.1460856	-0.37431714	0.006484245	-0.23848563	0.5312263	-0.32376742	-0.3338987	0.5132349	0.107676335	-0.7504364	0.004028142	-0.75249743	-1.2925248	-0.015746435	-0.029860783	-0.31596062	0.3334693	-0.00979638	-0.1756673	-0.3513746	-0.17179899	-0.12262408	0.34790486	0.77075046	0.022260409	1.0047745	-0.41734248	-0.4575036	-0.3123395	0.16264862	0.035693742	0.0007854391	-0.63398105
0.58465534	-0.09693904	0.1816752	0.032224543	0.12465179	-0.038654726	0.28589508	-0.8811361	0.08481637	-0.12715259	-0.44931644	0.07859656	-0.16760534	0.2637176	-0.22280718	0.19756478	0.7420213	0.54517686	-0.027733598	0.3628986	-0.14694019	0.9994616	0.5144241	0.265278	1.0770044	-0.8811491	-1.1429788	0.3938568	-0.009154287	0.29874918	0.10089878	0.45529544	-0.7024571	-0.231293	0.011035771	0.24211249	0.28294742	-0.24399796	-0.45706958	0.3533264	-0.36487663	0.2174794	-0.6461985	0.068912	-1.2390671	0.15475337	0.13923793	0.5209657	-1.1691303	0.16497502	0.13424803	-0.31141174	-0.14648859	0.23684976	-0.29460618	0.11847533	0.22649527	0.21965125	0.46392733	-0.14110981	-0.65676904	-0.3277525	-0.51227415	-0.20927027	-1.2644994	0.38144612	0.32317242	-0.4393484	-0.64355844	0.705153	-0.6692447	-0.85343325	0.23702316	0.19902368	0.7041998	-0.43543297	0.029562239	-0.1872686	0.03220547	-0.079155736	0.23499754	-0.6738791	0.438847	0.24551344	0.5976767	0.21690257	0.25930354	-0.31398854	0.096773975	-0.08051582	-0.69542927	0.5538396	-0.41842625	-1.0242878	0.1940922	0.0036381106	0.33519006	-0.83344966	-0.38423222	-0.31094667	-0.23794922	0.135001	1.0401518	-0.38803956	-0.28202194	0.21701951	0.021880029	0.25526753	-0.23719908	0.0502466	0.34520832	-0.06742001	-0.4269085	-0.30712917	0.19342333	-0.2737246	0.18371192	-0.3958941	0.08468532	-0.12216691	-0.64977515	0.5255943	0.23038432	-0.29755732	-0.2507347	-0.75020725	0.42469868	0.4864442	-0.3216425	-0.20674562	-0.5119671	0.32823512	-0.45568344	-0.33565333	0.1521933	-0.028250039	0.3940132	-0.21332112	0.33242613	0.17694521	0.27537695	-0.9716078	0.69709384	-0.06773471	0.14678776	0.24896319	0.34381878	-0.4626187	0.27059412	-0.33207768
0.21069714	0.24979363	-0.2265961	0.51176685	0.9100047	-0.0029680177	0.286665	0.93974817	-0.07677973	-0.6746309	0.12354679	-0.05600419	-0.1506873	-0.68392783	0.13421004	0.16991377	0.041025244	0.1192495	-0.11220529	0.29430404	-0.7411067	-0.2116096	0.19310565	0.7202134	0.21754733	0.6136518	0.47921133	0.084442995	0.26969916	-0.058645103	-0.09507573	0.080808595	0.2298658	0.070795335	0.2672153	-0.12818275	0.29074338	-0.33277282	-0.112298094	0.14933756	0.5836098	-0.5311063	0.36791864	-0.28146973	0.49320844	0.7052709	-0.022822035	-0.59176075	-0.27684227	-0.34882334	-0.64990336	-0.8677903	0.3418327	0.8844574	0.41791886	0.042635478	0.2243134	-0.4019944	-0.28655684	0.0585893	-0.10701601	0.06977047	-0.15793394	0.85222435	0.24994557	-0.7317663	1.189013	-0.14245792	-0.018611534	-0.21400204	-0.39376274	-0.277475	-0.088100776	-0.66982806	-0.5322292	-0.22554561	0.3355155	0.62039584	0.47685972	0.14593688	-0.5506325	-0.8665731	0.29081038	0.20634747	-0.014320199	-0.4990474	-0.61925596	0.41803437	0.45397234	0.30714434	-0.21535859	-0.1136685	0.2203428	-0.7800488	0.4436293	-0.6845692	0.41468716	-0.073309526	-0.064388506	-1.0860652	0.05409944	-0.28816405	0.49380052	-0.08930265	-0.5233771	0.5505901	0.036833033	-0.09099116	-0.49474016	-0.53518677	0.5978899	-0.06648933	-0.6029138	0.08807968	0.67909324	-0.22117512	0.78909194	0.20315161	-0.11651323	0.45999926	-0.32164627	-0.44801262	0.46878454	-0.3158667	0.042965524	-0.915448	-0.5744139	-0.37169945	0.14948589	-0.021141285	0.117953174	-0.19565663	0.59294695	-0.5116148	0.09073773	0.13020009	1.0227473	0.38368112	-0.24950059	0.6988328	0.6934603	0.010522442	1.1318429	0.3276126	0.045696177	0.5817976	-0.10017354	-0.26961905	-0.28280216	-0.9384088
-0.0027639861	-0.111078605	-0.54822093	-0.67982346	0.4030779	-1.0950984	0.9870556	-0.70840126	-1.3276228	0.7757679	-0.11932419	-0.19079007	-0.5224048	-0.29454613	0.14794457	-0.46421757	0.70525116	0.6783941	0.57498187	-0.13297199	0.086640395	0.10751525	0.13165899	1.3946669	-0.0052663023	0.28307402	-0.2772519	0.023209048	-0.108622625	-0.6416386	-0.61490893	0.34952143	-0.4201515	0.1760507	0.29113314	-0.5693494	0.2575262	-0.7301549	0.40204853	0.66296065	0.30744338	0.12672251	0.06500513	0.34985343	0.5311946	0.25480783	-0.5744808	-0.4936074	0.1483539	0.45771432	-0.33823803	0.33769473	0.11566025	0.059073854	-0.022867817	0.24861124	0.04187364	0.50501204	-0.6227109	0.1331549	-0.7818044	-0.257419	0.3687612	0.66595876	0.096676245	-0.46309337	0.11845616	-0.35052627	0.004811368	0.11439914	-0.6114925	-0.17729734	-0.6021491	0.26010644	0.14220262	0.13843518	-0.8364039	-0.02628986	-0.28930056	-0.41662887	0.239227	-0.334568	-0.16556968	0.19890544	0.006377871	-0.63229746	0.27114773	0.15578677	-0.23006293	-0.36790463	0.07251915	0.49433222	-0.98015267	0.15397136	0.12202963	0.32112068	0.0032575426	0.6672293	-0.041486062	-0.25660515	0.16148767	-0.8497696	0.4043543	-0.013025844	-0.43812063	0.19407718	-0.31439978	-0.14282435	0.022980206	0.02470486	0.537533	1.2009326	-0.26295358	0.67215174	-0.11019577	-0.18734677	0.27224576	-0.29796672	-0.49504164	-0.48904383	0.30958322	0.28539544	-0.007366244	-0.37180433	0.36535513	-0.10717754	-0.109847896	0.4262468	0.20567623	0.13935815	0.7067183	0.3468189	-0.11366912	-0.5100348	-0.0997165	-0.64390874	0.118347816	0.29374528	0.29713753	0.29363593	0.78082424	0.7469555	0.16362558	0.21481661	0.40683565	0.24879323	-0.30805865	-0.90523297	0.81202596	-0.602462
-0.22224551	-0.20602402	0.36077037	0.55287457	-0.66324675	0.5238737	0.399741	-0.56115997	0.34645098	0.26115057	0.28214633	0.06877878	-0.08462249	0.021903347	0.41604176	-0.009209955	-0.8931221	0.89067143	-0.4262949	-0.24099077	-0.36121875	-0.47253704	0.3194251	0.20873065	0.45992872	0.19070664	0.28210652	0.4604465	-0.1321513	0.020783532	0.0034843285	0.46307823	0.019553509	0.4915092	-0.7048563	0.25233293	-0.67318034	-0.66356385	0.45918742	0.13455462	-0.23138097	-0.24463958	-0.6659663	0.039218877	0.32240906	0.09613943	-0.33306807	-0.7516823	-0.8246551	-0.07817529	-0.33101723	-0.8879977	0.09413437	0.13202475	0.48665053	-0.2786776	0.76336545	-0.056725178	-0.23296387	-0.08921924	0.007917648	0.5057542	-0.85671943	0.24574152	-1.2977837	0.3105167	-0.48876995	-0.12621197	0.20664702	-0.028462073	-0.44258738	-0.9308792	-0.6772417	-0.13629512	-0.7054377	0.029155688	0.49822104	0.23821743	0.12498649	-0.6704484	0.46060866	-0.11059239	-0.56030273	0.9556797	0.33673146	-0.54298115	0.023961306	-0.10508288	-0.2823498	0.11345183	-0.6554398	0.043597993	-0.832065	-0.52499396	0.6283745	0.079618916	0.26193497	0.32351267	0.6708253	-0.28885248	-0.061137877	-0.71420056	0.17620994	0.48368543	-0.38618848	0.6701626	-0.48533762	-0.17024367	-0.33306223	0.52276856	0.37112653	0.24778286	-1.1387821	-0.4767635	0.31001163	-0.26972842	0.38888943	-0.99101335	-0.50241256	0.27145717	-0.32848155	0.11591389	-0.084421754	-0.2359848	-0.02135111	-0.6894189	0.23549558	-0.22231959	-0.0012798908	-0.32720906	-0.045196407	0.8943802	0.4707963	-0.2301496	0.5379047	-0.26866406	0.030550763	-0.11011096	-0.036318254	-0.42341417	0.19668767	-0.17525546	0.64220107	0.097174615	-0.1586927	-0.06538526	0.21036436	0.72089213	0.0015191468	-0.85265607
-0.11025246	0.0716908	0.6039176	0.13280837	0.10982926	0.28942165	-0.17417292	0.1604332	-0.08953762	-0.0046539255	-0.45035052	-0.40752837	-0.3241202	0.20117345	0.10274019	0.53960824	0.5421555	0.25038087	-0.47190908	0.10516345	-0.24987334	0.82175946	-0.16550656	0.21792352	0.5116996	0.3270752	-0.71505165	0.1728113	-0.1620839	0.12974136	0.29496104	0.25154498	0.5184911	0.39314243	-0.050151333	0.5174439	0.40253678	-0.42574653	1.1575549	0.05932567	0.43490708	-0.79636955	0.8086397	-0.6866237	0.00067029573	0.77337116	-0.158944	0.9221217	0.4929862	-0.031576734	0.46880817	-0.14361818	-1.0401392	-0.0058273976	0.47534072	-0.403822	-0.030221844	0.51878905	0.38679287	-0.19793843	-0.63637775	-0.14462261	-0.7274653	0.81847405	0.18938647	-0.18377894	-0.053896587	0.03879623	-0.32034802	0.3244628	-0.43402463	-0.31526423	-0.08320527	-0.16592875	-0.38657758	-0.37458456	0.6560279	-0.22324923	-0.30052975	-1.1818295	0.43985954	-0.9868091	-0.789638	-0.30703166	-0.14815973	-0.4968613	0.13718478	-0.21807362	0.230809	0.34551233	-1.0270946	-0.6001143	-0.19933097	-0.38946804	0.9276401	-0.4471713	-0.84790856	-0.79616916	0.17325492	0.20497361	0.13351707	-0.3915033	0.53315496	0.011645637	-0.7091231	-1.2597517	-0.2848125	-0.1372447	0.15074465	-0.45877096	-0.5677726	0.31977135	0.22263272	0.49098265	0.16566263	-0.40360126	-0.26367763	0.2708086	0.30461678	0.06704726	0.30700386	-0.06141755	-0.16839147	-0.6974477	-0.5250185	0.13242146	-0.7460548	0.38613614	-0.58225286	-0.4858696	0.02858169	0.44174227	-0.085724145	-0.17340173	0.22513118	0.31556496	-0.061070807	0.52000076	-0.47762394	-0.36646923	-0.19561157	-0.63362736	0.22837433	0.2869466	0.48991087	0.6644363	-0.5454378	0.49386185	0.08183347	0.17191984
0.14268151	-0.7270151	0.17265974	-0.020048894	0.05431134	0.0076612523	0.43672368	0.4334002	0.012207918	0.48010305	0.43464297	0.70535856	0.27995658	-0.1669324	0.85129064	-0.6035647	-0.6945861	-0.00962179	0.017834289	0.38299894	0.09800779	0.8184648	0.4265933	-0.89323306	-0.2088157	0.43579754	-0.4853063	0.86878526	0.16174631	0.46843225	0.1311175	-0.3189153	-0.856237	0.5242258	-0.33794934	0.18748322	0.14588177	-0.54579586	-0.06861085	-0.6919255	-0.32388127	-0.17950794	-0.04516424	-0.3696376	0.41090265	0.3262649	-0.64367586	-0.5551935	-0.52047443	0.10628473	-0.13975552	-1.2857354	-0.0079543535	0.284886	0.24987924	0.20110415	0.41685936	0.12075266	-0.36826804	0.46885532	0.17162809	0.23309769	-0.5154945	0.3658599	-0.11127697	-0.095890224	-0.6646481	0.4179024	-0.69932157	-0.34124747	-0.31362927	-0.7032501	-0.30138582	-0.47511375	-0.46106222	-0.76713425	0.48629615	0.55612355	-0.4930166	-0.253147	-0.4196394	-0.2356314	0.06689939	-0.064083144	0.71763676	0.58350146	-0.0628768	-0.5531545	-0.6991268	-0.4175364	-0.6421007	0.20327635	-0.42860836	-0.32714322	0.30757242	0.3880796	0.062352125	-0.78555954	0.27411613	0.1898337	0.3208504	0.6177147	-0.087624446	0.28426424	-0.43960667	-0.37764284	0.586717	0.30498064	0.5614713	-0.17844881	0.88550615	0.031977404	-0.31444603	0.23425302	0.3197157	-0.41986486	0.3071278	0.8960146	-0.7330533	0.22120328	0.3757743	-0.10006064	0.5268054	-0.11284853	-0.41587806	0.16260387	0.5357078	0.9983779	-0.34866112	-0.658631	-0.80548966	0.35006964	-0.20359759	-1.3838675	0.096052684	0.49867892	1.0633005	-0.07560579	0.20433909	0.6559578	0.39723003	-0.04534279	-0.51822823	0.11339919	0.34933075	0.8364908	0.9399768	-0.34320343	-0.19114572	0.34969664
-0.26102337	-0.04391337	0.5551014	0.7838712	-0.5389926	0.29333124	-0.47313035	-0.31355906	-0.021241874	0.9903404	0.4223537	0.12495444	-0.2546075	0.17177428	0.2192243	0.5004121	-0.20774624	1.0275744	-0.06489949	-0.29264098	0.11376237	0.73557043	0.07262384	-0.13043487	0.041100036	0.7069311	-0.37830928	-0.24032713	-0.4173247	0.18513618	-0.33729377	0.4373657	-0.21524936	-0.3361506	-0.075873375	0.31602785	0.04110857	-0.09122408	-0.08932703	-0.10536646	-0.013610839	-0.33785552	0.59346855	-0.60946155	-0.039059922	0.44027787	0.67408115	-0.5002659	0.45627475	0.6921074	-1.0481855	0.52227116	0.05423639	-0.327841	-0.35895565	0.45986092	0.9442893	0.3956369	0.45428202	-0.016896516	-0.029658278	-0.15611415	0.956378	-0.019256067	-0.3659843	-0.047328427	0.007027438	-0.35514042	-0.108904056	0.19182943	0.32153636	-0.3312037	-0.7814201	-0.78088087	-0.2802188	-0.31946933	0.37052137	0.09047158	-0.20469314	-0.40966055	0.70593935	-0.2678533	-0.012859275	0.08475651	0.6428713	0.13247149	0.042337175	0.5310563	0.2909047	-0.44308642	-0.19612308	-0.054570362	1.0303867	0.27790004	-0.000545594	-0.15153445	-0.054523144	0.21395037	0.47706732	-0.06258877	0.43675366	-0.25396875	0.113447174	-0.37199178	0.059561536	0.56030357	-0.1152702	-0.23917562	0.6616464	-0.43686876	0.556573	-0.032899644	-0.60225207	-0.3718266	1.0447522	0.41767558	-0.022654042	-0.6627004	-0.7048101	-0.7348899	0.3530478	-0.39804757	0.23194979	-0.5204297	-0.19550113	-0.41780066	-1.2404032	-0.39186996	-0.7063821	0.2643071	-0.16553892	-0.11189892	-0.15552342	0.46161112	-0.16464503	0.23941001	0.915391	-0.5847286	-0.7098075	0.66641515	1.2073817	-0.54004985	0.28642574	0.70249766	-0.10983023	-0.02951979	0.60235155	-0.06481088	0.1945238	-0.48105326
-0.2701199	0.12281268	-0.8680404	0.19609483	-0.23638721	-0.2097323	0.17424549	0.07280424	-0.17132749	0.5667436	0.33682457	-0.045840293	0.40625754	0.123563014	0.048371773	-0.63954145	-0.007714234	-0.2308464	0.12019799	0.32677537	0.22167899	0.35126472	0.29570666	0.7521428	0.1285915	0.23590617	-0.6795341	-0.06466954	-0.46037254	0.7503062	0.39688006	-0.18045296	-0.04293165	0.16100456	-0.020354697	-0.33239254	0.4349617	-0.594115	0.33661202	0.4137017	-0.24998009	0.33662793	-0.1401561	-0.317986	0.2205306	0.10308434	0.6911815	-0.37465054	-0.39014998	0.07318612	-0.419477	-0.82295495	-0.649541	0.15656698	0.43905142	-0.46992	-0.07100906	0.6535692	-0.24666126	-0.3268759	-0.5249774	0.45460072	-0.6803586	-0.4351121	0.06609653	0.24160036	-0.02473785	-0.24800894	-0.08043864	0.059940256	-0.20074902	0.00061790255	0.16507077	0.90318555	-0.14098749	-0.2754074	0.2757438	-0.19488311	0.1254048	-0.31499916	-0.4684519	-0.13897975	0.3012265	0.113545306	0.045538493	-0.5137727	-0.19992259	-0.22524185	0.19722208	-1.0187099	-0.103847206	-0.2859954	0.90605944	0.21946722	0.63258404	0.38171166	0.008123761	-0.008154369	-0.068524085	-0.19815865	0.039846044	0.026721258	0.47895545	-0.07318647	-0.56341225	0.3154443	0.18850563	-0.1235572	0.24393427	0.6608146	-0.25414297	0.166866	-0.29309547	0.7232309	-0.11575941	0.29090336	0.15878968	-0.5781395	-1.0455434	0.42894974	0.55577403	0.020531666	-0.20897846	-0.21768768	-0.51603806	-0.31314635	0.16153483	-0.24061577	-0.6454401	-0.06977568	-0.42355177	0.28465247	0.42906344	-0.38068816	0.16671874	-0.18286301	-0.5983468	0.055090643	0.11417259	0.1409337	0.2047985	0.3486182	-0.17999513	0.120516606	0.40718123	0.17153639	-0.27872962	-0.4892779	0.31843182	0.048735645
0.17352453	-0.22322461	-0.20715196	0.35010925	0.1864144	-0.23446076	-0.41078198	0.0008171786	-0.42423046	-0.116219394	0.10301003	-0.17740414	-0.05041684	-0.060838822	-0.4731266	0.67460465	-0.13309838	0.5984203	-0.1546148	0.31348413	0.33724838	0.30854228	-1.2404162	0.02999234	-0.3344666	-0.150871	-0.030993544	0.4090924	0.4920007	-0.36827108	0.51755846	-0.10329774	-0.5585744	-0.020799965	0.23946652	0.35514304	-0.38623214	-0.34512174	0.23021987	0.25764793	-0.1880471	0.034926254	-0.54981476	0.17756657	0.13813476	0.30093366	0.14540151	0.4522118	-0.14734788	-0.13483678	-0.63329726	-0.087752625	-0.78725004	-0.19011986	0.33789197	0.014906749	0.24325612	0.6717112	-0.0987901	0.47630733	0.15865299	0.28483355	0.119854204	0.6534348	-0.11175041	-0.8919123	0.08920553	-0.39575323	-0.48180252	0.010257065	0.4170555	0.4625854	-0.26193157	0.04172121	0.027092071	-0.45500046	0.20362575	-0.17034945	-0.3523463	-0.3129128	-0.28617686	-0.7113955	-0.6254138	-0.13464822	0.49808913	-0.3223829	-0.4309566	0.3071893	-0.54723036	-0.48149577	-0.52298534	0.64864314	0.053767536	0.30292043	0.20471622	-0.9924277	-0.5558282	0.6708007	-0.0063232225	-0.3626623	0.45905158	0.35776815	0.21593305	0.18076745	0.8585709	0.14458203	-0.27533478	-0.5693865	0.69915336	0.3351306	-0.14527571	-0.19059896	-1.3789127	-0.050939947	0.30125085	-0.33850685	-0.12363599	0.26165813	-0.38999358	0.1180837	0.0980109	0.25382435	0.18098249	-0.16529267	0.39056545	-0.023708085	-0.60145634	0.7852988	-0.438921	-0.16277689	-0.10406097	-0.11542741	0.07492644	0.048435047	0.07071898	0.42035595	0.056776512	0.02613518	-0.068049334	-0.7097595	0.5455374	0.120095484	-0.24264954	0.75197226	0.690038	0.33722356	0.5365669	-0.29432735	0.0251073	-0.42992768
0.11758395	-0.4676941	-0.5037895	-0.40779436	-0.79763365	0.27789077	0.66424745	-0.07159761	0.049845286	-0.6086289	0.99145985	0.356828	-0.38248834	0.40036413	-0.5419844	0.2026569	0.38349944	0.26861745	0.4586987	-0.0032886318	-0.28458616	0.6480531	-0.30260366	0.20515461	0.93058133	0.9394977	-0.23295832	0.18388285	0.1514085	-0.9815061	0.24993736	-0.23318277	0.428037	-0.37016028	-0.53088504	0.047633473	0.40061304	-0.6254027	-0.30885494	0.17354025	-1.0064805	-0.22890298	-0.02088225	-1.0216783	-0.75845176	0.09676096	-0.06543508	-0.8481052	-0.49832362	-0.15758409	-0.3071378	-0.04465202	-0.081576884	-0.6824614	0.6347456	0.3616971	-0.0034886957	0.090467826	0.49703512	-0.016011026	-0.0063112667	-0.96521497	0.045045294	0.5708083	-0.17097485	0.089498855	0.65307844	0.28309497	-0.3123717	0.2512477	0.21664008	-0.41789776	-0.34842676	0.09376938	-0.23515481	0.25215983	-0.41494527	0.05555124	-0.37456235	0.08929071	-0.23471865	-0.20283242	0.011171099	0.78763807	-0.0004266085	0.21162611	-0.43330285	-0.038724348	0.13098639	-0.42012832	-0.20941217	-0.108441465	0.22280654	0.108529866	-0.37146744	-0.16239724	0.1942659	0.9196978	1.1830629	-0.07270364	-0.1862161	0.3925675	-0.2657243	-0.14408903	0.25638556	0.6376964	0.07424523	-0.24613616	-0.74589	0.90705466	0.14710014	0.09760386	0.3132663	-0.08736734	0.0602602	-0.32685542	1.0909369	-0.43687573	-0.2644179	-0.63148504	0.37660536	-0.2355562	-0.75335985	-0.542465	-0.65271086	-0.7947533	0.7307849	0.2326838	-0.59870076	-0.057505243	-0.50114226	0.8340406	0.078046136	-0.6628413	-0.13493347	0.6714034	-0.35911253	0.1324864	0.28714794	0.67813385	-0.17810355	0.57507056	0.5686564	0.02932921	0.6308838	0.5804345	-0.6197144	0.24184565	0.357903	-0.59546095
-0.55153567	-1.0470797	-0.78622353	0.12994087	0.31823963	-0.05685264	0.45387372	0.19642851	-0.15484574	0.7544319	0.12070882	-0.8243234	0.109424114	-0.21707995	0.113197304	-0.116319	-0.5020033	0.13703588	-0.20810817	-0.3518352	0.4820401	0.49788675	-0.14614384	0.3812093	-0.018114856	0.6664317	-0.279224	-0.3406671	0.34993306	0.14919001	0.21619062	0.26831052	-0.36548817	-0.32128957	0.13379024	-0.34777448	0.06644482	-0.12063595	-0.42126435	-0.5491971	-0.13388932	0.7207454	-0.38204026	0.05503244	-1.1676298	0.8326341	0.7661076	-0.5338407	-0.16091792	0.49235174	-0.042622827	-0.5518341	0.33512104	0.20430607	-0.100008525	0.0046813274	0.06490302	0.15943979	-1.2186536	-0.1335399	-0.28271997	-0.075665385	0.43126413	0.40167797	0.030462142	-0.1790594	0.9022725	-0.13207196	-1.2504189	-0.12113841	-0.45549697	-0.8091356	-0.5007941	-0.3026134	-0.40525848	-0.11745263	-0.0390827	-0.1463173	-0.2002455	-0.60613143	0.25437447	0.04760487	0.541737	1.058103	0.81260216	0.0056010075	-0.3943161	-0.46163085	-0.11876864	0.7178783	-0.5527361	0.114013486	0.3066329	-0.32645282	0.07830025	-0.653686	0.70994806	-0.47986773	0.32350907	-0.42259827	0.43298665	0.8165782	0.5598915	-0.42342398	-0.18633513	0.533222	0.1238914	0.04027774	0.39223862	-1.3291489	0.27765387	0.50007766	0.08934826	0.039453574	0.5365507	0.17511065	0.29810858	-0.47991782	-0.5799644	-0.32926187	-0.46115553	0.30521843	0.38913506	-0.13141766	-0.6283763	0.2464229	0.34690946	-0.6325679	0.3281741	0.23527925	-0.4997499	0.92661536	0.131939	-0.61179084	-0.30230844	-0.086564936	0.17265028	0.242117	-0.9299655	0.16490462	-0.35881785	0.12799308	0.8987842	0.0026393202	-0.106126465	0.3138052	-0.08486098	0.23090051	-0.21383823	-0.24220663
-0.45562953	-0.07893225	0.14741845	-0.71594137	0.5483285	0.15646736	0.44441923	0.43415385	-0.5473519	1.1349353	0.9520518	0.41748556	0.21143603	-0.41466582	-0.029245058	0.30887452	-0.157268	0.47049737	0.114514194	-0.0010668922	0.53119594	0.50275046	0.16579331	0.44427824	-0.17195286	0.4475295	0.4038222	0.3260082	-0.096725024	-0.15485545	-0.012192106	-0.094324775	-0.079656556	-0.83251864	0.6109723	-0.07429885	-0.12479926	-1.1962893	0.675865	0.30305558	-0.12813441	-0.12429079	0.9157782	-0.7130497	-0.2904986	0.28791565	-0.6085951	-0.22637817	0.21851246	-0.47276616	-0.3747324	0.21937631	0.47071096	0.28785792	-0.3744595	-0.06625119	-1.0349412	0.31565574	-0.12704451	0.0591793	-0.56142855	-0.50355375	-0.5443892	0.30671152	0.0069703907	-0.5606413	0.35030422	-0.3744827	-0.9203305	0.6106987	-0.07269557	-0.13877676	-0.802099	0.22843927	0.8092501	0.8995758	0.012264843	0.18973522	-1.12933	-0.7339743	-0.7829768	0.46691868	0.11817668	0.66849023	-0.24022646	0.26435918	-0.2341027	-0.86234194	0.36046773	-0.7868979	0.17601183	0.82932186	0.6772992	0.01735755	0.38416824	0.10056298	-0.20174022	0.8803662	0.52989507	0.14061452	0.78849435	-0.11390092	0.45355716	-0.45300376	-0.40333465	0.054382853	0.101400115	0.40063336	0.2817225	0.17055337	-0.066168465	-0.116595455	0.21733843	-0.06798624	-0.5090333	-0.02600934	-0.34556255	-0.334286	-0.15764931	0.63310325	0.601436	0.12799875	-0.10698222	-0.47750092	-0.33647153	0.16541804	0.051974475	-0.41499606	-0.76858515	-0.4177359	-0.8659124	0.22499925	0.5924273	0.33377853	-0.31536797	0.3360825	-0.37591666	0.03351722	-0.43537402	0.076697856	0.124876276	0.33066577	0.5228013	0.60820365	0.35853857	0.3852622	-0.19147572	0.7030629	-0.18012004	-0.7020318
-0.40250608	-0.08475323	-0.28057536	-0.07593128	0.36001047	-0.022329876	-0.3456927	0.49685022	0.07889789	0.95189947	0.12281924	-0.11865848	0.05593875	0.63742524	-0.4687792	0.4500864	0.44807783	0.26850033	-0.08125862	0.013372762	-0.02440175	0.5173735	-0.42428687	0.43898854	0.21695332	0.8650224	-0.62897325	0.5490007	-0.22366035	-0.4889917	0.43763882	0.39351115	-0.5373519	0.28800562	-0.32205695	0.41583124	-0.018739475	0.03388677	0.14252211	-0.02634583	-0.4040356	0.5893749	0.4031393	0.17779815	-1.2652408	-0.5026852	0.60980433	0.12204397	-0.90446806	-0.31061995	0.06232681	-0.26173037	-0.05919653	-0.43867776	0.3599822	0.17811956	0.09178472	0.74215424	0.011691646	1.0122335	-0.672016	0.546059	0.18082613	-0.13279329	-0.33236158	0.13610096	0.3879569	0.24418536	-0.25010884	0.32250768	0.04192916	0.08567127	0.3499674	0.07341769	-1.2117335	0.25558534	-0.72895604	0.3937986	0.57806766	0.3035673	-0.42447153	-0.2503229	0.13832353	0.1150258	0.22479878	-0.106582366	0.15303174	-0.2643634	0.80232507	-0.12132699	-1.1710646	0.16137153	0.82362443	-1.0980858	-0.3013736	-0.36991417	0.13567056	-0.5433869	-0.11722078	-0.15677346	0.47343314	-0.40081638	-0.064596206	0.012807927	0.03196266	-0.25936073	-0.35477173	0.47674373	0.3636179	0.30929765	0.26841825	-1.0055277	-0.3193448	-0.50853693	0.60156035	-0.13206947	0.033176485	-0.07417134	-0.15241441	0.1001897	-0.15190953	-0.05969528	0.46197417	0.08732791	0.10644009	-0.32525805	-0.3224851	0.1401191	0.24226794	-0.054236505	-0.074074164	0.85158813	0.1847175	-0.010124338	0.23232105	-0.2705289	0.22318369	0.17659797	-0.3142833	-0.15219103	-0.50991833	-0.43697345	0.0049063507	0.360257	-0.26777458	-0.031561278	0.4894089	-0.5107645	-0.7539421	0.11196597
-0.28588253	-0.21861304	-0.42632747	-0.1423069	-0.21461917	0.112597756	0.018630791	0.1444799	0.32067913	-0.28166407	0.2132847	-0.39472115	0.2083335	-0.65858555	-0.5323307	0.1971939	-0.5086641	0.8439707	0.1931063	0.31138834	-0.7414834	0.14389515	-0.87437123	0.49036297	-0.1352777	0.78966475	0.049797293	-0.48981586	0.39466816	-0.33681235	-0.2909283	0.14258972	0.07848705	0.4959962	0.551316	-0.10311282	-0.26443955	-0.019201519	-0.04422437	0.5461889	0.47177422	0.14985013	-0.049889777	-0.5107698	-0.9195211	0.27606475	0.18269257	-0.1595583	-0.018804632	0.11593264	-0.4188966	-0.21477284	-0.67025894	-0.15572888	0.18625756	-0.22022483	-0.17995563	0.4005795	-0.14096534	0.5179722	-0.67187643	0.6090511	-0.18222763	0.83473366	-0.6785202	-0.009765987	0.7510198	0.30532312	-0.031907644	0.2092735	0.1400977	0.651353	0.6384965	0.43303412	-0.6391895	0.3445311	0.30131227	-0.037563425	0.06892966	0.16593537	0.9525335	0.12610696	0.11462527	-0.07432925	0.43804044	-0.59006375	0.39705417	-0.0131255165	0.27366924	-0.16560274	-0.37302375	0.27841094	-0.48028898	0.07390014	0.40076214	-0.5787495	-0.12349987	-0.31268978	0.4836927	-0.041005068	0.04985108	-0.58716744	0.2104435	-0.43888795	0.241235	-0.09179318	0.0040053334	-0.076471396	1.2738521	-0.23232192	-0.81291807	0.2270598	-0.09259443	0.5458473	-0.81852436	-0.079922915	0.3950706	0.32853308	0.042939503	-0.0897212	0.7764224	0.15841915	0.047883935	-0.7753725	-0.080506004	0.5147017	-0.9200679	-0.4796001	-0.17786688	-0.68670726	-0.6224833	0.80435675	0.39323425	0.0059467214	0.055967778	1.1944166	-0.0221261	0.45263115	-0.5711764	0.2874776	-0.18077616	-0.34264806	0.24824922	0.33572012	0.2857812	-0.058827255	0.017301654	0.1189185	-0.46297425	-0.8507681
-1.0553374	-0.5420323	0.4021321	-0.4086003	-0.3412998	0.24452722	0.36017385	-0.023941424	-0.29252943	-0.00806149	0.052098364	-0.09629169	0.01661702	0.009364998	0.014454588	0.6067632	0.8192876	0.7348973	0.3425616	-0.5524052	-0.6460166	0.64356935	-0.033150587	0.22551157	-0.11749173	0.2598613	-0.6361243	-0.25926682	0.105279066	0.4117185	0.6893872	0.34930483	-0.20085503	0.30078477	0.8459986	0.26440406	-0.12096432	-0.21156782	-0.15290527	-0.6278827	-0.42985016	-0.025029374	0.54347813	-0.29761496	-0.07541377	-0.16958523	0.059585515	0.0759221	-0.17453505	-0.71781725	0.056234132	-0.26469272	0.0056010154	-0.21104078	0.7117216	0.29679316	-0.031110384	0.080888815	0.060763363	0.010683839	-0.47378176	-0.6589574	-0.4019199	-0.22822972	-0.073180854	0.04250761	-0.26486877	-0.050421912	-0.23597096	1.1397916	0.59094244	0.59282357	-1.2293651	-0.05343692	0.017989032	-0.124291174	-0.10118283	0.10897963	0.036192004	-0.28561187	-0.48748243	-0.02964212	-0.5270277	0.47327313	0.810547	0.19342895	0.6243455	0.46282405	-0.051498022	-0.19089718	-0.64007133	-0.41777384	-0.076222144	0.14792189	0.18383557	-0.5124394	-0.09287723	-0.88684356	-0.21351683	0.1765034	0.58571017	0.38423505	-0.27665693	0.0061841393	-0.70422673	0.45462933	0.4260212	0.13623188	0.34927833	-0.18067954	-1.0563854	0.35627925	0.020069083	-0.57033056	0.09276821	-0.090591766	0.053669725	-0.57759476	-0.34692216	0.52549136	0.39287806	0.14003675	-0.9012515	-0.8932491	-0.024978204	0.063202195	-0.67825764	0.103861995	-0.22543316	-0.33644742	-0.32337967	0.08354302	0.34623358	0.56371754	-0.44730633	-0.09308861	0.097982116	-0.47588435	-0.4038474	0.073994614	-0.37574396	0.3762553	0.07159539	0.06198233	0.46271726	0.85911864	0.3661987	0.03626853	0.4549353	-0.33766285
-0.5193621	-0.37674367	0.7712655	0.28217798	0.02515262	0.2563246	0.16971254	0.066046186	-0.8950605	0.85564953	0.41857237	-0.6082906	0.16729738	-0.2198199	0.39286682	-0.278634	0.43150723	-0.12565228	-0.2625243	0.47547185	-0.845877	-0.275523	-0.34646705	0.14903668	0.23075247	-0.093186475	-0.47331205	0.5446862	-0.022651345	0.28804854	0.119585775	-0.06620074	0.35744914	-0.26177338	0.09102255	-0.64098144	0.525757	-0.2718775	-0.11407342	0.40545577	0.6589727	-0.19064933	0.54606086	-0.347467	0.05213192	-0.35900873	0.34479234	-0.22189195	-0.73143303	0.17540574	0.35703567	-0.28192988	0.49898508	-0.4347724	0.31390595	0.054008875	0.75285274	-0.064167075	0.3612168	0.24970704	-0.31047755	-0.5477191	-0.61155534	0.31793728	0.118195586	-0.043546606	0.45286617	-0.080207065	0.56750834	0.5895819	-0.9232523	0.19534595	0.37623882	0.13786535	0.21226344	0.5793306	-0.13201044	-0.09728088	-0.3375411	0.19189627	-0.86438066	-0.1111032	-0.7051205	0.20376259	-0.26085255	-0.026104197	0.28163198	-0.14090529	-0.08317326	-0.600482	-0.5796932	0.04225867	0.46492308	-0.4949847	-0.32587388	0.15463072	-0.3890613	0.4272479	-0.25309128	-0.80700856	-0.101825975	-0.25325134	0.5118984	-0.8154069	0.67933244	0.12573384	0.48425698	-0.41758072	0.37030965	-0.09079028	-0.043277334	-0.4912079	-0.5693989	0.33954352	0.58736986	-0.0068955896	0.41207728	-0.606236	-0.07414588	-0.4402805	0.30002165	-0.15420723	0.13941927	-0.49996787	0.59936917	-0.18873945	-0.35500696	-0.24734649	0.06662498	0.032385603	0.3044394	0.25235772	0.21240802	-0.21196061	-0.27297524	0.34651738	-0.34541076	0.52510655	0.82927394	-0.0061398386	-0.058874607	0.13266796	0.5864071	0.09365451	-0.3159492	0.6164102	0.025519902	0.30598277	0.1389167	-0.6545866
-0.5290919	-0.33985642	0.05943412	-0.07628731	0.14568658	-0.104770884	-0.3378092	-0.45791566	-0.72469264	-0.25494218	-0.33579195	-0.08377998	0.66717464	0.65513074	-0.8538539	0.08241121	0.578296	0.024069272	0.5636845	0.700199	0.23229074	0.33420447	-0.060848936	0.021518955	0.4805937	0.5507867	-0.80295014	0.58218354	-0.119556375	0.18313885	0.18457268	-0.3102126	-0.47922277	-0.10098262	-0.4132059	-0.5091813	0.67388296	-0.22244443	-0.22133091	0.51107943	0.7040067	-0.24307299	0.043575913	-0.47494844	0.11127835	0.3062012	-0.30343664	-0.46406075	0.50822556	0.070804425	0.6736541	-0.43077886	-0.65783733	0.6155194	0.46322542	-0.18378027	-0.14083941	-0.15116325	-0.27915746	0.3860194	-0.78412515	0.072253466	-0.463482	0.1801447	-0.08901083	0.25122306	0.11670831	-0.3199505	0.7732614	0.30603996	-0.6188633	-0.5118337	-0.30207625	0.86677545	-1.0678147	0.060362913	0.42125726	-0.10152924	0.16245314	-0.034537237	0.23757324	-0.26296988	-0.021921203	-0.1930079	0.20475565	0.37787902	-0.025515502	-0.63835746	-0.29642203	-0.11768768	-0.025471693	-0.121540904	-0.7715978	0.110241294	0.6734795	-0.5455739	0.5834776	-0.037433997	0.22887935	0.88750285	0.4109484	-0.097121224	0.024574144	0.11483692	-0.5690645	0.33351007	0.84475464	0.088428766	0.40663812	-0.4424184	-0.22582872	-0.47781357	0.5635788	0.07445022	0.63475156	-0.9397575	0.027103888	-0.5629462	-0.03063827	0.25611463	0.5752299	0.10027451	0.31116804	-0.6553059	-0.40248302	-0.20704092	-0.239452	0.08701104	0.3196861	0.043192495	-0.22035575	0.13645887	0.20778592	0.3503867	-0.47268176	0.48755234	0.5713369	-0.54487956	0.12536332	0.19734314	0.6660223	-0.3499021	-0.07231527	-0.34076163	0.12761834	0.5195994	0.49536026	0.08821817	-0.94996625	0.3571996
-0.41349873	-0.16443406	-1.0894307	0.22613922	-0.55443996	-0.41263855	0.07736534	0.43794405	0.55001295	-0.36444208	-0.59780943	0.08615376	-0.12802777	-0.26166317	-0.32202742	-0.6440712	0.40177068	0.98472315	-0.56481296	0.093219824	0.24263129	0.007856192	0.10657458	0.5871765	-0.01809314	0.37511933	-0.13573685	-0.38659132	0.29379737	-0.043295916	-0.16980767	0.4589558	-0.4308729	-0.32192567	0.2832551	0.15333652	0.09790356	-0.5721772	-0.642977	0.5158263	-0.023933522	0.09862026	-0.2007346	-0.39124548	0.10549581	0.8692401	-0.22545366	-0.008902879	-0.038227685	-0.57279694	-0.41251588	0.34435064	-0.2651732	0.42463523	-0.20266445	-0.12620501	0.32790035	0.3452108	0.11397285	0.774782	0.3868556	0.067267984	-0.69403815	0.33283573	-0.32593936	-0.46863422	-0.8254311	0.09727839	0.11681385	0.020009402	-0.22508283	-0.08124369	-0.7787645	0.41264912	0.07119131	-0.5379381	0.10471296	-0.19916694	-0.79021037	-0.17511569	-0.2159283	0.07951281	0.7496986	0.19401975	0.04050339	-0.60464865	0.07036438	-0.35346273	-0.123165436	-0.5488492	0.36526954	0.5190957	0.68114257	-0.6266079	0.26192123	0.27306166	0.00096279476	0.36796758	0.74727416	-0.17987789	-0.5796631	-0.14537497	0.47956622	-0.4380933	-0.12756667	0.17145507	0.54829025	0.0056682657	-0.22121082	0.016713114	-0.5698252	-0.5096287	-0.3900378	-0.512185	-0.31415573	-0.73195857	0.37987342	-0.6033052	-0.5317467	-0.3146365	0.08682483	0.5460405	-0.19122045	-0.7825481	0.8342484	-0.766956	0.25638062	0.3351928	-0.6448416	-0.53730494	0.08749973	0.17826845	0.043332495	-0.59147346	0.5076783	0.66804993	0.4116897	0.15432227	-0.34699538	0.46960267	0.016992502	-0.5760021	-0.36676773	0.39083853	-0.23822692	0.84539056	0.09693843	0.2910155	-0.7634378	-0.28615803
-0.8046837	0.009183097	-0.10404268	-0.5920766	-0.49560735	0.76672196	0.35522157	-0.10660336	-0.38238177	-0.15923457	0.0055300104	-0.31049472	0.08418544	-0.2212028	0.2127805	-0.41423634	-0.55969	-0.49902102	-0.00853229	0.16074112	0.084375046	0.61824006	-0.23638363	0.4179818	0.78633714	0.3539905	-0.2026204	0.9586063	0.030404098	-0.44749537	0.114650086	-0.8456633	0.15948649	0.18889815	-0.07938929	0.21475138	0.56719	0.533112	0.28689787	0.8715243	-0.5160883	-0.4346075	0.62352514	0.18538319	0.07057528	-0.31583592	0.43347117	-0.45089632	-0.059731375	0.05862534	0.070221394	-1.3708775	0.17030993	-0.6620347	-0.20200062	0.17693515	-0.28069234	0.7839597	-0.3753499	0.27752563	0.2668644	-0.56385136	0.19142826	-0.089810506	-0.53234047	0.2270754	0.097005896	0.12539186	0.042174216	0.08262639	-0.67982745	-0.009944422	0.15055625	0.28134626	-0.088399686	-0.17173305	0.079007715	-0.020751277	-0.36316785	0.4392914	-0.43861383	-0.24143791	0.36785635	0.75031716	0.22199188	-0.38105276	-0.09783659	-0.2643265	-0.6111331	-0.19111429	0.19186501	-0.28972393	-0.3741546	-0.19496195	1.5085742	-0.60715157	-0.06587646	-0.06850475	0.5174476	-0.08420924	0.20468268	0.93800306	0.4818493	-0.5449154	-0.434691	0.60678995	0.13124746	0.1556118	-0.21420717	-0.17067769	-0.26145962	-0.38908866	-0.12768444	-0.14516483	0.1510639	-0.931179	0.032810662	0.10476213	-0.19826856	0.06661951	0.8359348	0.9186755	0.12555687	-0.37560338	0.42685622	-0.24473312	-0.72629404	1.0034002	0.10507732	-0.5196908	0.42487642	0.60770625	0.20295043	0.35364395	0.08183969	-0.21507594	-0.03105561	-0.25384325	0.16412686	-0.15779471	0.6920335	0.37184483	0.23412907	0.047139026	0.87787396	0.3259675	0.6531596	-0.27501288	0.29668286	0.19041044
-0.19582991	-0.01321109	-0.3121608	-0.012834648	0.5408785	-0.017943516	-0.4157118	0.4104569	-1.3327161	-0.2258858	-0.40576378	-0.05237802	-0.4862661	0.23537007	-0.013815871	-0.17168075	0.4525015	-0.15690173	-0.58545566	1.0938126	-0.27427563	0.6202045	0.6507406	0.36856502	0.655069	-0.23020741	-0.59146225	-0.4113898	-0.7477062	-0.2374361	-0.1424172	0.28725517	0.7041063	-0.1327932	0.21354836	-0.45990574	-0.31771705	-0.51157653	0.70343906	0.7756539	-0.15179653	0.46156707	0.62381804	-0.08733512	-0.051954128	0.39489457	0.7972095	-0.22888549	0.23152685	0.014970267	0.21921343	-0.6173521	0.09132462	0.49465305	-0.17102511	0.23138475	0.6221815	-0.63792926	-0.040853385	0.15051442	0.05614804	0.68613744	-0.32606533	0.18132545	0.13497064	-0.02519517	-0.21185058	0.3480652	0.056121923	0.0033894777	-0.042697813	-0.0024440156	0.24265479	0.30101243	-0.27679986	-0.100455366	1.0796094	0.138934	-0.2524672	-0.3790052	-0.12888464	-0.020760378	-0.485316	0.690859	0.34275904	0.3972558	-0.35768285	0.12941459	-0.5186158	-0.34591618	-1.24149	1.1506196	0.61387324	-0.23922488	-0.511792	0.019818526	-0.06340887	-0.114516504	0.6181578	-0.22277781	0.15714316	0.6895088	-0.1922232	-0.32036838	-0.5136718	0.30972633	-0.7986922	-0.3520017	0.3569191	0.7098012	-0.6562724	0.725335	-0.7653574	0.22423694	0.027529549	-0.46703494	0.20202315	-0.49053326	0.731561	0.14237791	0.47368062	0.0793165	0.9209552	0.2352017	-0.3721015	-1.0519699	-0.67976975	-0.09174192	-0.31159076	-1.103001	0.11828646	-0.30460805	0.047436327	-0.5027376	-0.3362888	0.49321434	0.42761597	0.066694595	0.29500988	0.94138736	-0.27983928	0.28752363	-0.0053671966	-0.21207763	-0.13029094	0.6161336	0.3075897	-0.15486518	-0.15947436	0.16124116
0.037215807	-0.90996385	-0.37092385	-0.02852927	-0.7368054	0.45583618	0.21820973	0.7981642	-0.37346828	0.01095539	-0.14662166	-0.3311198	0.7427542	-0.025810085	0.2563401	0.16441146	-0.09571973	0.59196055	0.40002164	0.6499923	-0.7580478	0.4127851	-0.2529861	0.30574265	0.62605816	-0.0009921727	-0.42665517	0.18196933	-0.18606019	0.06865413	-0.6683316	1.3427697	-0.6809155	0.27296305	-0.15071005	0.44926295	-0.11209814	0.19075927	0.27607837	-0.6093372	0.03798044	0.38733175	0.4927005	0.3019759	-0.38309327	-0.11589236	0.44170806	-0.30268416	0.006664569	-0.5850447	0.2333081	-0.1268875	0.13295037	0.42616132	0.539849	0.86518633	0.11546033	-0.056032684	0.39330807	-0.289387	0.020608628	0.54670197	-0.3790828	1.1704319	0.09196813	0.04217113	-0.26220945	-0.12413483	1.2436253	0.6201193	-0.4133981	0.31228724	-0.15391064	0.20291214	-0.053746205	0.4157722	0.6249268	0.048179258	0.38495353	-0.22253835	-0.31949487	-0.39969474	0.34811226	-0.16288295	0.049692992	-0.08564242	0.40568864	-0.39345276	1.020077	0.19017877	-0.9947039	0.3523579	-0.18276487	-0.30280486	0.24130477	-0.4155077	0.11273439	0.038853865	0.5858941	0.003341525	-0.61374986	-0.27382696	-0.3318573	-0.73057616	-0.13203646	0.049921524	0.82419395	-0.1529461	-0.08741412	-0.331944	-0.04429262	0.39693537	-0.5225826	0.058952015	-0.40321252	-0.24583952	0.5332297	-0.040932912	-0.48370194	0.1613465	0.4941547	0.4851505	-0.20630117	0.06804922	0.36038184	0.00918496	-0.4874257	-0.32100514	-0.49825186	-0.34741133	-0.080170386	0.8194363	0.21188594	0.37068275	-0.20651753	-0.02781763	1.1441714	-0.8376593	0.19394168	0.13582894	0.17394504	-0.304799	1.1335467	-0.000835177	0.3830102	0.50875455	-0.13492273	0.13583598	-0.3571333	-0.21840616
0.09316128	-0.5033706	0.042770833	-0.20861061	0.29209903	0.22521661	-0.46736264	0.58471406	-0.6153235	0.70229214	-0.26910046	0.7027567	0.16438131	-0.44071317	-0.17212974	-0.18009816	0.47615805	-0.13144942	-0.69038224	0.07939603	0.4119978	0.42310995	-0.9759359	-0.4947605	0.39760423	-0.1799082	-0.57164276	0.12953319	0.14185303	0.6280528	-0.081299305	0.26865402	-0.5107583	-0.34967583	-0.18257211	-0.093384005	-0.11962151	-0.31543544	0.23906338	0.41695577	0.45369923	-0.6571203	0.6984863	-0.086591154	0.07562157	0.32273573	-0.33290377	0.45614073	0.11115327	-0.105624475	0.55058515	-0.607083	-0.43623975	-0.58556676	-0.39444944	-0.6496626	-0.13837864	0.41438	0.17369267	-0.36289394	0.19194275	0.6853646	0.6264739	0.3150176	0.05759307	0.33517298	-0.06419173	-0.36157358	0.92377335	-0.100837395	-0.40338215	0.013923558	0.10291926	0.1804666	-0.85126865	0.50522214	0.20932484	0.06625146	-0.14414535	-0.5307688	0.12975225	-0.14666118	-0.04297248	0.1369059	-0.5826961	0.46961543	-0.15858668	-0.5989738	0.66169673	-0.0634342	-0.4139377	0.03124074	0.37716252	0.28747183	-0.034288358	-0.85019714	0.189486	-0.6382535	1.1328427	-0.43253794	-0.61867887	0.020179972	0.3840778	-0.24372505	-0.025737649	-0.58798575	-0.42787918	0.6496665	-0.41542655	0.079123475	-0.19115758	0.4590944	-0.8560695	-0.21036895	-0.19543116	0.04499515	0.7125849	-0.3439099	-0.23328644	-0.9184225	-0.067284435	-0.45313197	0.15378918	-0.3181358	0.30339685	-0.06387957	0.2776493	0.01521448	-0.22962949	-0.37340492	0.17235744	0.47611243	-0.94789565	0.18678497	0.45645884	-0.05066528	-0.24986437	-0.4002114	-0.9858923	0.3981609	0.7530585	0.1885946	0.9615898	0.2274264	0.54581165	0.22729544	0.19792695	0.31694412	-0.06832116	-0.34219873
-0.5045092	0.056314614	-0.072847486	-0.24987388	-0.5939102	-0.051809803	0.59237605	0.999416	-0.44217744	-0.3193627	0.15136144	0.15244125	-0.043922067	-0.18053076	0.53851295	-0.3745722	0.6156061	0.1692378	-0.12905236	-0.2695221	-0.00025932016	-0.2766938	0.4275621	0.48641083	0.4428737	0.38217333	-0.40460658	0.22354764	-0.2789259	-0.063789345	-0.41056874	0.020364448	-0.52858657	0.09738688	0.47249696	0.6353247	0.095817566	-0.4691283	0.41270903	-0.05951961	-0.6912865	0.3307801	-1.0159565	-0.15444416	0.20792599	0.315664	-0.14182585	0.16478723	-0.62754995	-0.5481067	0.31877324	0.57398164	-0.23421209	0.13559726	-0.38078162	0.78057176	0.14235735	-0.5481204	0.2193177	0.29061902	-0.40974304	0.75435233	0.23963663	-0.03520162	-0.464984	0.3978964	0.6498402	-0.28666458	-0.4458118	0.77697474	-0.6502561	0.5952759	-0.052954696	0.06016104	-0.08892463	-0.35427737	0.13111034	0.018169925	-0.11770738	0.2049512	0.1942674	0.5250112	0.03432885	-0.549959	-0.08104571	-0.11200748	0.41516328	-0.081752285	-0.19215553	-0.5435163	-0.15777889	0.11088402	0.84211063	-0.659685	0.025718527	-0.57070005	-0.6848287	0.72907025	1.0293764	-0.12681411	-0.31462485	-0.14431234	-0.70164925	-0.47487065	-0.9474502	0.73551524	0.7398267	-0.44712698	-0.4231904	-0.78236705	-0.4104196	0.48578635	0.10724385	0.29668906	-0.033983357	0.17967045	-0.047963608	0.19266862	-0.36891106	-0.27870658	0.3988099	-1.2671165	-0.14867854	-0.89115435	-0.4642565	-0.030875072	-0.21054335	-0.22928943	-0.58960956	-0.55470526	-0.22197586	0.6699469	0.34784895	-0.08360773	0.20558411	0.37901628	0.7015688	0.45047757	-0.19226357	-0.2280752	0.16447909	0.032305177	0.89406633	-0.02034829	-0.10092248	-0.13143378	-0.41476008	0.17499535	-0.54881877	-0.112453006
0.097400375	0.6812454	0.36297423	0.352936	0.31487992	0.25113216	1.1927001	0.4807704	-0.42581096	0.3393041	-0.27941254	0.03019172	0.14503899	-0.30813715	-0.31168595	-0.16815469	-0.57060874	0.53296727	-1.2198716	0.1658929	-0.03591664	-0.44983196	-0.30762413	0.11472334	0.7056708	0.0030165429	-0.776678	0.71213806	0.16412748	-0.7290694	-0.16466859	0.06460665	-0.4611784	0.103419684	-0.20319831	0.7475185	-0.1675067	-0.8909724	0.49542668	0.82501537	0.27161926	0.39394143	-1.138631	0.45060685	0.15956114	0.94224495	0.3570997	-0.047942925	-0.87647796	-0.15631941	-0.29331267	-0.36957273	0.41560113	-0.10611251	-0.6540303	0.21807249	-0.5775952	0.5871708	-0.5006502	0.007872445	0.26345998	-0.12289587	-0.50553066	0.9081929	-0.07994833	0.11190334	-0.10383854	-0.3733196	-1.0180094	0.12792169	0.55177605	-0.76876044	-0.2799024	-0.15173966	-0.3249818	0.6008501	0.027018799	0.5977978	-0.61013794	0.00065896905	0.41749692	0.29433414	-0.34494895	0.021281678	0.6173487	-0.06433809	0.34865043	-0.37154564	0.2282191	-0.15161407	-0.32627478	0.70840293	0.06284051	-1.1707104	0.7167322	0.4356981	0.7073006	-0.21904227	0.4930917	-0.07740211	-0.15144385	-0.16761833	0.87450993	-0.40372056	0.38292503	-0.16864346	-0.4883731	-0.38338152	0.12046145	0.43408802	0.123081625	0.35493392	-0.53334415	0.46610495	0.17074186	-0.015958682	0.26184985	0.12227593	-0.18444614	-0.213357	0.008327193	-0.120594054	0.119673416	-0.7115853	-0.29256946	-0.41990393	-0.100042656	0.00076275633	-0.42235586	-0.47746578	-0.36426693	0.27902305	-0.64666235	-0.14265002	0.5792327	0.40542722	0.7871049	-0.22317097	-0.82664233	-0.18768175	0.19856547	-0.12337866	0.23199295	0.98994076	0.3101516	-0.1354328	-0.36038753	-0.16210973	-0.18928434	-0.053048465
0.31330597	0.21178326	0.13536893	-0.13584907	0.4171741	-0.4382956	-0.48780477	0.82304734	-0.26177946	0.35842714	-0.59250265	0.054800656	0.23620403	0.033651706	-0.47463778	0.47224137	0.090276316	-0.32866922	0.19946525	0.38665515	-0.08214088	-0.0034688395	-0.5556467	0.5831397	-0.25880647	0.67422795	0.12386871	1.028355	-0.9601809	0.04227951	0.8627385	0.31491446	-0.4753193	-0.70457834	0.45727605	0.23518965	-0.22953017	-0.41112232	0.005673124	-0.2276455	0.09567006	0.65453935	0.01785665	0.32668477	0.25934133	0.756032	0.6068014	1.0806407	-0.9826476	0.077137776	-0.9172754	-0.54035544	-0.24566694	0.29456806	0.32841098	0.714033	0.39996275	-0.5033268	0.41402933	-0.09977896	-0.52662885	-0.8102943	-0.12785336	-0.29009402	-0.8889273	-0.120704375	0.09376306	-0.76308453	-0.068364486	0.023085179	-0.1267939	-0.80099756	-0.28158435	0.5738161	-0.13224037	-0.026714839	-0.38933536	-0.031160802	0.4250336	-0.12593278	-0.09959534	-0.56729513	-0.20511714	-0.6180939	0.7150474	-0.65079445	0.5386633	0.1855412	-0.21850164	-0.4372424	-0.89228404	0.34787896	-0.15196835	-0.09888426	-0.093296535	-0.11360831	0.15576145	-0.45183486	0.06879665	0.08865341	-0.18998769	-0.33469427	0.10556644	-0.18872222	-0.37211317	-0.21591102	-0.38456962	0.5707076	-0.13844489	-0.108958974	-0.1709581	-0.31925842	-0.51690304	0.3594129	0.2755358	-0.270425	0.1642346	-0.10963753	0.35201004	-0.0277218	0.3244324	-0.01669772	-0.65458775	-0.5662616	0.2790912	0.0059906878	-0.39542	0.24094582	0.07404452	-0.81094855	-0.13882875	-0.08751495	0.48600206	0.41430253	-0.14674757	0.4760942	-0.10921665	-0.08255496	-0.04204587	-0.2681112	0.21033904	0.08160111	-0.0323719	0.23522134	-0.19406712	0.7232491	0.23869261	-0.88543075	-0.28659293	-0.9043408
-0.4799385	0.12362004	0.08861353	-0.044161573	0.3448679	-0.52330405	-0.2569163	-0.4479171	0.09100329	0.5298386	0.750321	0.37749937	-0.32758188	-0.3025245	0.5394048	0.58787376	0.7980997	-0.70953876	0.7361051	0.5573819	-0.20420338	0.3754456	-0.24130915	0.44080105	0.27480567	0.21490413	-0.59581155	-0.11680719	0.38468334	0.5108143	-0.2122139	-0.084237054	0.779204	0.7267532	0.25159538	-0.18744017	-0.6076913	-0.29868558	0.5047591	-0.35718986	-0.42626783	0.7869701	0.4947161	-0.18105449	0.5024112	-0.11662198	0.73785967	-0.20516218	-0.2394955	-0.15880027	-0.18608709	-0.03020422	0.012298779	-0.0069286157	0.20225807	0.33807668	0.49937147	-0.24530046	-0.20845352	0.23047383	-0.5845903	0.44906688	-0.016787	0.48836058	-0.31355056	0.8983808	0.13815801	-0.48532608	-0.18259083	0.7500524	-1.0536349	-0.39134967	-0.4493949	0.39828476	0.42704493	-0.75911915	0.7716558	0.7167782	0.043544933	0.11304458	0.4665737	0.79908186	-0.1559874	0.88231194	-0.7696532	0.25606117	0.26193988	0.36470586	1.0188196	-0.2087122	-0.22686361	0.12266206	-0.07438481	-0.35747126	0.53823906	-0.04103719	0.24038824	0.07871892	-0.35493597	-0.038515355	-0.16628641	-0.5184225	0.61039275	0.42588088	0.81187737	-0.17812876	-0.025129361	0.73773396	-0.07690152	0.4368937	-0.30861926	-0.9767537	0.21001749	-0.13599579	-0.10209933	-0.061476227	-0.0018854646	-0.5874117	-0.61284894	0.119644135	0.21793482	0.27639982	-0.067883365	-0.25800967	-0.23355657	0.07243855	0.09267829	0.32196957	0.78833663	-0.9389788	-0.63084644	1.3680708	-0.12180198	-0.20787248	0.525896	0.99790525	0.07230305	-0.33609882	-0.37804902	0.23221834	0.1501978	0.10509379	-0.0053729075	0.09126685	0.5544487	1.1256874	-0.015791075	-0.25280917	-0.0036668628	0.12754272
0.47542465	-0.21062757	-0.13603044	0.30897027	-0.37171996	-0.47976023	-0.06899835	0.6341697	0.29979196	0.5834839	0.1258074	0.09103508	-0.032785807	-1.4247521	-0.055633377	-0.4264995	0.5146674	-0.008102822	-0.012277309	0.075479545	-0.4421049	0.31664714	-0.18707645	-0.036069635	0.2927297	0.116406314	0.45390022	-0.3320321	-0.052305415	0.6261068	0.52397	0.5251508	0.044276774	0.018644866	0.84399605	-0.7313947	-0.11678648	0.19245051	0.25544712	0.3219662	0.23379661	-0.11629412	-0.07811222	-0.15199916	0.28517538	-0.18073812	-0.32327324	0.16479911	-0.9083695	-0.98067224	0.12068645	-0.5718975	0.10533228	-0.7702279	-0.7077112	-0.17654358	0.093643695	1.0552139	-0.41963857	-0.20815003	-0.11807127	-0.23965235	-0.38938016	0.88313854	0.21766217	-0.08726331	0.6788133	-0.095497176	-0.38183215	0.4846408	0.23673037	-0.6608196	-0.53018403	-0.42008245	0.61373794	0.20807968	-0.17926124	0.02085462	-0.7262041	0.1790845	-0.27320096	0.23421001	0.39806235	0.23255593	0.18686993	0.05016103	-0.76663953	-0.18895084	-0.14232495	-0.29582003	-0.22073334	-0.13501993	0.17586273	-0.62898517	-0.23663768	-0.42359155	0.61988837	0.39796248	0.0057882676	-0.3612508	-0.32880422	-0.37640375	-0.65294576	0.19081122	-0.23634109	0.2750239	-0.080357224	-0.5098925	0.10152878	0.2173194	-0.19933924	-1.2496547	-0.121526085	0.44155973	0.6228391	-0.13360459	0.23752633	-0.62558615	-0.05185778	-0.2072536	0.33605933	0.45039573	0.7664952	0.16111454	1.0412773	-0.25999844	0.15895864	0.76866937	0.17519912	-0.71845573	-0.9856373	0.55798525	0.2672598	-0.21086004	0.13540497	0.34589508	0.6874033	0.10315177	0.8387469	0.056061205	0.20440385	-0.6907794	0.52429956	0.2442296	-0.3714231	0.028176352	-0.23647599	-0.5565217	0.40846437	0.04886901
-0.16158521	-0.74427617	0.75110716	-0.0113379005	-0.023394559	-0.7132211	-0.14731619	-0.09231795	-0.9102006	-0.106900506	0.15449737	0.09718523	-0.5654796	-0.36379287	0.5468323	-0.021825394	-1.1285454	-0.37940198	-0.24239667	-0.4272627	-0.3335053	0.31966496	0.4151648	-0.4954191	-0.14032753	0.6499114	0.44984585	-0.16413358	-0.56017256	0.15984383	-0.17927042	-0.6442905	-0.43796247	0.18282276	0.7184666	0.011166102	-0.81756586	-0.84295845	-0.07219685	0.09453688	-0.54080075	0.00024883772	0.37766233	0.1321931	0.45214075	0.075173184	-0.015497353	-0.0068171956	-0.11830744	-0.47543773	-0.1822697	-0.46368477	-0.62060934	0.4606183	-0.3430226	-0.03763789	0.9824861	1.4576879	-0.18879516	0.47125542	-0.1254125	-0.19345655	-0.5454341	-0.50789654	-0.6913123	0.40859127	0.002147458	0.2800824	0.07034437	0.76636267	0.015215736	-1.2496461	-0.8249777	0.5778776	-1.5382376	-0.12744805	0.1626578	1.0786326	0.017658599	-0.14900903	-0.6001251	0.40575176	0.68105745	0.38434115	0.09570752	-0.5759126	-0.13612452	-0.006111817	-0.2621372	0.3318935	0.23987287	-0.19278705	0.28558373	-0.49941376	0.36653954	0.5334967	-0.047595825	0.18261105	1.2660328	0.41205284	0.6149381	-0.043751948	-0.9202247	0.16892523	-0.57790154	0.48356718	-0.8040221	-0.46838117	0.46086696	0.7281543	0.076839656	-0.11843963	-0.5357318	-0.46507266	0.08984742	0.09376299	0.16535947	-0.7483359	-0.13852777	-0.33626512	-0.41673037	0.8568247	0.13264456	-0.56713986	0.5657172	-0.8029795	-0.57291424	0.9618001	0.34967896	0.4893529	-0.47345543	1.2983928	0.15514475	0.13254796	0.41350296	1.225871	0.30721477	-0.023457132	0.4595299	0.6856509	-0.2996325	0.47832203	-0.122816764	0.77564883	0.20575272	0.7139466	-0.43437567	0.085996844	-0.11779358	0.21866897
-0.5130679	-0.16984367	-0.022977745	-0.28187954	0.43642858	0.23795517	0.055311576	1.0716313	-0.19369501	0.3492566	-0.01773285	0.3223334	-0.82354224	0.025941407	0.13114347	-0.22256172	0.055296186	0.18834683	0.07892664	-0.05763068	0.6670411	1.5908434	-0.40965658	0.6816135	-0.038316395	1.0879557	-0.8968689	-0.17238362	0.34353504	0.07657947	0.2095994	0.115279764	-0.416756	-0.16387598	0.7782705	-0.265337	-0.20156889	-0.17214794	0.46594337	0.036508337	-0.1693668	0.17706224	-0.3971624	0.0030095803	-0.093131244	0.50114393	0.08998816	-0.050605454	0.74977773	-0.20546931	0.113641046	-0.06755519	-0.37951687	-0.3918422	0.027256845	0.9909434	-1.0401204	0.4218021	-0.13749579	1.188881	0.23374799	-0.65192246	-0.18922356	1.1352321	-0.8393587	0.45314986	-0.816612	-0.105458945	-0.058607265	-0.9655943	-0.5324528	0.17990518	0.2604125	-0.058184024	0.43094096	-0.33674508	-0.048965275	0.0068817628	0.39688918	0.6983365	-0.7389188	0.77345216	-0.10814116	0.36794046	-0.040411353	0.08528899	0.40502834	-0.25707912	-0.13343224	-0.8429744	-0.4390918	-0.13627756	-0.08530187	-0.6091034	-0.071908206	0.011028101	-0.12945469	-0.35427094	0.4182524	0.047680162	-0.008946187	0.76093185	-0.05838581	-0.7019839	-1.1466602	-0.03328607	0.34124106	-0.33907327	0.6917041	0.17514712	0.19728445	-0.120616145	-0.5630746	-0.5717497	-0.0032059138	0.0128215505	0.13521405	0.29320446	-0.67299765	0.611142	0.6296863	0.07611712	0.53718936	-0.3298778	-0.12742105	0.07658914	-0.74744105	0.044516526	0.050801534	0.39039597	-0.62356097	0.74948275	0.2866811	0.81412745	0.044444162	-0.03252905	0.6590692	-0.899482	-0.5549844	0.85657877	0.09161786	0.27567342	0.44289735	-0.45970777	0.3564329	0.82933545	0.022076702	0.7592875	0.39733633	-0.3900376
-0.1928533	0.017209202	0.93063885	0.42119524	0.17503293	0.63124776	-0.3613109	-0.41272572	-0.60941654	0.28249356	-0.025850888	-0.087883785	-0.6684334	0.6431235	-0.046632063	0.30512652	0.19536857	-0.77516353	-0.31862774	1.176172	-0.48660558	-0.37030113	0.54981136	0.73242575	0.44915512	0.4030095	-0.20262428	-0.16026211	-0.37981614	-0.29044342	0.26015493	-0.5051211	0.3939566	0.23851478	0.8900885	0.28736228	-0.35602048	-0.2687029	0.1681831	-0.13199009	-0.48159784	0.13724564	0.258354	0.29562062	-0.3977714	0.4087501	-0.14472665	-0.3361701	-0.44475567	0.33996066	0.04668456	-0.6002882	-0.91017723	0.09976628	-0.36593923	0.06163417	-0.080094084	0.37485248	0.71420485	-0.7187081	-0.23593369	0.42079586	0.19243988	-0.12083996	0.08356034	1.1937177	-0.042049803	0.47405797	-0.5124887	0.96534973	-1.1043321	-0.46672916	-0.18912241	0.4940041	0.3057724	-0.1043881	-0.14777528	0.4578863	-0.5021308	-0.65583146	0.82018286	0.5345376	-0.20522442	-0.17220314	0.2460813	-0.59510416	0.762484	0.054905705	0.011780251	-1.5510896	-0.5083382	-0.35178265	-0.07360878	0.22586986	0.3427648	0.030705139	-0.26972222	0.89089906	0.28427824	-1.3395925	-0.04744736	-0.113922335	0.27191213	0.018976042	-0.049094427	0.35267082	-0.08845673	-0.2511798	0.67339057	-0.5493763	0.016041549	0.3122302	-0.22370939	-0.23169199	-1.3621635	0.68997663	-0.51202893	0.029143915	0.68714535	-0.2810645	0.64478993	0.095894344	0.2510073	0.090575196	-0.2811842	-0.050309315	-0.0034460113	0.06618797	0.5306182	-0.4352396	-0.23732898	0.19852619	0.26588094	0.39761704	0.23285738	0.4368605	0.41535935	-0.35060334	-0.3232569	0.66828144	-0.0710079	0.11272385	-0.15574388	-0.35394612	-0.5923791	1.1494191	1.2599814	-0.3066475	-0.26050085	-0.18416265
-0.69259715	0.28588748	0.16367495	0.4380225	0.18445104	-0.17486015	-0.49147883	0.21743415	-0.5974726	1.137009	-0.0195842	-0.15577707	-0.27278584	0.24086203	-0.18964465	0.11216615	0.5662362	0.5717122	-0.04304471	-0.18144952	-0.049588293	1.6115996	-0.75083315	0.3743565	0.040691122	0.74456096	0.19231947	-0.59680647	-0.04341115	-0.34167847	0.023530517	0.39599812	-0.15744114	-0.035593793	0.5144376	-0.53011966	0.62175524	-0.103130475	0.3263554	1.069647	0.056672283	-0.1956512	-0.14884266	0.28385785	-0.66187793	-1.0813472	-0.12649903	-0.6241828	-1.0305187	-0.0076921536	-0.47059447	0.6396164	-0.08578268	-0.6687216	0.35044846	0.40893117	0.6882428	-0.25031438	0.23022243	0.7938781	-0.13576895	-0.89183336	-0.19440636	0.5489863	-0.41940486	0.51900303	0.07508287	0.22527735	-0.1330392	0.38406911	-0.4442708	-0.33922058	-0.1567752	0.3437008	-0.2904555	0.5467555	-0.26475012	-0.22245993	-0.32498026	-0.6110936	-0.44092435	0.06459579	0.46373582	0.42241427	-0.6129447	0.11912922	-0.49379164	0.2030317	-0.08219434	-0.28758982	-0.2449018	0.7961385	-0.09774839	0.18252955	0.1812898	-0.47934532	0.10002425	0.12147919	0.35588312	-0.72983533	0.045689505	0.4206022	-0.22754833	0.01620847	-0.54487187	-0.055879895	0.06185439	0.10563017	0.55641747	-0.034873437	0.021873603	0.6097528	-0.8931859	0.07400111	-0.40270093	0.2877492	-0.7508035	-0.080841936	-0.16100731	-0.7326217	0.63093865	0.043653186	0.06398845	-0.5005088	0.3930912	-0.4886873	0.48688152	0.07857928	-0.040937047	-0.5883823	0.516361	-0.037995584	-0.13588214	-0.1786978	0.52868444	0.48236877	0.48115045	0.2865164	0.16854486	0.079405725	0.40555394	0.13764554	1.2052541	-0.31206322	0.17606622	-0.58965224	-0.19267254	0.5358572	0.09942768	-0.29539007
-0.6167302	-0.18560492	-0.7288168	0.22482897	0.13326944	-0.023701182	0.46873164	-0.39060384	-0.11324638	-0.10154919	-0.71238565	-0.73451	-0.39207438	0.101189345	1.1417091	-0.67656004	-0.2895466	-0.46872047	0.5967154	0.17367585	0.73931247	-0.1415884	0.06000792	0.21302357	-0.25362268	0.3684275	0.20510724	1.2266653	0.17060639	0.027601829	-0.32524464	-0.1562994	-0.8780902	-0.0064328006	0.6355523	-0.43965164	0.11358844	-0.8043224	0.05221569	-0.16375308	0.08022853	1.4252392	0.22186773	0.29894194	-0.17953508	0.7171822	-0.8147602	0.014967917	-0.57671034	-0.597865	-0.46468568	0.41202366	-0.6453267	-0.6212067	0.37515846	0.63524485	-0.5126564	1.175138	0.23500137	0.23636532	-0.9071161	-0.074233785	0.6583108	0.971345	-0.45608166	-0.028703332	-0.064841725	-0.19821492	-0.12966064	-0.21398683	-0.19211689	0.24086107	0.15815309	0.1534097	0.23904581	-0.32825327	0.22032018	0.4842145	-0.36794555	-0.59319365	-0.48124415	0.2350577	-0.77081597	-0.05846402	0.04088766	-0.62421936	-0.52226627	-0.22072807	-0.47559297	-0.27099657	-0.97759944	0.052296743	0.43358183	0.2122206	0.0054838588	-0.93462676	0.4595849	-0.00823129	0.40539268	0.03391881	-0.34678614	-0.39984447	-1.0908076	0.4747682	-0.2942074	0.087975085	0.40589947	0.26861414	-0.25536028	0.23434822	0.43772808	-0.020760717	-0.5525323	0.6327626	-0.37524053	-0.39774126	0.71410996	-0.93384326	-0.5171156	-0.3484339	0.39117017	0.2092405	-0.5499731	-0.4637278	-0.40256432	-0.042787746	-0.36683205	-0.21461302	-0.23071219	-0.070041336	0.37348744	0.1110969	-0.08587983	0.052351486	0.28346264	0.8960677	-0.30209425	-0.19973888	-0.49338186	0.4368307	-0.31813392	-0.87078226	1.0853379	0.88151187	0.935969	-0.14113446	0.08749182	0.99260134	0.7536921	-0.76222503
-0.008937935	-0.024079321	-0.6106498	-0.51611644	0.6845383	0.11556134	0.027139496	-0.54349244	-0.8942323	0.60008526	0.01867349	0.10910279	0.42838514	0.042521898	0.064941496	-0.43331352	0.9815204	-0.058375645	0.064283654	-0.058673363	0.41660345	0.4990395	0.48706013	0.35603464	0.4556423	0.099360004	-0.72913015	-0.5973713	0.6847251	-0.020092525	-0.2927854	-0.3652238	-0.20572439	-0.9560724	0.14223672	0.41876537	0.86811554	-1.2709631	-0.98636514	-0.10246166	-0.1345454	0.23475721	-0.017458849	0.3856155	-0.55980486	0.38978907	0.34596926	-0.5113561	-0.35383642	0.37920454	0.78109884	-1.1294667	0.4189287	0.54654205	-0.31323802	-0.048153076	-0.16429849	-0.038764197	-0.0001549205	0.08221111	-0.31501764	0.31434923	-0.43426484	0.2794713	-0.7566461	-0.2682443	0.667632	0.85550225	-0.2476114	0.30380207	-0.24896581	-0.08404327	-0.09074708	0.21231185	-0.52852356	0.0708368	1.2804531	0.00011000602	0.12773122	-0.21198925	-0.39913717	-0.7318947	0.53405786	1.2457734	-0.54697925	-0.31484926	0.22474997	0.22888021	0.40953186	-0.13515775	-0.62729067	-0.21285279	0.057724	-0.21789184	0.06462514	0.0661523	0.10637066	0.15319473	0.20318012	0.022408454	1.2121284	0.29420954	-0.44357482	0.40460745	-0.25988948	0.5482745	-0.5716055	-0.35525444	0.8650968	-0.07166427	-0.827907	0.21477053	-0.5819042	-0.047800314	-0.6743457	-0.17150205	0.7525905	0.45416853	-0.10058131	0.48517048	-0.48778045	0.26960325	-1.1655514	-0.9651401	-0.4797206	-0.06799636	-0.31927806	0.5005384	-0.19282883	-0.20831479	-0.11213628	-0.11030125	0.6664623	0.6377658	-0.36099583	0.3984014	-0.21812163	0.26035175	-1.008912	0.43610033	0.48124555	-0.57667905	0.16535184	0.20300248	-0.35028794	-0.30285263	-0.42479375	0.549041	-0.13898438	0.19303496
0.044898696	-0.0013554279	0.6196378	-0.4302887	0.26051098	-0.4514718	-0.37315497	0.09530375	-0.054445658	-0.4904196	-0.06320423	0.09850688	-0.029502142	-0.65747154	0.05575357	-0.37630203	-0.4526469	0.080242716	-0.06639618	0.17538352	-0.24709147	0.25598896	-0.18755123	0.28249952	0.66697216	0.3652713	-0.13630246	0.10949879	-0.19417204	-0.028809238	0.20045656	-0.66226846	0.18270525	0.37667513	0.33932966	-1.207408	-0.17883314	-0.6587062	0.021320624	0.43989876	-0.5057426	0.01399356	0.8985384	0.47243097	0.1256521	-0.38045684	-0.5573698	0.0829208	-0.014701756	-0.45318362	-0.25226796	-0.11242482	0.8326315	0.9596014	0.12916902	-0.19404233	0.016285902	1.0573068	-0.13291559	-0.3543812	-0.54778236	0.90240383	-0.008925401	-0.56227636	-0.930129	-1.1527996	0.101784006	-0.12448379	0.2918434	0.19476421	-0.904977	-1.2143694	0.105286315	0.008567166	-0.2535531	0.36594352	-0.043516386	0.22423919	0.35206717	-0.5556813	0.4190013	1.3062208	0.33459216	0.49039093	0.2036818	-0.962082	0.22443624	0.06641605	0.5573804	-0.8363568	-0.76937854	-0.55577016	-0.8559039	-0.5605329	0.70152706	-0.9486075	-0.48772553	0.35458884	1.0605128	-0.7509662	-0.868144	-0.22154574	-0.034475226	-1.072989	0.21811834	-0.41763216	-0.6519238	-0.2202472	-0.036793794	0.041315917	0.0055172807	-0.16102988	-0.10331632	0.47944558	0.13957518	-0.4700475	-0.58979553	0.32477915	-0.23718248	-0.05814017	-0.3225121	0.89838207	0.41370338	0.11997205	-0.20143849	-0.38494223	-0.15156686	0.44146526	-0.10092294	-0.04822189	-0.3980681	-0.13052109	0.30593586	-0.34947115	0.10828801	0.62986887	0.03243725	-0.25694177	-0.002783083	0.10418828	-0.6415397	-0.1232106	-0.5991715	0.5821289	-0.11558867	-0.0021537428	0.27938047	0.04378519	0.9275917	-0.3046085
0.24696259	1.0166222	0.34075978	-0.3661972	0.20638546	0.20981349	0.55677015	0.0073607033	-0.7071219	0.2744416	-0.59145594	0.19887224	0.10235242	-0.15078226	-0.06696002	0.042432483	-0.3662019	-0.51448697	-0.06333084	-0.2179584	-0.45464078	0.04664297	0.5897148	0.8496217	0.7729005	0.5497594	-0.6582263	0.11408228	0.64474	0.7166457	0.49734187	0.13946949	0.13010399	-0.8989926	0.25232124	-0.42641902	0.6044251	-0.02818832	0.08350593	1.1848757	-0.4291858	0.36150143	-0.20081446	-0.13582325	-0.41039905	-0.47342297	0.37640178	-0.16262689	-0.79070425	-0.013512643	-0.41353562	-0.10567907	-0.50274676	0.41399467	0.14522526	0.08359692	0.551923	0.3012213	0.2509354	-0.12012552	0.06767324	0.23310974	-0.5786767	-0.06112801	-0.68603015	-0.12388635	0.44044158	-0.45244345	-0.36991447	0.21085133	-0.5462791	-0.07414804	-0.8986135	0.5108195	0.11403312	-0.49485	0.17938876	-0.34953597	0.18327557	0.3232754	0.25276476	0.05557559	-0.2842514	0.024596611	0.38971442	-0.6944867	-0.6946258	0.09574085	-0.41206083	-0.6869207	-0.19970289	-0.4154007	0.39701346	-0.5090411	-0.57032543	0.24765491	-0.17907235	-0.20979322	1.1904964	-0.09351759	0.16646218	-0.6345211	0.09639228	-0.34887406	-0.30485678	0.62133986	0.27282953	0.10670412	-0.37822628	0.1347185	-0.124710776	-0.17836222	-0.24037978	0.46721366	-0.27022347	0.27756068	-0.27190694	-0.32556775	-0.45270154	0.2300111	-0.50608	-0.15128078	-0.4144719	-0.26427397	1.0810348	0.068099484	0.015649525	0.5173314	-0.1100102	0.100502156	0.19754715	0.09692046	0.072048336	0.10234764	-0.57186925	0.46685562	0.3155595	-0.9338132	0.64477146	-0.3705445	0.10704762	0.49183893	-0.012106547	-0.3284325	0.039981753	-0.0076392116	-0.5461799	-0.25112152	-0.25203866	-0.4862684
-0.080961294	-0.711749	-0.1086576	0.8680917	0.99175256	-0.4864966	-0.106018454	-0.4596099	0.20320542	0.30606514	-0.12761503	0.27699518	0.93561906	-0.09379851	0.30470937	-0.54850906	-0.093473166	-0.14071175	-0.7219654	-0.6216928	0.33377603	-0.12870352	-0.14278196	0.7888993	-0.13144082	0.43105188	-0.3018273	0.48656985	0.40852612	-0.049306042	-0.30811644	0.14397381	0.5085159	0.9497934	0.12691571	-0.027158016	-0.11713905	-0.672798	-0.06105216	-0.3676529	0.17582926	-0.3612606	-0.20023261	-0.021312922	0.25813457	0.47352365	-0.97401965	-0.17299262	-0.1204613	-0.54585654	0.37498373	0.44639465	0.037345722	0.16218738	0.16055362	0.038599458	0.76140374	0.61025745	0.41832656	-0.037430003	-0.53276265	0.2650123	-1.0235159	0.24320498	-0.55576557	-0.20766202	0.40785977	0.073922664	-0.16080545	0.11341748	0.07942995	-0.16057119	-0.7567974	-0.08722104	0.56959873	-0.53592896	0.960661	0.012852876	-0.41956717	-0.5675726	0.30914342	0.2609233	0.3657339	0.8048458	-0.673104	-0.59891707	0.10534394	-0.6192459	0.34817928	-0.78655356	-0.59978	-0.09137848	-0.85769665	-0.015158977	0.7921807	-0.25038335	-0.47182894	0.06541014	0.20365669	0.11815827	0.19952287	-0.6885232	0.33330384	0.016118167	-0.85917366	0.18077995	0.25970116	0.34530234	0.66706175	0.7215381	0.18539076	0.17540233	-0.64845157	0.40996778	-0.0012335661	-0.05085156	-0.39734444	-0.20874643	0.48181656	-0.006012782	0.35585478	0.64956427	-0.031009724	-0.1646147	-0.42863867	-0.34894624	0.21712671	-0.591058	0.4320628	-0.8693332	-0.43241683	1.1697636	-0.21642902	0.04118796	0.80183643	-0.42613554	0.0148681905	0.08609493	-0.6156173	0.7700581	0.8587323	0.36840788	0.074074306	1.1131421	0.06534737	-0.28466022	0.23544098	-0.29816604	0.005464178	-0.6871123
0.91843903	-1.0741	0.3409814	-0.06436185	-0.35091126	0.24490036	0.7809194	0.29918963	-0.12326012	-0.066672884	0.028737761	0.025482297	-0.15277213	-0.47054398	-0.36551687	0.47750792	0.23632611	0.2182839	0.38493404	1.0314548	0.08642125	0.3384799	-0.640069	0.38328698	0.1413917	1.4800723	-0.5306102	-0.37968972	-0.30370027	0.1282313	-0.4264899	-0.22261567	-0.24554683	0.34982628	-0.121178	-0.24453634	-0.54923123	-0.09447077	0.044399217	-0.46861875	-0.5798448	0.41842872	0.31772423	-0.23686768	-0.19641854	1.2045839	-0.4690759	0.28629315	-0.35474563	-0.23897988	-0.2218685	-0.15663041	-0.23859908	0.031350195	0.93458027	-0.33360726	0.7224254	-0.044947226	-0.6796577	-1.4178187	-0.089308016	-1.0024483	-1.167573	0.7579043	-0.07557694	-0.06247786	0.86486983	-0.26256335	-0.13789143	0.6546328	0.36557347	-0.004103578	-0.89982915	-0.103189595	-0.47992024	-0.18239796	0.03811313	0.55948126	0.69497615	0.30466312	0.38197786	0.43946022	0.04024404	-0.11402445	0.22530194	0.26380086	0.4924282	-0.16206579	0.14118539	-0.37454283	-0.78397316	-0.25248468	-0.18105642	0.8391734	0.24849172	-0.65594596	-0.5946895	0.84421325	-0.3287865	-0.5849212	0.45718923	-0.27406487	-0.38583216	0.8053251	-0.22867419	-0.37973344	-0.66349864	0.132433	-0.36359796	0.52518046	0.23497893	0.3166751	-1.1081303	0.33147502	-0.06352391	-0.4838855	0.08680546	0.07167525	-0.033356387	-0.18325938	1.07585	0.42884555	0.109123394	-0.009396566	-0.06776061	-0.15020417	0.44466978	-0.3127486	-0.24414293	-0.9672852	-0.46523085	-0.026688054	0.44775346	-0.019444935	0.25070137	0.07499812	0.01621159	-0.014779881	-0.22476092	0.21722658	0.8269894	-0.18963827	0.55791765	0.49631357	-0.21492428	-0.6769533	0.18352662	0.42576548	-0.36148018	-0.30357522
0.8067421	-0.06623407	-0.28783593	0.39582694	1.5793846	0.9768533	-0.057943046	0.23224114	-0.3274535	0.88487446	-0.18602535	-0.2959958	0.78556865	-0.5300661	0.49732125	-0.107996196	0.20274831	-0.55883026	-0.41434643	0.1751281	0.18984552	0.11515186	-0.38463706	-0.04019674	0.775627	0.5272525	0.2690941	-1.2503184	-0.37474427	-0.5301168	-0.6893384	-0.082846515	0.96007997	-0.64170843	0.014699946	0.6668933	0.5804417	-0.5736874	0.31963643	-0.4817623	0.17780691	0.40152597	-0.28925392	-0.4315389	-0.1814714	-0.6477323	0.13282439	-0.40010154	-0.34220794	0.47452292	-0.29843348	-0.011283957	-0.33126977	-0.29600206	-0.12864332	0.87740225	0.5804243	-0.1162464	-0.3711064	0.98574907	-0.37862262	0.41732144	0.10464302	0.2692698	-0.60854024	-0.24686001	0.15723673	-0.3321248	0.61178726	1.1519775	-0.6709469	-0.72554475	0.34023806	0.54633707	0.3358632	0.6669512	-0.37643838	-0.88245296	0.21446761	-0.116311505	-0.57353866	0.32424974	0.050692018	0.89403343	-0.19169797	0.21644054	-0.101409346	0.16988592	-0.22924879	-1.2281048	0.19558579	0.3950235	-0.46346793	-0.6457848	0.9139813	-0.94164616	1.035751	0.04523648	0.11594954	-0.32948285	0.90857303	0.19751818	-0.44605917	-0.4297377	1.0544013	0.31747088	-0.5694446	-0.19126476	0.31267273	0.37597725	-0.8162307	0.16432738	-0.060791235	0.0934321	-0.41819057	-0.27063268	-0.21067114	-1.2926112	-0.68469983	0.45834994	0.12539533	-0.9648429	0.33598638	-0.6070321	0.46831602	-0.97240436	-0.3933494	-0.74240786	0.14997841	-0.16057591	-0.67104656	0.24652739	-0.33389732	0.16887064	-0.39734492	0.4734358	-0.5158323	-0.91242725	-0.3207077	0.067270465	-0.13514084	0.31444663	0.059451833	-0.12504663	-0.070723474	0.34592593	-0.3042805	-0.6056728	-0.20072667	0.6085682
-0.14670704	-0.39925396	0.60845196	0.4670907	-0.4046974	-0.05425196	0.13673435	0.68319505	-0.4476706	0.08470079	-0.30757755	0.3626094	0.10243192	0.024066186	0.028862037	0.6941919	0.19367036	-0.66663575	-0.28493822	-0.8091473	-0.06770115	-0.3022566	-0.69535637	0.24774396	0.05203692	-0.08313281	-0.31456414	-0.19598895	0.5784838	-0.56850725	0.15456979	0.2518172	-0.3733942	0.036083017	0.6207113	0.08846823	0.32188725	-1.2278831	0.8038403	0.3015357	-0.2673936	0.35014573	0.074691646	-0.50143844	-0.6931738	0.22535038	-0.7334484	0.43697593	-0.09069254	-0.042816535	0.2506191	-0.4121425	0.1511238	-0.44576418	-0.074986346	-0.27224743	-0.25352672	-0.40760934	0.4838913	0.098508425	-0.9600746	0.0123975575	0.2350194	0.6869554	-0.4971466	0.051411785	0.110719204	0.31951284	0.22465672	0.066221245	0.29242438	0.4198359	-0.56984067	-0.11709152	0.33816284	-0.017252795	0.23556592	0.07689781	-0.40765208	-0.03617775	0.3898493	0.42031896	0.9076329	0.27647963	0.27415496	-0.55471134	-0.20454066	-0.25836542	0.45271873	-0.31639332	-0.08763596	0.2951877	-0.034653578	-0.07279358	-0.10900438	-0.058906868	-0.084303826	0.22285138	0.53622353	-0.68934005	0.29779297	-0.03597297	0.21712266	0.5633341	0.14240736	0.34940943	0.08976816	0.27361003	-0.96522444	0.6154144	0.014510429	0.39760327	-1.0039045	-0.341637	-0.051190097	-0.18413258	-0.16132925	-0.06445686	-0.08514512	-0.306943	-0.11111767	-0.6253828	-0.24186113	0.31176972	-0.13474186	-0.28893393	-0.5782605	0.18972495	0.19952457	-0.48366275	-0.6096977	0.7699316	-0.08227534	0.22975864	-0.5254561	0.438431	0.14015485	-0.60690635	0.115045466	0.23267694	0.11047334	0.7771807	0.2910712	0.64815414	0.23090942	-0.13154833	-0.27629748	-0.3513036	-0.07650447	-0.49780834
0.10385352	-0.10212637	0.57805693	-1.5616683	0.9183268	-0.8146587	-0.18565543	-0.28862295	-2.0781066	0.5635899	-0.48002216	0.115185745	0.069406465	-0.31508026	-0.26175115	0.72966313	0.4181763	0.1353228	0.17348282	0.7384348	-0.29679778	1.7520572	0.3047502	0.15877996	0.13724475	0.08644065	0.32701847	0.58543414	-0.7111528	-0.5306347	0.78408575	-0.04454057	0.52430534	-0.23431005	-0.29659277	-0.24652058	0.10672937	-0.6510737	-0.2533301	-0.2537099	-0.56587714	0.6101962	0.68367493	-0.2809518	-1.109807	-0.39812276	0.40216044	-0.06877149	-0.47739106	-0.5416489	-0.10574548	-0.085271165	-0.7053054	-0.36087117	-0.15853743	0.08914304	-0.25025597	0.13823864	-0.2534976	-0.10901903	-0.30586773	0.3364109	-0.6507121	-0.34396732	0.19954845	-0.8173348	-0.91435546	-0.17742531	0.3853452	0.611835	-1.3526266	0.06592812	-0.8726593	0.37495515	-0.15392575	-0.98182654	0.28860506	0.6365165	-0.019696437	-0.8019554	0.30412778	0.31447288	0.23537138	0.1495612	0.41745275	0.43680477	-0.58406264	0.200399	0.0796013	1.3860253	-0.31297716	-0.6361582	0.43105486	-1.2937893	0.350314	-1.1197056	-0.145958	0.15780434	-0.38905188	-0.91496015	0.33922675	0.38596258	1.6318347	0.22723399	0.2637813	0.1768056	-0.63054526	-0.10602017	-0.67688656	0.92965597	-0.003706433	0.42742896	0.047194775	0.6355043	0.860271	0.33824146	0.11043674	-0.038501956	-0.16230671	-0.95586556	0.29439503	0.17097828	0.27105415	-0.1921274	0.4695079	-0.25715527	-0.6948133	0.30193913	0.12335215	-0.37398034	-0.19763348	-0.60113233	-0.46227205	-0.23929588	0.3639463	0.13529134	0.19750397	-0.49785078	0.08654791	0.559036	0.5672076	0.2534513	0.4322462	0.7008806	1.2018908	-0.01515735	1.8031412	-0.34771532	0.076140724	-0.876453
0.61284447	-0.03556699	0.2674665	0.73457366	0.3467047	0.3282589	-0.7460089	0.29133052	0.42527196	-0.14387244	-0.23852342	0.15692268	0.6923909	0.03441944	-0.20369911	-0.21092787	-0.35365367	-0.23983808	-0.5077264	-0.26113126	-0.7653996	0.22643535	-0.25839287	-0.12505063	0.9126126	-0.4526044	-0.34381664	-0.025774818	-0.14527638	0.4068593	-0.06144277	0.5641379	-0.7445859	-0.59857213	-0.25058028	-0.21798453	-0.6900718	-0.5799128	-0.026396746	0.60888356	-0.3040161	0.7031879	0.23112527	-0.24077775	-0.61246324	0.41117236	-0.10817608	-0.084200256	-0.4853464	-0.34614283	0.5591637	-0.32341972	-0.023383616	0.16921723	0.41268918	-0.44283575	0.94408447	0.116298385	-0.72796184	-0.73815095	-0.7012901	0.25167298	0.37115797	0.47545108	-0.7729267	-0.32235396	0.2794758	-0.33529028	-0.1646133	0.35469753	0.57644594	0.092915356	-0.29034084	-0.13952331	-0.15447824	-0.70771056	0.38004097	0.4808892	-0.02327884	-0.4006868	-0.2992381	0.22609617	0.20148529	0.02438573	0.8128253	-0.28749683	0.11153912	0.6350697	0.21401191	-0.31947353	0.024047567	0.11709634	0.5536295	-0.54047084	-0.40317032	0.11677648	-0.006074763	0.32659042	0.40982902	-0.9207664	-0.05776946	-0.78973645	-0.058399126	0.47561595	-0.6777538	0.5581258	-0.31104898	0.7646153	-0.05475042	0.119082004	-0.0634937	0.1985281	-0.6994728	-0.6776645	0.035506334	-0.55883193	0.7990377	0.107269205	-0.1789777	-0.23743969	0.3777081	0.12920098	0.36293185	-0.8111789	-0.79981554	-0.52877927	-0.29153457	-0.5211928	-0.2725839	-0.2174471	0.23321383	0.334463	0.70288306	0.11537703	0.12969334	0.51526594	0.2551882	-0.062947616	0.48192132	0.006393236	0.03723658	-0.103848	-0.3623787	0.6208011	-0.12652889	0.81771314	0.27941042	-0.32760772	0.12497077	0.2548722
-0.5370796	0.42586797	0.5316735	0.54273075	-0.3418241	-0.04646756	0.8728732	0.0690014	0.3984044	-0.30296573	-0.016330428	-0.42407432	-0.3532634	-0.3510262	0.31529737	0.08654253	0.81733716	-0.5886695	-0.27917585	-0.9760005	-0.22562684	0.40886527	-0.02849069	1.112885	-0.22535096	-0.25299093	0.08329734	-0.36713496	0.14916354	0.30052423	-0.030056547	-0.004627182	0.0006375127	-0.27476206	0.5274117	0.5718584	0.66097724	-1.0440522	-0.3504824	0.054583948	0.042451598	-0.18076478	0.35493922	-0.31479245	0.5041926	0.39238206	0.31928006	-0.045200005	-0.80028033	-0.04338749	0.43561342	-0.4746633	-0.058004703	-0.26293203	0.0153018925	-0.24344514	-0.41950348	-0.022820806	0.9198352	0.019879246	-0.49046713	-0.47975588	0.17458302	0.4939128	-0.4029177	-0.79164904	0.6674228	-0.9715136	0.44304398	0.31531918	-0.2994612	0.41266048	-0.3612125	0.26259375	-0.26776555	-0.05877659	0.83109725	0.22441632	-0.3363116	-0.048980847	-0.08533102	-0.99770504	-0.20778477	-0.6002123	0.52834344	-0.095752314	-0.6055745	-0.48703244	-0.25937325	-0.4787265	-0.059480432	0.04781963	0.03374635	-0.6243292	0.29429376	-0.089258544	-0.3443036	0.17200099	-0.26474383	-0.6144898	0.69693893	0.039676555	-0.16645966	-0.49092856	0.16896349	-0.2369868	-0.6611299	0.5293982	0.6253406	-0.40708357	0.94198704	-0.32851428	-0.56330943	0.3930765	0.3263439	-1.2384259	-0.01220242	0.36223513	-0.6803916	-0.07061784	0.21586372	0.27570286	0.13199992	0.59291744	-0.28019148	-0.9697743	-0.31515032	-0.027652819	0.1157531	-0.30804864	-0.6534414	-0.70233214	1.1718571	0.27100077	-0.44788998	0.52410597	-0.0392162	0.21901383	-0.48049316	-0.38984275	-0.01636078	-0.68033975	-0.036435273	-0.005170996	0.4061438	1.2437947	0.79240096	-0.12146815	-0.23490997	-0.1672847
-0.030747972	-0.13117105	0.20582269	-0.46896636	-0.59539133	0.15476832	-0.85939157	0.032030705	0.28873587	0.47464377	-0.4491021	0.19056174	0.07895226	-0.11760724	-0.059314754	0.5443691	0.17434688	-0.67591035	0.04973711	-0.58970255	-0.6275843	0.42741045	0.16762978	0.5745991	0.695891	0.2007214	-0.6624693	-0.0071004773	0.50863606	-0.5360205	0.40438306	-0.56829417	0.29516953	0.45328984	-0.20958897	0.28799573	-0.005182617	-0.3967817	-0.98294014	0.027640903	0.10054629	0.49876964	0.6058874	0.12695432	-0.72177976	0.75004196	0.1683727	-0.56582284	-0.3185747	-0.47978964	-0.16837884	-0.68049294	0.5218596	1.1615177	-0.47769305	0.78455794	-0.37849686	0.20496641	0.25656292	0.021786805	-0.82613665	-0.039380632	-0.13499567	0.60286653	-0.06854425	0.020148834	0.17148103	0.33144963	-0.06953907	-0.073869154	0.3089478	-0.4231681	0.1588311	0.10276502	-0.42657548	-0.40059903	-0.44502646	0.083337665	-0.40226915	-0.65102744	0.4111512	0.61174023	-0.6272691	0.3051379	-0.23404266	-0.6918114	-0.5301458	-0.533873	0.35240775	-0.40745535	0.14880303	0.14606158	0.23585398	-1.3735553	0.40137413	-0.18615934	-0.6387002	0.3475601	0.41001964	-0.12681206	-0.18732913	0.35838485	-0.19955854	-0.04625495	0.43999895	-0.47855225	0.4072934	-0.015704112	-0.6350508	-0.15527861	0.4813163	-0.823298	0.13290323	0.017403504	-0.93055636	0.553285	-0.041365616	-0.10826599	-0.30162135	-0.043384627	-0.62098294	0.30303773	0.5987125	-0.27537644	0.0012327513	0.2228492	-0.52221036	0.057666663	-0.25616804	-0.20411284	0.25399995	0.541127	-0.07990475	-0.11433878	-0.3647929	0.1788943	0.62472636	-0.78192854	0.55689543	0.2087998	0.14489096	0.22102617	0.07102251	0.35426375	-0.5906113	0.43983942	0.30997807	-0.1099815	0.27976412	0.21360622
0.4337224	-0.63389003	0.0044760588	0.5355605	0.16867582	-0.29488033	-0.05364966	0.022624195	-0.06281826	1.1253982	0.7176335	0.66812205	0.24639222	-0.62799656	-0.07795918	-0.5704633	0.33477604	-0.69044423	0.5302512	0.89388967	-0.35753027	0.5510165	-0.14039612	0.78966755	0.5328538	0.29322797	0.0140072275	-0.3701782	-0.187133	-0.10655587	0.29600358	-0.73820823	-1.1409415	-0.17738073	-0.11443691	0.26478133	-0.0072033326	0.41315615	0.16688171	0.3365173	0.08623142	-0.35539618	0.048063617	0.029027985	0.08220851	-0.6749087	0.20950358	-0.051823396	-0.33602932	0.1496874	0.03791582	-0.1547631	0.2278726	-0.45263347	0.66456467	0.24530411	0.4717714	0.52809757	-0.37045896	-0.11758463	-0.6541158	-0.50610894	-0.3139553	0.02424192	-0.16974303	0.5298452	0.63192344	-0.051511176	-0.7225187	-0.31160274	-0.52916265	-0.19834249	-0.22780183	-1.1198748	0.3280706	0.30801883	0.884097	-0.23061162	1.1511819	0.1455752	-0.07119708	0.17684796	-0.100076385	-0.6059396	0.8811512	-0.42402256	-0.062455256	-0.24148294	0.2452603	-0.1355947	-0.26612055	1.1835802	-0.27954206	-1.2801043	0.34452164	-0.90062726	-0.5231217	0.1296671	0.14178865	-0.8944413	-0.027986143	-0.5935403	0.36516482	0.22634451	0.08738813	0.2185376	-0.30211672	-0.4890541	0.3655116	0.04715734	0.36386746	-0.27446663	-0.054056134	0.31162986	0.3714998	-0.48969874	0.1872657	-0.14124843	-0.9707177	0.038379487	0.17888114	0.31678262	0.033985242	-0.8422492	0.50118625	-0.07937465	-0.96785396	-0.19138637	-0.07018994	-0.62280494	-0.21263066	0.6339702	0.37365952	0.11538094	-0.23676401	-0.2562756	-0.43045312	-0.30892032	-0.15252487	-0.053760458	0.19198774	-0.5476278	-0.1409824	0.31564417	-0.14768088	1.0856732	-0.22892821	0.2913852	-0.4955056	0.6827863
0.16994987	-0.25550213	0.4248069	-0.09408795	0.21172416	0.30132845	-0.09981619	-1.0815886	0.081294835	0.7282644	0.42754874	-0.8223352	1.1245869	-0.7310754	0.12974857	0.7160333	-0.27118582	-0.6092453	0.40196082	0.0028013852	-1.043046	-0.10593175	-0.13401371	0.14157915	0.26672167	0.15763222	0.40403306	0.78711313	-0.35525334	0.7080352	-0.15195656	-0.2822269	-0.3008149	0.101258144	0.37737855	0.39851484	-0.068649806	-0.42446235	0.00754195	0.4923259	-1.275838	-0.6214351	-0.50284815	-0.6421893	-0.32060558	0.33595526	-0.46428448	-1.0877858	0.40678376	-0.32197422	0.347247	-0.7026086	0.10757719	0.69826734	0.0029868945	0.15126754	-0.49944028	0.18238147	0.16081862	0.41292614	-0.23874982	-0.17154206	0.074704766	-0.14586295	-0.012976053	0.16466022	0.8887233	0.59802675	0.7823	0.89652675	-0.49834326	-0.37000924	-1.5775337	-0.058692068	0.10118878	-0.1370355	0.18585046	0.08318259	-0.9004518	-0.42244735	-0.7519501	-0.78430575	0.52858394	-0.039417353	0.4724357	-0.6476734	-0.2565338	0.08639231	-0.5590794	-1.548068	-0.64149195	0.22320971	-0.278471	0.24529868	0.7821406	-0.9100768	0.019082086	0.08873863	0.3919813	-0.09970179	0.5988919	-0.33189243	-0.3848899	0.24594522	0.20449847	-0.29022324	-0.55812854	0.31789318	0.8633296	0.436697	0.0029068345	-0.26680002	-0.3121686	0.41819316	0.5689546	-0.15260996	-0.2669289	-0.13899785	-1.2786005	-0.19155538	-0.04589125	-0.8429324	0.247134	0.13846639	0.09108026	-0.44647244	-0.13396336	0.33018675	-0.29515678	-0.4134011	0.06559144	0.24716224	-0.15641329	0.6339328	0.22119741	0.22952072	0.15539388	-0.55825305	0.57957816	-0.39227822	0.8416009	-0.02231127	-0.09382006	0.065559685	-1.0215428	-0.09268038	-0.07750103	0.041238222	0.6202933	-0.382974
0.0044021485	-0.07701199	0.62346494	0.0674042	0.4292138	-0.6332054	-0.07651924	0.93065417	-0.5101923	-0.1526735	0.11359863	0.75273526	0.22371842	0.17801866	0.2429092	-0.0021385388	0.4470813	0.19177648	-0.022327114	0.8958334	0.6521616	0.7988606	-1.1987057	0.11162461	0.21529792	-0.22069271	-0.35597488	-0.100165024	-0.16047709	-0.26318738	0.22992949	0.22131883	-0.5357466	0.27616665	-0.33811513	-0.03883871	-0.54996544	0.09568699	0.17437372	0.3305169	-0.17165463	0.23941347	0.42638987	0.08197547	-0.48011586	-0.18879968	0.035802793	0.55598855	-0.4215643	-0.42796013	0.6424497	-0.43585652	-1.0269527	0.47142336	-0.25083223	0.04566781	-0.07923838	0.3854698	0.5095593	0.2244974	-0.8528309	-0.33927122	0.5283731	-0.30433196	-0.5987974	-0.55629766	0.1574108	0.11337078	-0.020169113	0.58822984	0.4936107	0.24107808	-0.5929723	0.018522572	0.011576668	-0.64460325	-0.20958145	0.14094236	0.14879343	-0.3887081	0.31043315	0.32446957	0.48877382	0.52370495	0.54931027	0.5302023	0.39138758	-0.33048975	-0.42911452	-0.682902	-0.6413566	0.030228246	0.32289198	-0.854699	0.58526796	-0.057510883	0.09747471	0.06816424	0.240287	-0.7836973	-0.39240044	0.30117086	-0.179831	-0.5221917	-0.9630263	0.6319305	0.31709388	0.52132183	0.29851925	-0.07884071	0.86117786	0.26903665	0.2480326	0.22076605	-0.68514085	-0.024242874	-0.5090582	0.24332161	-0.15874255	-0.2817475	1.0067251	0.16306931	0.2939355	0.21107051	0.28488758	-1.0878967	0.2705193	0.58586997	0.4403907	-0.5926971	0.36698452	0.27773023	0.44856876	-0.1833415	0.22676963	-0.061046883	0.31478623	0.15252995	0.48209938	-0.016982196	-0.25875428	-0.00029913872	0.31132987	0.5352458	0.053002518	0.56243026	-0.4020958	0.36877966	0.19141087	0.4647887
0.10027324	-0.40940216	0.2771855	-0.8156986	-0.5113884	-0.19842497	-0.22687264	0.095592774	0.041823257	0.9463453	0.03598927	-0.099768	0.46235645	0.44450125	-0.5040836	0.26716655	-1.3039218	0.395059	0.44466156	0.1794615	0.59945065	0.08256994	-0.67680335	0.23774144	0.5101447	0.7024429	-0.18416804	0.06404405	-0.2820008	-0.069901295	0.23970328	-0.27659643	-0.4750757	-0.20738085	-1.1469371	0.17948128	-0.26118076	0.19782105	-0.12241273	0.52106935	0.3080696	-0.24346629	0.08933647	-0.40223366	-0.72457904	0.8220575	-0.43011472	0.24237198	0.2121937	-0.13776338	0.561629	-0.40818053	0.13606876	0.22668627	0.24653701	0.59513074	-0.031221077	0.2058404	-0.42954493	0.1398627	-0.016609782	0.756159	-0.6453125	0.47326207	-0.2247477	0.7330915	0.51885253	-0.50539696	-0.5809585	0.23366392	0.31020606	0.024214018	-0.37241286	0.22825967	0.02241017	-0.51511943	0.32522672	0.35892165	-0.84151715	-0.14363256	0.28153247	0.023459686	0.33441094	0.8426932	0.28360292	-0.20266372	-0.7257894	-0.24057886	-0.22227061	0.037480686	-0.6209094	-0.07291365	0.74706143	-0.2262868	-0.24412334	-0.40044332	-0.2981777	0.47616032	-0.12570718	-0.04222136	0.5979586	-0.25464994	-0.42342135	-0.096008345	-0.71179855	-0.13573767	-0.21665555	-0.47223845	-0.08756882	0.62116265	-0.24950175	-0.5225019	0.096211016	-0.4833968	0.46331012	-0.13799798	-0.06402753	-0.5721767	-0.9444394	-0.58276975	-0.0343789	0.76721215	0.6059431	0.45354253	-0.76676136	-1.1472244	-0.52156407	0.43559438	0.2302104	-0.33889955	0.44426358	-0.1649162	0.33847797	0.26385492	0.08389948	-0.13219932	-0.063049935	-0.43402117	0.41100383	0.1013461	0.5590048	0.16443536	0.17832011	0.26346722	0.018800756	1.074691	-0.09495306	-0.10545152	-0.12947826	-0.34570143
-0.9558801	-0.32485738	-0.056969825	-0.40194118	-0.2891807	0.7779592	0.3491514	0.46158084	0.07158558	-0.51924044	0.023725208	-0.21964838	-0.51336455	0.6090642	-1.0855318	0.1998468	0.19055416	0.37326956	-0.18784074	-0.67397517	0.55109316	0.09477436	-0.08138807	0.28029454	0.17836429	0.90554214	-0.20846763	0.22403815	-0.6199558	0.3177326	0.2980391	-0.5230212	-0.944933	0.06617915	0.14729175	-0.31524575	0.02832359	-0.84105235	0.0974179	-0.6512654	0.4850478	0.011984361	0.38236693	-0.3570221	-0.02482422	-0.08410239	0.009218743	-0.28233254	-0.60001934	0.14974524	0.6362411	-0.44257724	-0.47443357	0.17799829	0.1488672	0.27328756	-0.04875031	0.6874684	0.38679403	-0.2252895	0.05836158	0.63281816	-0.1586755	0.19231308	0.15246233	-0.14405856	0.37442398	-0.18312858	-0.13579668	0.05449785	-0.3837112	-0.7219475	-0.34094036	0.39698762	-0.3713791	-0.76245785	0.32459804	0.17166077	-0.6146114	-0.34951824	-0.12622853	0.2673487	0.2516399	0.34829718	0.0993994	-0.1123465	-0.4449348	0.13707578	1.0286301	0.20567217	0.0072998246	0.37235215	0.32999897	0.08522062	-0.26282272	-0.52067614	0.11563881	-0.4302837	0.79002976	-0.06138512	-0.17247905	-0.54628986	0.3013648	-1.140927	0.3747474	0.28409138	0.12905423	0.16055727	0.38078538	-0.24260382	-0.08500657	-0.42599797	-0.17737785	-0.5657083	0.25107053	-0.30257812	-0.5267253	-0.6307863	0.71069473	-0.04785114	0.88623154	-0.0943524	-0.13229065	0.61430067	0.33324915	-0.7485045	0.27533424	0.4485689	-0.30230045	-1.087716	-0.7097262	0.37914908	0.6098282	0.18171987	0.6044865	0.608814	-0.32804734	-0.46192008	0.599862	0.23649774	0.41080487	-0.23816444	0.14295481	0.11404537	0.27343678	-0.25386807	-0.11648516	-0.7399115	-0.2206439	-0.005322802
0.41232213	-0.12546419	0.15553309	-0.7192729	0.120061584	0.22115815	-0.2821803	-0.29286537	1.070065	0.49529958	-0.37310305	1.0284976	0.003913929	0.25685436	-1.0169394	0.29342023	-0.22383131	-0.39131215	0.40133476	-0.69864625	-0.34119883	0.37793398	0.33605736	0.31608558	1.0285097	0.62883717	0.19555713	-0.036373265	0.5093653	0.067084536	-0.6151746	-0.0013880816	0.5248986	-0.040275812	-0.65022546	-0.95643026	0.4503855	-0.19026813	-0.5149866	-0.40199572	0.30902824	0.6188335	-0.024786662	0.39911216	-0.4148576	0.4803968	-0.768464	-0.22377384	-0.21275568	0.4477978	0.47508347	-0.15356334	0.4195747	-0.07684872	-0.43726104	0.4266121	-0.12584782	1.11978	0.57724345	0.28286886	1.2834858	0.07203952	1.0880804	0.7468679	-0.036934618	0.17282867	1.2822597	-0.440746	0.19062598	-0.18076816	-0.14952858	0.40234172	-0.4739842	0.29781762	0.26641056	-0.49693227	-0.13996936	0.19759984	-0.6533824	-0.85190207	-1.0009012	0.07573994	0.17551054	-0.24928017	0.084930606	-0.14735538	0.42322463	-0.5113862	0.4044784	0.46332994	-1.2777653	0.13832656	0.8639216	0.041942105	0.3868972	0.015133729	-0.2548097	1.0320908	0.37237272	-0.55531985	-0.33038428	0.4058184	0.017660543	0.60637486	-0.15534095	1.8116933	0.46341032	0.41554266	0.34371507	-0.07301593	-0.13678262	-0.57118785	-0.6073683	-0.04605582	0.58120894	-0.57413703	0.33353043	-0.9760978	0.18520476	-0.59203774	-0.07323273	-0.7608661	-0.68878984	-0.07692069	-0.76236194	-0.37810257	-0.058924835	0.7600595	0.74106425	-0.57801783	0.0650877	-0.007405352	0.60908645	0.15683152	-0.5313819	0.05831565	1.244841	-0.6579805	0.4213453	0.49839365	0.39728817	-0.5311499	0.26348764	0.5074021	0.074562535	0.685617	0.74410075	0.24596204	-0.5952941	-0.26561007
0.23986603	-0.7891675	-0.019900784	0.17848809	-0.7309815	0.3061078	0.9197385	-0.28146887	0.3082859	0.087469615	-0.3645	0.8673385	-0.17904411	0.43048838	-0.35981902	-0.628711	0.89565974	0.1444323	0.12972187	0.38735753	0.033288416	0.7971803	-0.48775777	0.44124472	0.89653516	0.0739098	0.25046343	0.4032063	-0.15720095	0.18998696	0.9638536	-0.30738047	0.13899562	0.10665313	0.46207666	0.4721195	0.73199594	0.1155753	-0.39839938	0.666016	0.72010696	0.14688455	0.96490496	0.089766756	-0.16908109	0.33135593	-0.02363888	-0.34683093	-0.017043157	0.0046446733	-0.048512693	-0.026615487	-0.20416124	-0.12606265	0.28546906	0.1199555	-0.19768688	0.29888737	0.018900832	-0.21233612	0.20891084	0.08482029	0.007813878	0.4313829	-0.09561119	-0.32407555	0.038887545	0.7081977	-0.61987084	0.24739873	-0.6278673	-0.33575597	0.07598871	0.03255985	-0.9224917	-0.0489052	0.42219114	-0.6026004	-0.2334635	-0.7678249	-0.4525787	0.039793372	0.086303	0.34293887	-0.35334775	0.31239095	-0.37690142	-0.20746833	-0.062882744	0.25589266	-0.53711194	0.3947455	-0.09427418	-0.52792	0.57302564	0.26154423	0.44380045	0.56601506	0.28764173	-0.2542642	0.098147735	0.15865573	-0.43610722	-0.54098797	0.26347363	-0.36969817	-0.6706695	-0.2803859	-0.6092913	-0.46617976	0.056881104	0.036267627	-0.64670026	0.137169	0.52788997	0.08614138	-0.41157952	-0.13622561	-0.8398501	-0.1494961	0.112218544	0.42445725	0.23729853	-0.06732363	0.59775406	0.35224375	0.7693019	0.3364205	-0.019364255	-0.19003434	-0.277846	0.54326534	0.9346791	-0.1464322	-0.30578858	0.48117545	0.29918808	-0.39181533	-0.05011488	-0.042180292	-0.22089972	-0.22962363	0.6692469	0.6098157	-0.15197138	0.41621816	-0.051265057	-0.11419683	0.22117473	-0.657984
-0.5994402	-0.10714587	0.11759306	-0.20466803	0.10546364	0.42397285	0.28233325	-0.15815544	-0.311849	0.27454787	-0.17018737	-0.07389362	-0.53775537	-0.38126555	0.8228489	1.1555666	-0.47258723	-0.35275343	-0.016355988	0.56756014	0.06616175	0.78542554	-0.10473785	0.4266651	0.17763077	0.45464465	-1.0401101	-0.52753997	0.0784162	0.48069414	0.11919245	-0.87043035	-0.22445928	-0.124728456	0.0010620747	-0.019605491	1.1777382	0.15515241	0.5252565	-0.32812867	0.14126186	-0.1473064	-0.10519197	0.5796549	0.047325082	0.8522893	0.64503413	0.44805965	0.37198076	-0.4742077	-0.38672614	-0.5793463	-0.58694226	-0.82112473	-0.87217313	-0.18411374	-0.5652736	0.55299675	0.5287703	-0.11689292	0.08164884	0.15312232	0.7854234	0.08755121	-0.89917964	-0.5111629	0.11418666	-0.36698985	0.22092794	1.0113164	-0.030925518	-0.0006753808	-0.7383101	0.28442386	-0.627661	0.40716812	0.15263565	-0.45973006	-0.05938756	-0.3307197	0.2351967	-0.14244965	1.0489975	0.18062524	0.01486493	0.7388576	0.7719148	-0.25638232	-0.17840196	-0.3213002	-0.11978326	0.028948093	-0.1050451	0.24871174	0.59350115	-0.20111574	0.68739575	0.107869424	0.7612559	-0.5116203	0.7108899	0.24052773	-0.7440865	-0.32274342	0.3145513	0.51248497	-1.1126175	-0.47357342	0.037904877	-0.202529	0.69004565	-0.011374284	0.37248558	0.26957193	1.0096995	-0.83680665	-0.26264948	0.5823048	-0.8141948	-0.28013307	0.07452706	1.0905974	0.60787517	-0.3915417	0.25135046	0.01909502	-0.25640324	0.34959856	-0.3145806	-0.51279616	0.057741817	-0.1763445	0.8223457	-0.37784782	1.021081	-0.5412874	0.14153339	0.5376026	0.22738491	-0.27594104	-0.63557285	0.42121166	0.7267545	-0.0046726502	-0.25972027	1.0244343	-0.09017949	0.6342648	-0.36925372	-0.3856207
0.13917804	-0.29284143	0.12609872	0.06755854	-0.1622118	-0.39504832	0.38713205	1.0175977	-0.29086256	1.0617731	-0.11199401	-0.024662288	0.18841526	-0.045174677	0.25056314	0.3755	-0.14826916	0.3762875	-0.43945095	0.07287032	0.47198167	0.5503903	0.13248412	-0.09200176	0.9019095	0.34664664	0.2556493	-0.3423935	-0.4185408	0.12443747	0.12607786	-0.15096426	-0.3093745	0.836499	0.22343749	-0.9884383	0.3605775	-0.2948898	0.09624728	0.27235317	-0.19640101	-0.42620373	0.1593307	0.5337967	-0.58290017	0.6616983	-0.025025545	-0.012836219	-0.6474462	0.24953392	-0.13331094	0.33421293	-0.7440084	0.0026817985	0.0067222295	0.5479704	0.433622	-0.04708333	-0.16970274	0.81196076	0.13765098	0.51564986	0.43825653	0.012077183	0.05886152	-0.8705211	-0.32448223	-0.5261341	-0.16970783	0.19204263	0.11345978	-0.03502777	-0.23127286	-0.5345332	-0.37425408	0.22693908	-0.016084183	-0.2010606	-0.864051	0.19279768	-0.18906373	0.28971216	-0.035989083	0.42484403	-0.7149927	-0.83979106	0.16639736	-0.30894184	-0.2716817	-0.62443143	-0.108297735	0.38107497	0.061970074	0.063215	-0.2822874	-0.7518093	-0.34129432	-0.39653185	0.40153745	0.24272144	-0.62957275	0.32414863	0.2307662	0.37457842	0.18940546	-0.048450768	0.41904545	-0.0056487317	-0.05295943	-0.03260718	0.40136212	-0.14181459	0.22218627	0.063011296	-0.0006166372	-0.17102665	0.562215	-0.40352476	-0.30032727	-0.13068198	0.8129786	1.052817	0.4679258	-0.7496941	-0.7415956	-0.2882373	0.2896416	-0.6345364	-0.035954688	-0.10319094	-0.33628756	0.68738157	0.50126827	0.31875217	0.28612933	0.25703478	0.11156131	-0.35293967	0.5084505	0.4220943	0.13053906	0.05818248	-0.35159972	0.23565325	0.13325602	0.081482396	-0.032913033	0.65537477	-0.17631882	-0.58271855
0.4721845	-0.5208967	-0.43576673	0.013211402	0.48212424	-0.7315953	-0.047321558	-0.25719985	-0.6541819	-0.4572744	-0.0014343202	-0.08210936	0.19793743	-0.35256433	-0.055867303	0.9664117	0.104183026	-0.08443255	-0.9500037	-0.29322848	-0.2919739	0.09036828	0.40786204	0.50524455	0.5889507	-0.5658928	0.08607063	0.13647419	0.09218827	-0.7893506	0.15385419	-0.8364497	-0.012830956	-0.79985493	0.32072812	0.1377205	-0.037386537	-0.75948966	0.46803272	-0.102734365	0.41485956	0.27538455	-0.3502653	0.09479534	0.029668434	0.6163754	0.3650949	-0.3262386	-0.20843591	-1.0093219	0.7011729	-0.37786198	-0.7685861	0.26836145	0.17619422	0.51689637	0.24993597	-0.44631347	0.6009754	0.20982395	-0.4927169	0.10158818	0.09794437	-0.4199897	-0.035628606	-0.74226815	0.025125474	0.17297061	-1.0454895	-0.16185464	-0.96567756	-0.16224462	-0.703881	0.2056001	0.09659304	0.13126232	0.37347528	-0.2582095	0.49187082	-0.40877143	0.31192392	-0.065780684	0.014699269	0.88742167	0.46973628	-0.80382174	-0.24236327	0.15769982	-0.23936993	0.23818839	-0.8677425	0.6510917	-0.0928509	0.27292213	0.2897925	-0.022982944	0.2092708	0.91545784	0.51379454	-0.058364876	-0.17271306	-0.89401376	-0.8083236	-0.0051123556	-0.45991632	0.332291	-0.36637136	0.765393	-0.0032381387	0.5656387	-0.3973797	0.44915548	-0.029590745	-0.94220996	0.85794646	-0.08162059	0.6364195	-0.78601295	0.45075005	0.3320986	0.10664563	-0.16358793	0.5524236	-0.7985254	0.716063	-0.9186554	0.6533204	-0.40399072	0.2519306	-0.5177925	-0.23237617	1.1400709	0.4531129	-0.44549948	-0.17893603	-0.7649761	0.6149383	-0.06679048	-0.2128733	0.07547588	0.3691198	-0.5523589	0.117847316	0.26395094	0.58332187	0.20607959	-0.9935903	0.76359504	-0.39829752	-0.7135203
-0.21179442	0.0761301	-0.38531303	0.0707955	-0.13382772	0.3143343	-0.22176275	-0.18883832	-0.26090473	-0.13938577	-0.1267924	0.2784774	-0.12543622	-0.028921397	-0.10792875	0.0775415	0.2162172	-0.31385306	0.5818467	0.6083541	-0.91008484	0.2376822	-0.028586185	0.058460023	0.33764395	0.41126487	0.19090986	-0.42432553	-0.7234755	0.21930455	-0.45058015	-0.6001835	0.020042485	0.5283013	0.3255434	-1.1833304	-0.4532852	-0.5344919	-0.046797264	0.38644847	0.09342583	-0.27150106	0.92809016	-0.46442184	0.06913853	-0.17124382	0.3427998	0.12043854	-0.14569981	-0.020823272	0.68596935	0.12019573	0.37760377	0.16386715	-0.31027696	-0.3912129	-0.08954395	0.4240988	-0.25209978	0.8425559	-1.1021188	-0.044142373	0.15567136	-0.087074935	0.08936551	-0.16470304	0.6174554	0.103669085	0.0017755193	1.0195687	0.22137418	-0.7556189	-0.53665835	0.8651518	-0.06806828	-0.8568499	-0.49870557	-0.32995823	0.48354444	0.09721622	0.0371173	-0.06709141	0.38102332	0.31927693	-0.15004978	0.13295676	0.07032824	-0.38185656	-0.14930263	-0.341529	-0.4162979	0.4253301	-0.16917232	-0.6685826	0.78939736	0.066835344	0.024528576	-0.288839	0.7266796	-0.544083	-0.14704056	0.16873376	-0.68386257	-0.25345185	-0.1409335	-0.3846072	0.056980804	-0.88719344	-0.28133497	0.45667747	-0.29623538	-0.047507677	-0.35705125	-0.08503206	-0.05254454	-0.32531026	0.2696408	-1.0732497	-0.8907785	-0.08542563	-0.41612107	-1.103724	-0.30559433	-0.16913949	0.6068813	-0.4687849	0.08048291	-0.20123087	-0.0934981	0.15081991	0.2151912	0.4761231	-0.12616548	-0.54391325	-0.20723754	-0.21198224	0.112858966	0.13861522	0.6479843	0.34402022	0.577206	0.42097637	0.70160013	-0.41755733	0.57777137	0.5348154	-0.041402787	-0.17419834	-0.9951921	-0.4157798
0.5275186	-0.2954203	0.9169859	0.08136232	-0.9440612	-0.638122	-0.30779347	-0.116386116	-0.3587035	0.19345005	-0.38692412	-0.23436725	0.24487682	0.2722078	0.061302055	0.75025415	0.13360083	-0.33160233	0.17940676	-0.2104717	0.4846887	0.02328584	-1.4362857	1.4271504	0.16231683	0.056769963	-0.49197635	-0.26868418	0.5848617	-0.26237357	-0.6828353	-0.45147735	0.5536552	-1.1465572	1.6587455	-0.60635394	0.6632649	-0.1428133	-0.8946892	0.77336144	-0.04398164	0.39091042	-0.06664345	-0.06219216	-0.98646843	-0.5993644	0.43373236	-0.11211843	-0.31086957	0.05609218	-0.52502686	-0.7705299	0.022185585	-0.8393585	0.10103078	-0.4640238	0.42138818	0.055813104	0.12179373	-0.057288792	-0.16734633	-0.3852482	-0.48977086	-0.25433478	0.0705899	1.2954258	0.07040982	-0.13573451	0.31072262	0.9988359	0.264826	-0.40762168	0.34231043	0.1455142	-0.3672457	0.4145796	-0.091872945	0.04971588	-0.069265895	-0.4140539	0.60158986	-0.21541403	-1.0170137	-0.4355934	0.5917588	-0.29145867	0.13018724	-0.96532065	0.10939191	-0.4885809	-0.63163704	-0.018011265	0.91491085	-0.4004958	-0.40333775	-0.09184385	0.12466539	-0.23183537	0.2939749	-0.67117333	0.22837918	-0.14648578	0.22327192	0.16423397	0.038302306	-0.39458427	-0.26914692	-0.54861355	0.14936377	-0.17456777	0.69459164	-0.08536099	-1.1686145	0.42019078	0.25143918	-0.433048	-0.6532396	-1.0493678	-0.42096925	-0.2086892	0.09781862	-0.3921174	-1.2743429	-0.40055522	0.0173615	-0.18085364	-0.017304417	0.85656023	0.31112722	-0.77986294	0.56916034	0.23625004	0.44196153	-0.21427883	-0.08107335	-0.70973384	-0.14202899	0.5302351	-0.4398344	0.35783428	0.53570426	0.07447762	0.6439528	0.95034444	0.31353405	-0.15050635	0.15546137	-0.13236876	-0.34089974	-0.42849535
-0.11246096	-0.5403387	-0.10815549	0.36906356	-1.0767237	-1.3026205	-0.26373628	0.2660803	-0.21060032	0.6924727	-0.8898389	-0.0009837417	0.21253425	-0.132827	0.41404095	-0.4324418	-0.46449053	0.48806912	-1.2712424	-0.3752877	-0.47260556	0.5263557	-0.63238966	0.76039577	0.33684006	0.5307686	-0.48348123	0.9644255	-0.5757066	-0.23509233	0.39166307	0.02190853	0.15313224	-0.10225827	0.8253056	-0.43231863	-0.4250335	-1.5654029	0.23008166	0.081729226	-0.1007777	-0.46374696	0.10163636	-0.5406501	0.099162735	-0.7551681	0.22673303	0.26662832	0.11787508	-0.25061277	-0.051858455	0.26337257	-0.5330219	0.62328297	-0.38695335	0.84959054	0.13285547	-0.08787351	1.0159156	0.55777043	0.16714817	-0.4681638	0.57266176	0.3639699	-0.6581156	0.013624107	1.0001949	0.18445626	-0.27811724	-0.5842665	-0.044104442	-0.22356395	-0.81335044	-0.3513495	-0.12925792	0.2130681	-0.4159495	-0.40895522	-0.24555269	0.52306825	0.38065943	0.09282055	-0.005022477	-0.060821358	0.6096254	0.2550735	-0.25238797	0.7430917	0.037388373	0.4650777	-0.3845327	0.20580234	0.4303042	-0.10643551	0.83098537	-0.34787238	-0.83629614	0.6026446	0.63579625	-0.18619193	0.37751094	0.298142	0.6016882	-0.14071575	-1.4741206	-0.309229	0.095997766	0.826402	0.80681866	0.8882311	-0.20801407	0.33037373	0.24561843	0.52305955	0.60545236	-0.87396306	-0.04375398	0.32244417	0.6825872	0.21158461	0.7176272	-0.06013749	0.59060335	-0.81480026	0.26883528	-0.88814414	-1.2438753	0.2756541	-0.14446662	-0.49142152	-0.29190585	-0.21863842	0.26106194	0.045818485	-0.2362189	-0.11992365	-0.11644232	-0.46352002	-1.3394568	0.738702	-0.62011415	0.17048924	0.40332642	-0.23291454	-0.38203812	1.3875601	0.8767609	-0.41862735	-0.3016161	0.31627408
0.6923516	0.05339356	-0.50993985	-0.50658214	0.24747716	-0.27712828	0.22238994	-0.03194291	-0.26289204	0.45470074	-0.50648195	0.26318008	-0.019569332	-0.16132818	-0.1911232	0.75553447	0.07531404	-0.03938662	0.0057408805	-0.6275364	0.14215249	-0.09085683	-0.07222498	0.114810504	0.11568482	0.18368913	-0.33043012	0.4573741	0.0828815	0.013839126	0.36698604	0.032182503	0.31526086	-0.040981863	-0.030156044	0.051633496	0.13515691	-0.6225265	0.41491112	-0.22929373	-0.53101856	-0.4781112	0.32336262	0.55088174	-0.9164232	-0.18218377	-0.32731608	-0.10715394	-0.42280906	-0.12586035	-0.22910564	-0.4710075	-0.46431673	0.66030943	0.9953338	-0.3070266	-0.012680247	0.34630087	-0.06327525	0.06078909	-0.38887358	0.20697297	0.3476545	0.62108535	0.18551716	0.19839172	0.110583946	-0.02468922	-0.08609993	0.70716965	-0.20779507	0.35976452	-0.7736546	-0.5149113	-0.57407415	-0.26064155	-0.4469284	0.56467307	-1.4228717	-0.10779058	0.55835456	0.32516718	0.025544984	-0.10736057	-0.6478271	0.101145096	0.057425514	0.94091475	-0.062233865	-0.4876995	0.2977404	0.4972777	0.5313201	-0.15478586	0.93378705	-1.0743839	0.02179652	0.76359314	0.74966526	-0.8909019	0.08075484	-0.68894154	0.03695294	-0.29071102	-0.09724437	-0.783171	0.28205565	-0.8293066	0.02951402	0.74434274	-0.08643685	-0.33942893	-0.1015642	0.041728005	-0.14501768	0.21780612	0.5642452	-0.13534957	-0.30615035	0.77235854	0.37500137	0.19350825	-0.6378274	-0.78055686	0.114361644	-0.6569945	-0.8735902	0.25864586	-0.0051195696	0.37857035	-0.13772425	0.09482705	-0.449024	-0.60934603	0.2936145	0.15940839	-0.35298592	-0.26211774	-0.11516751	-0.07264398	0.07437673	-0.28925788	0.9743012	0.17743942	-0.13344279	-0.28961268	-0.07687664	-0.010314042	0.54914606	-0.1635503
0.2565297	-0.3614291	-0.37979537	-0.13662341	0.918589	-0.35117105	-0.080479644	0.07868137	-0.0019454652	0.21592115	-0.045221373	-0.41091895	-0.20680201	-0.011318719	-0.24897054	0.20790805	0.521245	-0.28638944	-0.37723398	0.5055036	0.22476403	-0.5493462	0.5325454	0.51059663	-0.597843	-0.39540073	-0.024216222	0.056384236	-0.7199542	-0.0850491	-1.1977255	0.407949	-0.53668255	-0.9457206	0.47543365	-0.4414449	-0.31845304	-0.6550624	0.07629254	-0.07929986	0.08703462	-0.011431728	-0.38615716	-0.19784813	0.18513454	1.2457476	0.1350538	-0.21496777	-0.7127319	-0.36327443	-0.25711262	-0.31825677	0.048432905	-0.09824001	0.046994384	-0.007464856	-0.49880064	0.47259402	-0.148875	0.29409957	0.20414087	-0.015822038	0.3814325	0.43175185	-0.43970984	0.08991466	0.8478175	0.19856912	1.1909727	0.6635653	-0.40458742	0.42599	0.16173586	0.64263755	-0.106717296	-0.22473152	0.7888701	-0.2195374	0.9336719	-0.19626078	-0.21457152	-0.68011177	-0.647284	0.3211045	0.16813506	-0.2630391	-0.35873228	-0.8155715	-0.17678048	-0.24749896	-1.3550338	0.077648714	0.28017104	0.043156914	0.5179609	-0.49752226	-0.6115907	0.639028	0.7977262	-0.31812134	0.79150444	0.08532727	-0.00048532168	-0.02054736	-1.0693846	0.13658848	-0.09797593	0.6822218	-0.5933068	-0.047023464	-0.022230456	0.042490397	-0.76936257	-0.45469135	-0.63727254	0.17251901	0.27048424	0.061902244	-0.37424606	0.40629658	0.48580652	0.3845045	-0.19670577	-0.38560903	0.08876447	0.07242555	-0.105526075	1.253333	0.14791007	-0.15048262	-0.47994354	0.7368023	0.34463766	-0.6417645	0.4880615	0.29358757	0.66393185	0.043454032	-0.22596614	-0.51360774	-0.288826	0.15566346	0.27677727	0.29917023	0.030338518	-0.19526568	-0.06634388	-0.5005354	0.31336585	-0.1296072
0.43873292	-1.5120697	1.0069703	-0.34328884	-0.5718704	0.49617672	0.11761058	0.698171	-0.32059622	-0.05614683	-0.102795094	0.53305095	0.63474673	0.19044453	-0.054211825	-0.08341801	0.033822615	-0.6463122	-0.6254063	-0.4203657	1.4363742	0.09770244	0.24944396	0.8790518	1.0671095	0.55542123	0.20857644	-0.5529701	-0.5428519	-0.33360806	-0.046029773	0.3374747	0.44213614	-0.5277031	-0.03324696	0.013914864	-1.0539007	-0.29972535	0.3827719	0.029211782	-0.65854764	-0.42782804	-0.29998693	0.1382553	-0.7362045	-0.15741824	-1.521456	0.50427175	-0.05233966	0.25789276	-0.5110297	-1.0625061	-0.09552825	0.06679978	0.28978032	0.43339303	0.5123841	-0.28397194	0.07678204	-0.30251366	-0.15540068	-0.06499082	-0.37967253	0.44177073	0.08782248	0.6686566	0.4662059	0.6349834	0.1435061	0.40379846	-0.545972	-0.8463473	-1.0911771	-0.840908	-0.2943112	0.11504603	-0.30790985	0.5212417	-0.64715475	0.61266506	-1.0129523	0.42779332	-0.89033717	-0.12544516	-0.4763745	0.5939485	-0.3879154	-0.19818686	-0.52758723	-0.07372545	-0.6470281	0.3050658	0.31075728	-0.7800979	0.008735728	0.029026564	0.23958737	-0.3115945	0.38005733	-0.9026539	0.7113842	-0.50160074	1.03804	-0.78148234	-0.42458954	0.210699	-0.005596418	0.21677506	0.39051035	-0.4557513	0.3206324	-0.3187532	-0.6988681	0.37546736	1.0048155	-0.3133366	0.026525421	0.03694939	-0.6007152	-0.9228245	0.31096977	-0.2902867	-0.23595232	0.11948709	-0.06994645	0.55411184	-0.19361337	-0.6605025	-0.61716026	0.07166005	0.6054088	0.27938432	-0.5654949	-0.3127767	0.5351711	0.46657142	0.3991087	-0.48619974	-0.65336454	0.13345495	0.1298244	0.724752	0.15222634	0.065526955	-0.25518903	0.02821837	-0.2232917	0.084454425	-0.299252	-0.28481305
-0.1304691	-0.18438065	0.597854	0.0060159178	0.018808486	-0.7977596	-0.3985636	-0.18189481	-0.5209733	1.334646	0.31900483	0.14560802	0.8030921	-0.13614853	0.044644307	-0.21098785	-1.1608608	0.6038014	-0.21217266	-0.4143687	-0.25819346	0.6592562	-0.34618744	0.71329993	0.6454929	-0.036504965	-0.5344824	0.7060173	-0.2861966	-0.22341964	0.13131392	-0.34050938	-0.61068374	-0.15694715	-0.26412353	-0.34413758	-0.5579135	0.38793266	-0.9097005	-0.899006	-0.9129104	0.25069222	-0.100366145	0.31541342	-0.22822154	1.426691	-0.45807442	0.7116577	-0.110204615	0.6676825	-0.8325507	0.09993096	-1.4758701	-0.7044953	-0.22019228	-0.3390861	0.47021693	0.007864165	-0.63431734	-0.28206262	-0.029977104	-0.4055181	0.17635031	0.8737485	-0.28610545	0.27831388	-0.9247162	0.72709817	-0.34600583	1.2936054	0.387791	-0.15845786	-0.21060032	0.31213853	-0.1365121	-0.097693406	0.07832104	0.23857385	-0.012980134	-0.573523	0.7307034	-0.50333714	-0.36601362	-0.08887651	-0.037503447	0.20212749	0.24461296	0.31840214	0.38370213	-0.26913914	-0.7467828	0.870633	1.0563115	-0.07558892	1.288949	-0.37378642	0.0227211	0.5741048	-0.919441	-0.62306076	0.91059476	-0.7575668	-0.2531097	-0.5290236	-0.7186197	1.1490989	-0.16419905	0.06255154	-0.16384661	0.12999046	-0.028875057	0.22376123	-0.62524813	0.22132882	0.18447661	0.12206425	0.47296813	-0.19013788	-0.7839752	-1.0435289	0.899539	1.1446368	-0.12603754	-0.11883709	1.4852948	0.90346336	-0.0408937	-0.23586112	-0.024117026	-0.46816263	-0.0074669067	0.848558	-0.30740777	-0.28453016	-0.21509148	0.3070186	-0.10502135	-0.96735597	-0.41378975	-0.23836833	0.9317966	0.5008202	-0.051333915	-0.71281916	0.5342967	0.0291738	0.24930495	0.65848786	-0.65535796	0.14508782
0.9105621	0.36317387	0.20817725	-0.21435025	-0.2286519	0.75055027	0.36896154	0.2934106	-0.03626887	0.862933	0.14655465	0.003620184	1.0147357	-0.36430803	-0.27206802	-0.43425554	-0.159075	-0.47075766	-0.35367334	0.5001614	0.025700193	0.58207715	0.17002009	-0.2426667	0.333798	0.5705472	-1.1139878	0.14384547	-0.6339252	-0.98312587	0.4698339	-0.38290468	-0.60796034	0.21379003	0.81380486	0.19466011	0.4056412	0.68543065	1.029461	-0.5965282	0.8464845	0.6929714	0.01560691	-0.60333943	0.15831022	-0.1582105	0.29601988	0.51934654	0.050057784	-0.4598466	0.05917545	-0.3536309	-0.36704883	-0.14367574	-0.014369288	0.15250975	0.16533825	0.6520267	-0.47439522	0.21636944	0.24377298	0.8607288	-0.62034065	0.5602474	0.2273139	-0.5471582	-0.13758284	-0.002346185	-0.24636988	0.29791406	-0.9869482	0.36056638	-0.41787654	0.8275319	-0.38360384	-0.067363195	0.12445198	0.3819701	-0.4035451	-0.17787518	0.65190893	-0.47298276	-0.15386137	-0.061754037	-0.10303806	-0.73052245	0.6863321	0.5578052	0.33721527	-0.09854254	-0.21930371	-0.43625292	-0.35035026	0.111747846	0.7292641	0.39724395	-0.6599425	0.1779986	-0.4269862	-1.2680054	-0.54850113	-0.19166197	0.09056682	-0.4287236	-0.25966957	0.9230667	0.17365377	0.2514377	0.35176164	-0.034455	-0.26485375	-0.12840977	-0.8250008	-0.43852708	0.23202929	0.26805666	0.5807998	-0.19568668	-1.1379867	0.022863854	0.195941	0.23374555	0.83357656	-0.68150365	0.067199126	-0.34139165	-0.21641722	0.37896836	-0.34692693	0.108397886	-0.639082	0.05989298	-0.17413951	0.50921553	0.31487945	-0.12323067	-0.46165738	-0.84690523	-0.41107118	0.43765813	0.16105983	0.90561575	-0.28551382	0.8538069	-0.92321074	-0.26656187	0.66029173	0.015454849	0.5213907	0.047096163
0.011250534	-0.7544806	0.9685895	-0.29619136	0.731145	-0.5243331	-0.29053098	0.5027182	-0.09338105	-0.44081712	-0.50464875	0.57072234	0.49669686	-0.2036855	0.2015023	-0.1827041	-0.56316364	0.2080314	-0.31124005	0.31812	-0.34732842	0.099472106	-0.10692772	0.6148011	0.14275146	0.7577001	-0.54187405	-0.47021165	0.64260215	0.08140216	0.04329957	-0.28712803	0.095149666	0.22570129	0.83589584	0.08522812	-0.09007404	-0.037240125	0.4908242	0.29817033	-0.2427096	0.045440223	0.7179375	-1.5901346	-0.54948056	0.6445834	0.38055357	-0.4743204	0.30208743	-1.1655352	0.898829	-0.13353518	-0.15581903	-0.020926986	-0.40892565	0.011731599	0.6718152	0.014365453	0.37580055	0.2855195	-1.0042406	0.4166756	-0.7600962	0.033649612	-0.18775639	-0.17986858	0.34065115	-0.7924701	-0.42472783	0.67423415	0.09105341	-0.5823237	0.17304316	0.6469423	0.122530945	-0.23053333	1.2678592	0.3594903	-0.05647255	0.12055873	0.18656173	0.15818658	-0.7489457	-0.04703704	0.098632924	-0.48624083	-0.12477008	0.3194575	0.21892191	-0.2889471	-0.49768785	0.053169195	0.028933244	-0.62801147	-0.5259222	-0.08906363	0.40160948	-0.6937749	0.86711276	-0.19483906	0.21808247	-0.41319677	0.045792256	0.22505687	-0.3228803	-0.3849906	0.37227353	0.5815365	0.49498937	0.048979916	0.15554616	0.18550752	-0.92961687	-0.0550804	-0.47031116	0.47468862	0.7135162	-0.8613155	0.6959624	-0.35883835	0.6788961	0.07265985	-0.079049915	-0.067387946	0.5545525	0.12743394	0.14611307	-0.30944386	-0.33826858	0.31917384	-0.64355785	0.40333575	0.16020016	-0.24639189	0.3204115	0.72910315	0.44035345	-0.710186	-0.5759835	-0.78421736	-0.07748048	-0.13840829	0.010815756	-0.26708758	-0.008158694	0.8098455	-0.35881326	0.39980012	0.38436434	0.051160116
-0.41577554	-0.111989506	0.5821675	-0.65923864	-0.1352322	-0.22079018	0.11927464	-0.35873988	-0.5721902	-0.5651425	-0.9996211	-0.21448636	-0.1742745	0.088819824	0.33304337	-0.41461393	0.68366486	0.28951553	-0.18481633	-0.9706762	-0.2391296	0.15900123	-0.96490717	0.43877813	-0.2443729	0.7216798	-0.6225399	-0.7956846	-0.22154368	0.069428585	-0.15012974	-0.46452144	0.34513643	-0.584919	-0.6994324	-0.26134545	0.047428194	-0.45146403	-0.6038982	0.88425124	0.100195475	0.117420405	0.55572253	0.5508131	-0.11565111	0.27645695	-0.33297166	-0.7688623	-0.68153405	-0.67654234	0.42859167	-1.2819784	-0.12162181	0.5734006	0.10384229	-0.7449722	0.6070624	0.58194727	-0.099887915	0.08970655	0.15253386	0.10292674	0.15022503	-0.07471081	0.4731948	-0.29932687	-0.030177586	-0.7701494	-1.1296778	0.17438842	-1.4699007	-0.18373975	-1.0055785	-0.20738675	-0.80789	-0.5170737	-0.13429761	-0.45454803	-0.3665505	0.15060887	-0.11606735	-0.13847804	-0.7328272	0.7129715	0.39766386	-0.274171	-0.31048235	-0.44989175	-0.19057402	-1.9583232	0.07431469	0.2304602	0.1286191	-0.20219436	0.37368864	-0.06826495	-1.0318077	-0.16449112	0.6072598	-0.4741742	-0.0012023845	0.59581256	0.8721465	0.13207555	0.53749484	0.47956416	-0.59318215	0.19422057	0.06864835	-0.33947456	0.6611312	0.03232932	-0.38851258	0.39858493	0.095035546	-0.7791143	-0.25623518	-0.23682386	-0.18763267	0.387994	-0.042076822	-0.72048324	0.19794989	0.2071972	0.10614507	0.40053412	0.12851663	-0.80484235	0.85673374	-1.3137106	-0.74188954	-0.11817742	-0.2666644	-0.547279	0.4390217	0.027320085	-1.2596208	-0.47713658	0.27160612	0.93827707	0.9613193	0.3748948	0.20690721	-0.30287102	1.1448362	0.58844435	0.08316778	0.17348818	-0.3644784	-0.3655654
-0.12737791	0.79606366	0.022233311	-0.23026206	-0.020386567	0.45773923	-0.097406864	0.56305546	-0.3800622	0.53704774	0.13239864	0.56023747	-0.10065951	-0.7540472	0.2793933	-0.4894686	0.10203304	-0.05532162	-0.34592292	0.3156174	-0.3908741	0.79332775	-0.08973446	0.3558353	1.0608143	0.36897138	-1.4453058	-0.30185255	-0.30677614	-0.047967546	0.10558538	-0.84797686	0.21669063	-0.15916811	0.17054395	0.26639685	-0.14513499	-0.7842203	0.22944885	-0.5666822	-0.19336148	-0.52837116	-0.39176166	0.481421	-1.1950915	0.3438561	0.9513349	0.76510984	-0.4606113	-0.1604817	-0.23130094	0.2776579	-0.5649157	0.28068417	-0.41676992	0.21696052	-0.03163592	-0.5440698	0.77109104	-0.0021120026	-0.282884	0.6918386	0.5175629	0.46182528	0.27562955	0.6113582	0.3361491	-1.1107548	0.17431088	0.5616627	-0.420581	-0.22537218	-0.95907503	0.20703775	-0.16356754	-0.29497275	0.14974634	0.061868552	0.13823052	0.21073587	0.5290126	0.16566719	0.85129946	0.2871294	0.36496577	-0.803646	-0.5737276	0.39808658	-0.13948812	-0.13998036	0.019113831	-0.012627418	-0.14437239	-0.47480962	-0.21382563	0.25085747	-0.11156863	0.45219314	-0.0949697	0.1789706	-0.12652725	-0.3588008	0.041580103	-0.08072384	-0.36156222	0.05296117	0.24223237	-0.025213178	0.19276005	0.27469337	0.8886408	0.3171976	0.46255425	-0.18465224	0.047277402	0.3565751	0.5868474	-0.32790846	-0.37982374	0.081980444	1.0594049	0.17734279	-0.6714244	-0.50593203	0.2036907	0.25706634	0.68898755	-0.59960186	-0.61089206	0.05738314	-0.44710773	0.79860204	0.29318672	0.6616798	-0.053752918	0.49015743	0.5687496	-0.4362878	0.6134279	0.8443607	0.80205095	-0.51355004	0.35240108	-0.38968062	0.65632665	-0.31343246	0.3255564	-0.64878345	-0.53983843	0.122357085
-1.0940297	-0.2588341	-0.91882044	-0.28301176	0.03962299	0.54740316	-0.90469384	-0.5258631	-0.53829134	0.857105	-1.3756561	-1.183355	-0.20101866	0.45967376	0.3193363	-0.9819287	-0.25318184	-0.47128552	0.33791146	-0.029106513	-0.6440703	-0.16967914	-0.14209911	0.45179442	0.6119583	0.10394635	0.043279026	0.46075514	1.0639528	-0.6873369	0.78535795	-0.43420637	-0.51720047	0.19772196	-1.0814403	0.75746363	0.26703748	-0.44874907	0.58183646	-0.48205027	-0.42085147	-0.76606333	-0.74822235	0.11474298	0.15116952	-0.97563434	-0.2470207	1.1269356	0.09938655	0.028554821	0.3399466	-0.6695816	-1.1901492	-0.2978601	-0.087784365	-0.7233285	-0.15943107	0.80546606	0.12087026	0.1974247	0.012216803	-0.06996711	-0.4636979	0.6728868	-1.1128869	-0.9400333	0.0055540893	-0.61333984	-0.5012035	0.5198878	0.20799078	-0.8612796	-0.30884457	-0.34937096	-0.067716524	0.2325657	-1.4802138	0.11083427	-1.3400904	0.23802541	0.5114744	-0.4122363	-0.20832233	-0.047435578	0.4299544	-0.39291734	0.43530628	-0.52677625	-0.19466306	-0.9650656	0.28566864	0.7265778	-0.3147076	-0.020298135	1.4243578	0.5325912	1.0875481	1.2267144	-0.09007748	-0.3176242	-0.1893066	0.43000317	1.2360415	-0.053103182	0.023230847	0.045024566	0.14140825	0.31920674	0.5475555	-0.018913144	0.5778006	0.86124283	-1.5139302	0.42520413	-0.39874685	-1.5150403	0.96537614	-0.12069479	-0.52382654	-0.482684	-0.94469124	-1.1127368	0.66665864	-0.14158154	-0.51818573	-0.23317626	0.80508566	-0.050569545	-0.5642707	0.56196713	-0.013631894	0.2566076	0.8181151	-0.31977102	1.0403041	0.70616573	0.44309834	-1.1582017	0.68069166	0.71720177	0.5949758	0.54427475	0.47721526	1.1489223	-0.4861844	-0.3442259	0.82906693	-0.44028327	-0.11908077	0.22168884
-0.60257393	-0.24859665	0.10198343	-0.5392715	-0.039424315	-0.30440068	0.23695947	0.46037704	-0.4122255	0.8443621	-0.55249614	-0.5527041	0.8903363	-0.1894155	0.12776297	-0.46284443	0.47185352	0.49320862	-0.32488894	-0.4857075	0.50571334	0.5828677	-0.94500977	0.5622879	1.0701115	0.741628	-0.2780689	0.64928305	0.15842739	-0.39999244	0.72229755	0.33562627	-0.022244431	-0.26500458	0.61153257	-0.53719085	0.10450494	0.3921835	-0.2849675	0.07501989	-0.27986225	0.37472773	0.21687599	-0.051450886	-0.005262249	0.8112378	-0.76177883	0.27098092	0.1816844	0.21232241	-0.11898359	0.21602996	-0.22961263	-0.35789484	-0.18180765	-0.6330403	-0.24186002	0.62742287	-0.049512107	-0.13084102	0.21150905	-0.06983401	0.42171943	1.0342373	0.4502695	0.022683663	0.5440274	-0.31159288	-0.018827593	0.47648165	-0.2695964	-0.46591797	-0.61389583	-0.22454129	-0.821939	-0.16665184	-0.82907206	-0.2601281	-0.3191278	-0.31639415	0.21511863	0.0046574287	0.43558547	0.060973592	0.663689	0.14135212	-0.49046794	0.462756	-0.01856191	-0.5215308	-0.68361723	0.35554242	0.8546659	0.20442234	-0.23576276	-0.3715954	-1.2204494	-0.2867647	0.3364342	-0.32960624	-0.016329687	0.056357812	0.7695753	0.5223509	-1.0179763	0.89389855	0.63433725	0.2026386	0.09759417	0.42876127	-0.5639683	1.0066262	-0.782684	-0.024572708	-0.1745067	-0.35389894	0.11340246	-0.8605557	-0.17719807	0.15938835	-0.27972072	0.34807697	0.3913092	-0.08012312	0.46085587	0.34790164	0.11237111	-0.62741804	1.0598142	0.7101338	-0.8775579	0.10978386	0.18398237	-0.34078303	0.7513103	0.04840736	0.94346744	-0.8339182	-0.54271936	0.06860678	0.0071852943	0.2559901	0.0874659	-0.08071732	0.07780837	0.5900997	-0.1202441	0.73507494	-0.804248	0.21571437
-0.62402797	-0.1439429	0.65379214	-0.5775605	0.26751438	-0.3116013	-0.33344296	1.0941162	0.08998881	-0.012121511	-0.2698922	0.91238004	0.042037614	-0.34005803	-0.0415223	0.054984484	0.77918273	-0.7675223	-0.36901557	-0.16580968	0.7011487	0.63041574	0.13367906	0.13224986	-0.5714374	0.060615975	-0.8246343	-0.21985286	-0.10969823	0.25863874	0.22492586	-0.057396222	0.120141596	-0.2103456	0.15665697	-0.8042969	-0.046581432	0.8188242	0.7170068	-0.123664536	-0.05304775	0.21218808	0.034932926	-0.360072	-0.08256383	0.23842476	0.099661075	0.46955976	-0.04900812	-0.118237786	-0.068087675	0.59631515	-0.6977373	0.41528425	0.011050713	0.57412344	0.47739267	-0.40105715	0.47833055	0.046126295	-0.19498695	-0.24194276	-0.5354182	0.046930052	-0.29603273	-0.14092496	0.24125603	0.11480997	0.083369546	0.049577992	-0.21482089	0.23241968	-0.055247217	0.19329123	-0.18991923	0.08005028	-0.8398389	0.6177009	-0.1239938	-0.9470643	-0.12757823	0.2154157	-0.52057916	0.4795637	0.47397792	-0.12147492	-0.060673498	0.25451484	-0.30671102	-1.058057	0.13839258	-0.12120739	0.30517775	-0.2859518	0.38483843	-0.926391	0.29663268	0.19297273	0.16062501	0.077956624	0.9766613	0.47585797	-0.9346983	0.22380291	-1.386852	0.2777837	0.37583354	0.5413718	1.0828029	-0.39494032	0.031596255	0.2116589	-0.796494	0.1599458	0.5301464	-0.49890292	0.7516247	-0.015028588	-0.7426005	0.25666678	-0.030483527	-0.08271837	0.19143064	0.08146554	-0.19775085	-0.29104072	-0.415868	0.5667919	-0.17661428	-0.16132112	-0.48064125	0.33605722	0.38652548	-0.17606154	0.053944677	-0.17756002	-0.46750587	-0.09210345	-0.50095826	0.33468282	0.4591713	-0.3889842	0.5704072	0.114671014	-0.2023598	-0.20541728	-0.014747368	-0.8262711	0.77914816	-0.19347174
-0.28089762	-0.07980559	0.4499695	-1.1380324	0.015365117	0.083904825	-0.46083727	0.044557218	0.50011146	-0.036723927	-0.37310106	-0.12268631	1.4058095	-0.19005036	0.33067125	0.7084505	-0.40216172	-0.5467942	0.5927722	-0.25343528	0.95552826	-0.18135889	0.5485784	0.11184865	0.46283224	-0.4904849	0.53721917	0.3198478	1.1797704	-0.2802378	0.72487575	-0.40259254	0.36709443	-0.6229651	0.3317191	-0.72302556	-0.54313797	-1.0559326	0.0772556	0.08324216	-0.32321054	0.703687	0.907843	-0.06304934	-0.44551563	-0.49214315	-0.17442438	-0.13355257	-0.0954693	-0.5804621	0.39100578	0.14228024	0.2787065	-0.2972539	-0.14539455	0.4285668	0.09676019	0.2843619	-1.1927387	0.6547452	-0.32216957	0.5052897	-0.9643426	0.60483813	0.30270484	0.29077795	0.3645843	-0.48484585	-0.79251707	0.21346076	-0.3420558	-0.2215381	-0.9747028	0.70952106	-0.12400332	0.51745796	0.0132938875	0.0618201	-0.6392233	-0.7146834	0.7568402	-0.97603345	0.11267478	-0.40695322	-0.30383134	0.3223948	-0.8128882	-0.23040584	-0.81746155	0.27918455	-0.46530765	0.3620047	-0.13290438	-0.29216775	0.037915748	0.2709113	-0.11981075	-0.53913623	1.262924	-0.26906568	-1.2875564	-0.21188529	-0.31564575	-0.805325	-0.7441212	0.2341676	-0.78034526	0.24895622	-0.0032277897	-0.39577988	-0.03216259	-0.34389898	-1.1053215	1.085358	0.4467709	-0.56380385	-0.7524746	-0.012927822	0.5830608	-0.5633034	0.1592769	0.20666048	-0.40824226	-0.33491284	-0.22729796	0.1826004	0.21408612	0.6227368	-1.1372604	-1.011495	0.02575819	0.37566584	-0.3269632	-0.27736515	0.60556704	0.6129695	0.6438714	-0.28168756	-0.23736736	0.18854316	0.61638963	0.41464373	0.12983628	0.18537904	0.42323485	0.80676156	0.543231	0.54374766	0.47258064	-0.14803822
1.1955373	0.38313186	0.31578606	-0.04387788	0.063135505	-0.66270626	0.47908756	0.6708604	-0.6843096	0.20790957	-0.10226069	-0.3686742	0.14754133	0.16476694	-0.19430707	1.0174812	-0.5470968	-0.25754094	0.037355285	-0.062957	-0.27828836	0.12113515	-0.36860546	0.14248577	1.0281441	-0.17225811	0.015964052	0.48050186	-0.07865621	-0.06253131	0.3773877	-0.42071837	-0.52883375	0.38543218	0.69568366	-0.17832372	0.00448053	-0.2510103	-0.5714055	0.37400272	0.022549316	0.09391466	-0.7019941	-0.21910277	-0.5134639	-0.9668442	-0.007429638	-0.42185876	0.05353704	0.1761753	-0.0007720661	0.08529118	-1.0325863	-0.1464098	-0.053129226	0.25611848	-0.19581367	-0.44036147	-0.25929475	0.21401395	-0.7728434	0.22147137	-0.33519205	0.5302347	-0.38855118	0.86178535	0.28532702	-0.5159041	0.5047634	0.9290346	-0.41908956	-0.55164766	0.31119862	0.35323554	-0.2506871	-0.25422457	-0.47006184	0.22386351	-0.6198318	-0.34702736	0.095643826	0.38244054	0.095087394	-0.056924626	0.10757387	0.33474845	-0.11993359	0.5031528	0.50343883	-0.31188157	-0.57259536	0.45861658	0.026539644	-0.14646792	0.7903409	-0.26373082	-0.26788914	0.8190069	0.6796271	0.35273567	0.29566336	0.34193835	0.13482285	0.8230513	0.11230782	-0.32181528	0.51015764	-0.58640313	-0.6333239	0.5855958	-0.4950493	0.87199587	-0.24488857	0.53327155	-0.16605003	0.5372553	0.23820397	-0.9171463	-0.43041176	-0.5020109	-0.12794109	0.08185708	-0.14357986	-0.032067806	0.022911942	0.6163016	-0.16218206	-0.3073124	0.17144409	-0.9915823	-0.814123	0.61078095	0.55171096	-0.26975495	-0.014542777	0.7186376	0.38750327	-0.285558	-0.94551283	0.66710794	0.1270081	0.058389913	-0.116111964	-0.23238736	0.5203764	0.61779046	0.014525598	-0.88431805	-0.73445934	-0.22634396
-0.24050738	-0.6893913	0.16240509	0.03752035	0.12900688	0.615017	-0.3466631	0.68121916	0.048987143	0.58098453	-0.057655223	-0.4763175	-0.29968703	-0.12405979	-0.3201092	-0.40926355	-0.094298765	0.19954309	-0.050637897	-0.11353577	0.6398703	-0.23167662	-0.6602453	0.2728453	0.9087613	0.18422371	0.14748366	0.42353487	0.18060699	0.92982036	-0.092066236	0.3149599	0.36011004	0.048436306	0.34750563	0.29917645	0.20249681	-0.5202885	0.101470076	0.20204362	0.08237086	-0.4114506	0.5367072	0.15665396	-0.08751206	-0.2610024	0.20076977	0.012317702	0.28274378	0.46434456	-0.1733936	-0.4650985	0.09424599	-0.03183104	-0.46492678	-0.4625337	0.90946203	0.27633852	0.11709162	0.32554215	0.23568884	-0.5157599	-0.1990257	0.55871004	-0.629865	-0.5923291	-0.30230886	-0.4079737	-0.20776941	-0.28120565	-0.0053784745	0.4552257	0.45589805	-0.41422182	0.053829923	-0.22742906	-0.12279674	0.6050726	0.824768	-0.51031786	0.07732243	-5.0199556e-05	0.21238962	-0.29674506	0.24629714	0.09176725	-0.086666524	-0.2881713	-0.23733538	-0.5404662	-0.3685533	0.9583029	0.09053093	0.38259044	0.34564102	-0.5775191	0.3605876	0.2320737	0.39312258	-0.19587104	-0.020787444	-0.012913224	0.11187548	-0.0657272	0.74716794	0.31807578	0.20215307	-0.4613686	-0.4202102	-0.14139178	-0.76333886	0.09685395	0.1785747	0.39037344	0.14980419	0.29861116	-0.6307157	-0.54719	-0.66572386	-0.07225753	-0.1430494	0.20300539	0.54101455	-0.0011090136	-0.20339628	-0.15535338	-0.24600677	-0.018533891	-0.86732763	-0.44931033	-1.1828777	0.72112083	-0.021967035	-0.20906605	1.3581966	-0.21622242	0.13151383	-0.75526667	-0.694763	0.18023533	0.23995169	-0.5328543	-0.31253466	0.23252505	-0.7891344	0.9121147	-0.17401089	0.12483888	0.1128577	0.0685351
1.1647521	-0.2768227	-0.1972527	-0.39183486	0.072465174	-1.0349957	0.0426175	0.19783516	-0.565728	0.012420111	0.37682274	-0.47893754	-0.4302314	-0.15145151	0.25055724	0.720377	-0.19796123	0.4101254	-0.08590426	0.8019393	0.059839733	0.71142054	0.101511516	0.9376105	-0.6068288	0.79670024	0.25492027	-0.46921858	0.20163241	-0.020527555	0.41498908	-0.37991422	-0.11637586	-0.09960201	-0.3241188	-0.107097425	0.6343567	-0.12077055	0.41272414	-0.11464787	-0.19478108	0.16852531	0.11553806	0.5560959	0.076936334	0.3961555	-0.3178704	-0.4630174	0.34017882	0.058217194	-0.17729491	0.030872958	-1.1452725	0.28677526	0.9558149	0.058287904	-0.2760482	0.4405459	0.5545016	-0.13317683	0.48191398	0.33649236	-0.10391644	-0.30277857	-0.185619	0.17000082	0.1864621	1.0389264	0.84062046	1.2043937	-0.55033606	0.31370497	-0.30651164	0.10097619	-0.49898005	-0.052439056	0.23055853	-0.11381677	-0.5747478	0.09558565	0.72278696	-0.3091096	-0.2433892	0.22152303	0.5774447	-0.59467375	0.4329706	0.3638568	0.020949425	-0.52655184	0.5275113	0.33533466	-0.60039747	-0.4592746	0.7950125	-0.5939627	0.18774213	-0.31556386	0.16476661	-0.49843833	-0.08301297	0.719844	-0.6605504	0.12174596	0.123618394	-0.20905097	0.17665596	0.5811833	0.4508925	0.06818391	0.10611007	-0.3268205	-0.41741493	0.6501737	0.20094651	-0.17310922	0.29691327	-0.2915108	-0.35362327	0.3007379	0.500828	0.4161984	-0.13029096	0.08055137	-0.54862267	-0.031008404	-0.5630376	0.033688102	-0.47371784	-0.014546623	-0.41860577	-0.16942129	0.5815737	-0.2753584	0.92247266	0.52541345	0.0053688576	-0.5563254	-0.017968092	-0.05552002	0.25690243	0.5465721	0.86595446	0.49749672	0.46773264	0.6041419	-0.21274999	0.61871594	0.5274395	-0.044199277
-0.11691587	-0.107818715	0.27426642	0.1387385	0.15908225	0.41441807	0.5512947	-0.913723	-0.59548634	-0.06880061	-0.88411635	0.8638669	-0.5926232	-0.1555404	0.17753075	-0.38546276	0.6902025	-0.07944789	0.36174893	-0.58748025	0.028615367	0.06307001	0.1809664	0.36623344	-0.20617945	0.4267392	-0.048764814	-0.14766937	-0.35818633	-0.029734774	-0.02905261	0.75405806	0.13967088	-0.007955703	-0.6415075	-0.6331582	-0.058231443	-0.8602939	-0.3774935	-0.5141432	-0.03965845	-0.23663144	-0.28658366	-0.042538382	-0.6490997	0.0407247	-0.58199	-0.057042737	-0.49685234	0.3098801	0.3498471	0.17605263	-0.1092933	0.0299716	0.31115842	-0.1645658	0.348058	1.7132103	0.32150328	-0.0029483412	-0.14050141	1.338161	-0.042292167	-0.3677155	-0.15353876	0.2694193	0.7294245	0.022943476	0.4813673	0.12006788	-0.73376006	-0.5215215	0.19679143	0.12329458	-0.30159554	0.32682544	0.057106994	0.67416036	0.012618196	-0.26538143	-0.06305071	-0.3463829	0.5986214	0.5721354	-1.2785033	-0.075467676	-0.21770236	0.41253084	-0.89251846	0.012722504	-0.0008721346	0.48673746	0.4656415	-0.56468177	0.64497966	-0.14204244	0.6916095	-0.50704414	0.46591246	-1.3707482	-0.67010546	-0.92526466	0.38206458	-0.1595776	-0.6822228	0.036140077	-0.8767313	-0.20142451	0.06451243	-0.25457993	0.43572202	-0.72043467	0.43363756	0.56314415	0.36147225	-0.60941106	0.6070025	-0.88456273	0.20840594	0.60194683	0.35825467	0.60171163	-0.33371413	-0.6290457	0.16013564	-0.8325636	-0.41505027	0.1408863	-0.27556163	-0.09624684	-0.42966715	0.29509228	-0.23721734	-0.47677916	-0.30373606	1.0818546	-0.21951312	-0.08801456	-0.2641306	0.5973832	-0.041980114	0.097893804	0.058516156	0.15645291	-0.2566201	-0.067439556	-0.05254587	-0.051005967	-0.24018505	0.12652649
0.035587385	0.40983403	0.2604892	-0.664932	-0.28671935	0.83777356	0.5041921	0.11200157	0.15954654	0.5909689	-0.079759836	0.4225666	-0.4755623	-0.456256	0.7786971	0.010482929	0.03666589	-0.30857208	-0.272239	0.14337939	0.20307854	0.13593684	0.019709516	0.29979235	-0.4092306	0.56993	-0.43741733	-0.111608	0.2866986	-0.4863553	-0.14222679	-0.003789356	-0.09564056	0.21909375	0.4942399	-0.3004908	0.4513093	-0.9002669	0.03850142	-0.74272245	-0.6030571	0.6015257	0.026759122	-0.55568945	-0.11055465	-0.11482145	-0.12345372	0.06459623	-0.0109498855	-0.08091107	0.5978463	-0.27064216	-0.27840167	-0.033043645	0.66369045	-0.51419157	0.24733038	-0.117731765	-0.262968	0.34909075	-0.056116708	0.37807018	0.27056456	0.47832063	-0.61540157	-0.065547824	-0.017064724	-0.7124598	-0.2967945	-0.2709382	-0.0892368	0.02504534	-0.28726822	0.04006255	-0.27686176	0.05544932	-0.039325364	-0.016785152	-0.27834472	-0.16488864	-0.5361653	-0.28538486	-0.0839754	0.3155396	0.098549835	0.088265955	0.00199681	-0.10591801	-0.2695419	-0.4438107	-0.47268876	0.44564766	0.85960853	-0.37086478	0.40934485	-0.61012584	-0.041784532	-0.46498132	-0.0048473976	0.18005626	0.38750646	-0.22028227	-0.01114661	0.0982558	0.2869288	0.34845507	-0.19788831	-0.03899231	0.52027744	-0.07513908	0.22664073	0.2572807	-0.06565268	-0.0026011746	0.037953787	-0.7374449	0.043158386	-0.795403	-0.08587781	0.5997297	0.7567603	-0.1742024	0.017016448	-0.7188446	0.4967693	-1.309847	-0.1426076	0.42260838	-0.021126438	0.23660335	-0.13944249	0.17434633	1.0044936	0.25948393	-0.36594567	-0.14313515	0.788154	0.12947701	0.05480614	0.12942976	-0.45649785	-0.30378363	-0.15614592	-0.19614513	-0.6086127	0.14155309	-0.40844172	0.23415779	-0.23801412	0.012750422
0.11610434	-0.1513957	0.1831906	-0.27747124	0.39759156	-0.18459275	0.20449153	0.27357844	-0.8564192	0.78111815	-0.66849977	0.2688805	-0.15003675	-0.31557128	-0.2472451	0.33521	-0.70664656	0.25130203	-0.1834917	0.232525	-0.37749925	0.13193935	0.49882838	0.17893022	0.11256599	0.28301132	-0.85824025	-0.6598343	0.07063309	-0.6034266	0.2761262	-0.16767852	0.06638309	-0.2798237	0.15661423	0.40866515	-0.7467912	-0.50929177	-0.34115225	0.58212215	-0.06361442	0.19157411	-0.048729487	0.12840247	0.38510126	0.52877414	-0.6795852	-0.34015098	-0.24291986	-0.6607515	-0.34314588	-0.09720973	-0.17986396	0.5838903	0.3599364	-0.47382432	0.6938196	0.80729735	-0.9291637	-0.07530019	-0.004613576	0.49676707	-0.6286489	-0.551727	-0.019925637	-0.18807569	-0.62873137	-0.0353057	0.45439574	-0.3275093	0.2885644	0.3864458	-0.5446591	0.32667884	0.40349656	0.045081418	-0.56188077	0.019334802	-0.27431726	-0.16411139	-0.72762513	0.5759147	0.19720867	0.56025803	0.4246485	-0.35063124	-0.41021794	0.5663228	-0.7262652	-0.20297188	-0.20421433	0.2878345	0.8602528	-0.11561551	-0.12909532	-0.7551707	0.13088115	0.32871488	-0.14097805	-0.06857722	0.21708034	-0.072194	0.51951116	0.8400933	-0.13883397	0.82982796	0.43694285	-0.6172019	-0.5795418	0.06818946	-0.26029935	1.093771	0.61803067	0.6432574	0.33906367	1.4171019	0.20571755	-1.3654757	-0.17862746	0.7934668	0.24620448	-0.28298038	0.28661245	0.15847206	-0.7161445	0.4110325	-0.103537306	0.7844316	0.20359324	-0.9275535	-0.25285423	-0.0074839066	1.0621289	-0.098507	0.760665	0.22370785	0.6555068	-0.6898445	-0.035013672	-0.08026135	1.1482849	0.0064730914	0.7120712	-0.25359705	0.28829968	1.3157749	0.5643592	0.20473474	-0.086743124	-0.6532386
-0.35894194	-0.3411716	-0.05470481	0.5499955	0.13636757	0.39928773	0.07052093	1.0778269	-0.57342196	0.2776142	0.13698752	0.08841505	0.05450988	-0.015637636	-0.20902938	0.62766373	0.3174051	-0.16542195	0.24933238	-0.26612455	-0.4658005	0.9200118	0.08004389	-0.7519748	0.6040615	0.05069122	-0.43099144	0.081374794	0.77275586	0.45835105	0.39983794	-0.4512056	-0.96051973	0.18426234	0.5832037	0.3595931	0.10798181	-0.7955731	0.4618094	0.061978377	0.11015923	0.43508387	-0.20605212	0.01495389	-0.80281734	0.19772884	-0.049612798	1.1286156	-0.40048635	0.22979657	-0.2993448	0.573308	0.6067711	0.5499882	0.21873842	-0.30295908	-0.863448	0.37502033	-0.84658474	-0.3051727	-0.9429787	0.09637717	-0.110686734	0.67430127	-0.14607719	-0.11366029	-0.24854758	-0.16876	-0.3442338	0.3352031	-0.559364	-0.8551595	0.5533894	-0.16827768	-0.64074755	0.14836676	-0.35274366	0.4541808	-0.001983078	0.06600764	-0.99396116	-0.5311369	-0.28056392	-0.20661235	0.48946565	-0.77291244	-0.17795411	-0.17910944	0.039961908	-0.30753577	-0.46214142	-0.37117434	0.56220436	-0.2939062	0.067854986	-0.0684413	-0.17592867	-0.05788827	0.40228656	-1.0708584	-0.35168335	-0.17528509	-0.4898943	-0.10344852	-1.0292264	-0.1441557	0.19980685	-0.13511452	0.59294987	-0.10585562	0.44848663	0.35532418	0.09674201	-0.15449159	0.14772767	0.46585843	-0.24874128	-0.6044253	0.7256622	-0.55837345	0.28242052	0.40654114	-0.31399375	0.55534613	-0.33722055	-0.32369092	0.49101773	-0.35655245	-0.3026144	-0.43660685	-0.4956534	0.92539823	0.9396471	-0.2748448	0.0037237215	0.5783362	-0.28155822	0.5315248	0.46001193	0.80090576	-0.12413251	-0.32771212	0.099604025	0.49557114	-0.19616134	0.41451222	-1.0953176	-0.5141251	0.43123633	0.08959463
-0.8693349	-0.83347696	0.22359256	-0.54639786	0.6340366	-0.016230026	-0.1938772	0.93988013	-0.8967713	-0.70166403	0.22097452	-0.9035275	0.11730978	-0.7649053	0.4445386	0.047607236	-0.51516306	-0.86167365	-0.35045466	-0.64827174	0.30463645	0.13267407	-0.5078769	0.4917027	0.010666436	-0.08119807	0.09526633	0.20285586	-0.029454548	0.019939914	0.70251507	-0.6695527	0.36452898	0.45372638	0.43070477	-0.10179923	0.24750537	0.45148215	-0.27844998	-0.16274385	0.18630353	0.3671823	-0.12131042	-0.19227508	-0.13331133	0.11568643	-0.696812	0.40729523	-0.8111846	0.48063028	-0.1626287	-0.14452602	-0.38564244	0.03270685	0.12576346	-0.3018019	-0.36611277	0.46811	-0.57182217	-0.08696393	-0.5922546	0.059513472	0.011584384	0.12734342	-0.41709945	-0.083245575	0.3540284	-0.35377887	0.61987543	0.4499671	-0.515065	0.020673264	-0.6208091	-0.8681102	-0.21844013	-0.8909757	0.03700321	-0.13125221	-0.3212513	0.4561698	-0.060096692	0.2245526	0.5917126	0.485133	-0.20087261	-0.35016522	0.5183523	0.42048928	-0.124921985	-0.45037052	-0.13111737	-0.3236662	-1.4842999	-0.49436748	0.0970069	-0.73473793	0.49499846	0.5125074	0.18608344	0.075646184	-0.37541768	0.25647223	0.76657903	-0.13287123	-0.4844987	0.4229392	-0.9477534	-0.042260073	1.5568299	-0.47456628	-0.21322	0.080375805	0.0678829	-0.17795463	-0.39403358	0.051564723	0.804013	0.016185222	-0.37590832	-0.51797533	0.5225049	0.24404262	-0.5240524	-0.116929926	0.5056107	-1.0366701	-0.7351672	0.09504727	-0.8703675	0.0065833847	-0.10041255	0.41169372	0.7030762	0.50185066	0.22200724	-0.12056629	0.46154547	-0.6365148	-0.85481864	-0.30292907	0.5328809	-0.1443925	-0.37743947	-0.21679507	0.82405096	0.15966487	0.051561486	-0.19211324	-0.42572752	-0.12982814
-0.31186774	0.06242697	0.4402453	0.41063553	0.2663915	-0.27988082	0.057116978	0.8056106	-0.57308227	0.21963193	0.2525514	0.26359695	-0.29126403	-0.3821435	0.17939144	-0.49801564	0.21195184	0.06020619	-0.35946265	0.72779703	-0.30842897	-0.18872193	-0.4529495	0.084392406	0.5906128	0.99224466	-0.8310317	-1.0080982	0.69615054	-0.24547143	0.5532954	-0.77868587	0.16442172	0.1982591	-0.32852057	-0.1694032	0.075491525	0.09730163	0.35325927	0.50545335	-0.10941971	-0.051912066	0.13452835	-0.14882582	-0.5009787	0.26101494	0.4116107	0.27905083	-0.08395131	0.28832597	0.04975997	-0.51727635	0.24423489	0.021835076	0.019204434	0.10495975	-0.49342778	0.74369484	0.07686351	0.14871515	0.2449249	-0.04991418	0.1391895	0.199776	-0.9869231	0.019818073	0.30144244	0.18715848	-0.26812008	0.08968144	-0.5667109	0.47495082	-0.4911073	-0.7383998	-0.5396972	-0.7449705	-0.04826196	0.19887218	0.012176152	-0.03792471	-0.008262292	0.09679813	0.06885166	-0.47293982	0.3765856	-0.63437897	-0.073597215	-0.64178747	-0.6266493	-0.7088846	-0.36260608	-0.77489144	-0.17393298	0.06658683	-0.09139713	-0.62313986	0.031703375	-0.4423228	-0.032553036	-0.5012913	-0.34809735	-0.34324703	-0.46986035	-0.38129148	-0.03392225	0.27530515	-0.95195156	0.5580918	-0.051497173	-0.50172365	-0.11984032	-0.8122943	-0.63038045	-0.56362134	-0.27363116	-0.09406083	0.77131605	0.3876975	-0.81901985	1.1346776	-0.09723971	-0.25962245	0.17162608	-0.18582468	-0.29421204	-0.80103004	-0.16332783	0.13326336	0.38312665	-0.5730429	0.08809907	0.089770935	0.61589456	0.07984165	0.15680182	0.15710875	0.76690197	0.4820177	-0.0543186	-0.18850324	0.3228624	-0.07358218	0.40467754	0.43880343	-0.10732826	-0.39905745	-0.09197987	0.48551017	-0.07070444	-0.18787344
0.001052791	-0.12021625	0.7576564	-0.5562339	-0.10101084	0.74171424	0.31232816	-0.011052228	-0.8789484	0.5842176	0.08140801	0.9428008	-0.669189	0.33819222	0.7411035	0.41764018	0.45059988	-0.22118837	-0.42677107	0.13658153	-0.39797428	-0.12318489	0.18644556	-0.11748104	0.33933043	-0.031044327	-0.1653608	0.5489595	-0.992381	-0.6104943	0.018864825	0.28006268	0.16987197	-0.34058207	0.0519489	0.69705886	0.48151058	-0.42862198	-0.25401172	1.0746032	-0.13648528	-0.05361177	0.35645002	-0.009344716	0.25110513	0.26946127	-0.51302886	0.6282937	-0.6714547	-0.47241634	-0.12568551	-0.361749	-0.18870741	-0.12997626	0.0038275605	0.70551765	0.7780957	0.6025064	0.6679187	-1.0515599	-0.5269561	-0.015601545	-0.7511856	0.7924755	-0.20513476	-0.20589718	-0.21416153	-0.6110151	-0.3330578	0.54085475	0.29162684	-0.43165872	-1.0864807	0.19317287	-0.5030912	0.97804624	0.24430452	-0.20108746	-0.3698416	0.22507244	-0.3444834	-0.77720284	-0.51298594	0.11124663	-0.14220071	-0.8713274	0.10435991	-0.7842229	-0.060333375	-0.09321464	0.35657552	1.010681	-0.09431606	0.12480666	0.6764916	-0.62973636	0.6791189	0.4545178	0.5351495	-0.37338123	1.3461425	-0.043976936	-0.3341953	-0.16759534	-0.35518238	0.43966928	0.7138848	-0.011729503	-0.168016	-0.20128243	0.36375946	1.086881	-0.62223154	0.09712995	1.3007302	-0.39555463	-0.07910177	0.07190798	-0.28555506	-0.09042097	-0.4432615	-0.029429868	0.1987017	-0.3988658	0.479397	0.199153	-0.42231545	-0.27927476	0.25248173	0.17941281	-0.24481526	-0.12305305	-0.27312756	-0.271113	-0.030382542	0.35086182	0.35433814	0.2678668	0.07072594	-0.3170401	-0.5173163	0.019444296	0.7149891	-0.24451378	0.5331048	0.21511212	0.49023917	-0.05021587	-0.3654764	0.7606634
0.1639741	-0.18515094	0.1486108	-0.2540655	0.29713038	0.32970637	0.7610083	0.19158798	0.09527864	0.17129506	0.30323374	0.571053	-0.48342073	0.6743775	-0.7962638	-0.5592189	-0.26080438	-0.8143355	0.26823533	0.28870615	-0.8473718	0.3701437	-0.64082265	0.8383335	0.50734466	0.13298081	-0.051725175	-0.00053007534	0.018761342	-0.18961085	0.30531836	0.04030701	0.012365878	0.43016294	0.2110528	-0.7812703	-0.37867305	-0.3597921	0.6708048	0.7238855	-0.108004935	0.8291515	0.10140164	0.043856688	-0.514301	0.06424695	-0.15749557	0.005356691	-0.45755714	-0.59322125	-0.42584756	0.050068084	0.07027719	-0.4343368	0.10990913	0.08139153	-0.4165298	0.5466659	-0.10242024	0.042369418	0.2129721	-0.81705517	-0.38720104	0.284073	-0.0048748003	0.06715406	-0.3198159	-0.9282021	-0.09341979	-0.24046192	0.21304387	-0.6805644	0.034025446	-0.51393574	-0.07052858	0.25905412	0.1149812	0.6709571	-0.034570497	-0.42776206	-0.008931493	0.36774865	-0.3096146	-0.16057064	0.030486494	-0.5605164	-0.1222109	-0.28935742	-0.13528976	-0.17182219	-0.5239068	0.16490243	-0.2447936	-0.6374937	-0.16427208	-0.31145254	-0.36289	1.1302708	0.03865741	-0.5951628	0.69741845	0.158612	0.1632436	0.2734755	-0.13251247	0.018994033	-0.7691284	0.4843343	0.1989798	0.4968417	-0.45152462	-0.6338004	-0.31819174	-0.09068326	0.20314324	-0.11531432	0.7806944	-0.27114245	0.09987286	-0.81666106	0.38277045	-0.11520844	0.6088307	-0.16417748	-0.46822524	-0.2032581	-0.09325434	-0.3919265	-0.19540313	-0.0542895	-0.16005865	0.11620204	-0.46201986	-1.0115325	-0.14353925	-0.6947851	0.11509694	-1.0695715	-0.017383918	0.64036185	0.44188848	-0.45774254	0.06396801	0.29186207	-0.59117275	1.3228077	-0.012673814	-0.5541848	-0.286802	-0.1459937
0.6219843	-0.33490518	-0.13028882	-0.8238699	-0.48517594	0.20021296	0.15318486	0.4093755	0.13691956	-0.44315496	-0.96970445	0.16013093	-0.0333388	-0.6992061	0.1118992	0.54926336	-0.096569665	-0.11607181	0.3236885	-0.03534083	-0.32632202	-0.34856215	-0.58379215	0.35455018	-0.037886105	0.57749	-0.6012954	0.4243144	0.7093074	0.33038673	0.1737504	-0.23933728	-0.46193215	-0.64511585	-0.017546415	-0.79699063	0.5742277	-0.114658736	-0.16500999	-0.48083517	-0.17370763	-0.06831714	-0.11766361	0.121707134	-0.29141542	0.57538533	0.16101006	0.08356547	-0.16083121	-0.1831015	-0.46916726	-0.21387008	-0.34672555	0.21187884	0.22444485	-0.047982793	0.086409725	-0.15183616	0.09322607	0.043093827	-0.7942557	0.21274696	-0.5188328	0.7347864	-0.10469629	0.16485775	-0.7037524	-0.0083270455	0.8687508	0.263053	0.066300295	-0.53260946	-0.3052734	0.8108296	-0.51801115	0.25597355	0.45561117	0.10587406	-0.49665996	-0.035992805	-0.53516245	1.342378	0.50963897	0.516268	-0.8613131	0.04621866	0.34027028	0.27737662	-0.66493386	-0.28201208	-0.11980536	0.4435383	0.78450745	-0.31637305	0.41966784	-0.07267455	-0.7201686	0.016028034	1.1914886	-0.4252491	0.0386556	-0.42124587	-0.713023	-0.4077788	-0.782023	0.24551874	0.10815403	0.10967424	0.6850806	-0.35892126	-0.36579806	-0.07587991	-0.22314471	-0.110867396	1.5691016	-0.65377575	0.3106955	-0.5345682	0.4843276	0.12143962	0.16574436	0.32329112	-0.5650466	-1.2960815	0.5484322	0.25762194	0.21643914	0.33210117	-0.1361412	-0.45280188	0.0634189	0.22436701	-0.6537683	-0.02167759	-0.31460834	0.0017638084	-0.10956377	-0.9845478	-0.37508738	-0.025188914	-0.01163824	0.2224734	0.17538425	0.39351478	-0.2629989	0.56460804	0.099134974	0.5101459	0.2788886	0.6435881
0.47910342	-0.37436566	-0.049223766	0.26690888	-0.30003944	-0.12924194	0.03445465	-0.08559836	-0.119234085	0.85838276	-0.62694675	-0.112261966	-0.0378643	-0.19631043	-0.32468173	-0.09610282	0.39525184	0.10213866	-0.015564244	0.4193666	-0.5855568	0.7772946	0.21423778	0.22606732	0.34644786	0.49272248	-0.69738156	0.04563014	-0.1562893	-0.57570934	-0.4144663	-0.14802314	-0.27017173	-0.30697563	-0.3312446	0.71898746	-0.06561805	-0.39384434	-0.097980656	0.46911937	0.27643904	0.057595406	0.88711923	0.038518433	0.072970934	-0.12447396	0.30746776	0.15840292	-0.44746685	-0.09293361	-0.4599937	-0.39257678	0.3791058	-0.7483621	-0.25211206	0.5306212	0.27975696	-0.07468888	-0.20030762	0.660414	-0.27469242	0.112579174	-0.10078875	0.045203734	-0.18964021	0.8850048	-0.38652435	0.5084008	-0.5180672	0.42860857	-0.32947072	-0.7164124	-0.21679188	-0.48142436	-0.5801894	0.52483886	-0.29154557	-0.61136305	-1.2286266	-0.2096122	-0.38252965	0.45850676	-0.30428478	0.46682334	0.2741413	0.06286413	0.17410244	-0.5267068	-0.07645273	-0.50252354	-0.14189239	-0.52305865	0.40172315	-0.55856735	0.30687708	-0.46006492	0.07691473	-0.022283595	0.03237592	-0.082121305	-0.40068007	-0.04951343	-0.72474474	-0.20943323	0.20600174	-0.480945	0.6183113	-0.09590225	-0.18011431	-0.3991946	-0.6199239	-0.45662415	-0.5889354	0.28982252	0.48176748	-0.29906574	0.91536987	-0.50845265	0.031171963	0.6143124	-0.2556792	-0.33022934	0.53880715	-0.034046523	0.07772493	-0.3032898	0.22769463	-0.286178	-0.5738448	-0.27118087	-0.03810484	0.47368592	0.25085023	-0.019645438	0.0008841515	0.50840235	-0.83963054	-0.35250184	-0.5967196	-0.48259634	0.4897507	-0.20846911	0.5385741	0.33019254	-0.51881164	0.35470754	-0.022115372	-0.5595014	0.46918875	0.15930635
-0.040297054	-0.2557372	0.7078872	-0.35527036	-0.121339284	-0.13977893	0.06482209	-0.033458948	-0.9740511	0.81656766	-0.18172204	-0.20877069	0.13774966	0.6526611	0.025339011	-0.23517689	0.34283227	-0.71836203	-0.4658509	-0.14463513	-0.35118088	0.09144158	-0.14487334	0.4391151	0.40187448	0.52609015	-0.6071607	0.26689458	0.8473214	-0.6290186	0.051832903	0.2066862	-0.24302952	0.13669421	0.560304	0.7700861	-0.08823924	-0.10846957	0.114956126	-0.550469	0.35197034	0.5988611	-0.2910351	-0.1883417	0.07494698	0.31720617	-0.35007027	0.29563943	0.5602173	-0.15710068	-0.8600197	-0.35021654	-0.4101764	-0.9743123	-0.69160503	-0.20275714	1.3271942	-0.53389823	0.5253001	0.9331403	-0.56103194	-0.10262644	-0.041781474	0.094450176	0.69869906	0.11559989	-0.27303386	-0.42003182	-0.6180426	0.232538	-0.9635384	0.0499252	-0.3843929	-0.32646984	-1.6863822	-0.3147756	-0.475055	-0.25975442	-0.20647097	-0.3577794	0.6408815	0.124786966	1.232285	0.16038148	0.18370827	-0.7211696	-0.5249308	0.2613195	-0.15369798	-1.3802183	-1.3144369	0.46480474	0.051540684	0.041915715	-0.2905094	0.093578696	0.3103783	-0.42158875	0.72231495	-0.3687952	-0.3443431	0.7494566	-0.3605402	0.020159865	0.8362327	0.033394672	0.65117717	-0.8083631	-0.30189812	0.44855055	0.058961943	-0.17345755	-1.6315396	0.8116016	0.02330503	-0.15262364	0.6135933	-0.8005948	0.26482975	0.11408232	-0.15075918	-0.6487792	0.035303455	-0.16515662	0.6461218	0.1871121	0.10191012	0.38589248	-0.26737452	0.1742752	2.040455	-0.10310813	-0.04467508	-0.084523305	-0.2329227	1.1785192	0.40703532	0.17791325	-0.3926722	-0.07560879	-0.042437695	0.3581052	0.4832225	0.007227772	-0.20492093	0.30387026	-0.24509989	-0.17441185	0.63251555	0.37354
0.3977261	0.27824116	0.30480605	-0.15709497	0.22969308	-0.7425832	0.37147573	0.07528935	-0.02278349	0.04855546	0.07507576	-0.16305748	0.81696606	-0.11415734	0.90734994	0.20039777	0.099368505	0.13672923	-0.33496964	0.28505173	-0.85264325	0.39939412	-0.13563015	-0.08445636	0.703427	0.34646595	-1.1952219	-0.053393066	0.306145	-0.6936054	-0.97263944	-0.3318875	-0.0023585148	-0.14712241	0.42496797	0.53212893	0.4917412	-0.52754897	-0.4967327	-0.42486665	0.0947518	-0.2351091	0.9850141	-0.5811578	-0.15236996	-0.25970617	0.111269824	-0.34547263	-0.11665068	0.4060587	0.04481619	-0.44238725	-0.20456588	0.33061373	0.46433303	-0.3735278	-0.23270038	0.29400975	0.50835925	0.3518886	-0.08393707	0.27415228	-0.005205922	0.28937414	-0.6884748	0.30281684	-0.18715283	0.34374103	-0.0063448683	-0.187156	-0.033734	-0.09313392	-0.6641941	-0.529338	0.21046318	0.48196542	0.33336017	0.21234538	-0.4218167	-0.37953514	-0.5402241	0.1329733	0.04717415	0.015869271	0.04797026	-0.6903452	0.24827991	-0.084153034	0.16419125	0.36012045	-0.26064438	0.042264115	0.09665815	-0.114071816	0.32334366	0.3703973	-0.2825556	0.43510783	-0.29401323	-0.86807257	0.29064927	-0.1931794	-0.48501182	-0.6707942	-0.10630525	0.874305	-0.18490379	-0.15962079	-0.31274366	0.31357262	-0.3721871	0.2700937	0.25796163	0.102881394	0.012511435	-0.2146842	0.5256278	0.12121821	-0.4733171	0.1025424	0.020527879	0.29360756	0.047282945	0.3769037	0.21746475	0.17108466	0.3515418	0.537876	0.19889039	-0.52433145	-0.4962656	0.22279899	0.7370669	-0.73214334	-0.33632427	-0.23725404	0.5411734	-0.32971752	0.23511763	0.46851182	0.03020989	0.16152842	1.1301287	-0.13983513	-0.504787	0.5858519	0.14407745	0.16039726	-0.13937095	-0.6040641
0.45774823	-0.50743026	0.85049194	0.2205785	-0.4089284	0.028324075	0.6767346	-0.108897634	-1.194773	-0.4795589	-0.76332337	-0.30694395	-0.42003262	0.17617413	0.4654242	0.8204285	0.61418265	-0.2695012	-0.36840206	-0.05887068	0.29479718	-0.80514306	0.6617238	-0.12766567	0.40412533	0.18333025	-0.13486981	0.3888559	0.234874	-0.6224392	-0.3864827	-0.14050022	-0.4960378	-1.06135	1.0516473	0.08885179	0.64383376	-0.31341255	0.4489569	0.36944905	0.29984796	-0.4917984	0.33300686	0.7958582	-0.051836144	-0.3344515	-0.9292031	-0.11554278	0.85078573	0.098941386	1.2562009	-0.23717259	0.6009631	-0.5140695	-0.5792177	0.19766916	0.22473271	0.6581541	0.6136689	0.1776276	-0.3141221	0.35344034	0.1082589	0.039852683	-0.750551	-0.553224	0.7234324	0.011291405	0.5877305	-0.02484042	-1.8803594	0.13312523	0.30326244	0.53670233	0.63790625	0.2958329	0.5906683	0.2365008	-0.11151332	-0.16893035	0.44982913	0.5949672	-0.6860085	0.33957866	-0.23192886	-1.1870998	0.34931442	0.6160836	-0.21401133	-0.068848945	-1.4014462	-0.18529442	0.056469757	-0.55323416	1.1275426	0.23102584	-0.24130405	0.2713942	0.15775968	-0.46332657	-0.26816425	-0.3372741	0.1768454	0.5867406	-0.11093822	0.91167176	-0.20261532	0.11361088	-0.027182002	-0.21930684	-0.39752707	0.6983145	-0.36927137	-0.20313554	-0.6923244	-0.5232572	0.6879733	-0.5675943	-1.06524	0.5362797	0.7794407	0.12349368	0.09245656	-0.20848347	0.17390332	-0.96864676	-0.545367	-0.16172607	0.7764629	-0.35476407	-0.5184096	0.3662773	0.76402026	0.24353498	-0.046702567	0.0658009	-0.15822108	-0.34734294	0.3676592	0.8357883	-0.08995939	-0.10741416	-0.088981725	-0.501908	0.39885136	0.5403781	0.2191358	-0.228195	-0.24758466	-0.26340684
-0.12732609	-0.24915153	-0.060802393	0.025358083	-0.4174186	0.37783715	0.8177943	-0.6192114	-0.039494373	0.44421852	0.38595644	0.25828838	-0.16291495	0.6931917	0.51421684	-0.19616176	0.12795474	-0.623484	0.12154929	0.43435773	0.20593934	-0.28994578	0.2389377	0.085406095	-0.06565548	-0.06628981	0.022721931	0.77858	0.5623131	0.29571795	0.48053476	0.53139836	-0.74397475	-0.64548826	0.23039699	-0.24108362	-0.13120402	-0.5202543	-0.30759302	0.51939183	0.61809194	0.44174442	-0.4535954	0.2765596	0.28729388	-0.21207418	0.019953683	-0.19307539	0.19475082	-0.2668171	-0.5390252	-0.28760183	0.50024587	-0.9186966	0.23106375	-0.7754318	-0.03453397	-0.095432326	0.41245133	-0.1516761	-0.6946292	-0.3609497	-0.07975226	0.03688981	-0.5485286	-0.01801089	0.53245384	0.4891264	0.2990621	0.14879684	-0.45195445	-0.3599049	-0.5832498	0.114476815	-0.038213447	-0.30091023	0.76733035	0.28882602	-0.7771669	0.8711823	0.41942	0.076544896	-0.3771566	-0.6394872	0.50268316	-0.60858446	-0.24135342	0.12185607	0.22036052	-1.2622579	-0.29188678	1.0288544	-0.2788719	-0.5211854	0.49099475	-0.3251238	-0.9504936	-0.29582185	0.31785873	-0.16388758	0.06784994	0.39433768	-0.20474058	0.2026782	-0.76257026	0.7933844	-0.07612188	-0.3892207	0.12206614	-0.13601092	0.79347205	-0.44042885	-0.13049285	-0.31835276	-0.17326325	0.22227769	-0.3810059	0.02100893	-0.6680742	-0.2287001	0.36291793	-0.51856005	0.383908	-0.6031096	-0.061091408	-0.11442956	0.45637298	-0.3014654	0.63765436	-0.5160118	-0.5644194	0.16556057	0.9864781	-0.37191468	1.2243174	0.69059956	0.1499217	0.10705731	-0.3229665	0.66322994	0.6587533	-0.216332	0.8769937	-0.31987524	-0.35173503	0.70688474	-0.46549267	0.072438575	0.53279024	0.17681588
0.4258266	0.039373502	0.44150403	-0.044808716	-0.11311476	0.060656324	-0.6334298	0.67137694	0.5248385	-0.24790737	0.7536019	-0.3245912	-0.620532	-0.16672178	-0.72593856	-0.18159162	0.31867248	0.03673089	-0.78688544	-0.48007053	0.035167772	0.7136851	1.3464574	0.88225913	-0.11539796	-0.07214701	0.0076118186	0.13870221	-0.22209957	0.2792591	-0.022260439	-0.40602878	-0.7658158	-0.4099486	0.571752	0.56052345	0.72105557	-0.6826996	0.52107906	0.36119598	0.29551202	0.16040874	0.17527288	0.20832506	-1.1714418	0.61774844	0.22482862	-0.007362481	-1.2554944	-0.62300557	0.46504265	-0.89208424	0.36873725	0.3756575	0.1617929	-0.4093932	0.03587201	0.17215832	0.6372174	-0.6344767	-0.1723249	-0.164641	-0.6286334	-0.014195946	-0.31391418	-0.053945046	0.52390105	-0.34468034	-0.32015017	0.74259263	0.11583912	0.8197603	-0.62170655	0.043772273	-0.094286464	-0.27872115	1.0359768	0.53541785	-0.21679829	0.59920114	0.65896165	0.13207734	-0.097927205	-0.0020680106	0.14355218	-0.13994323	0.06785757	0.7080681	-0.06780777	-0.75627065	-0.38982478	0.006609846	-0.6372299	-0.057838004	0.74315894	-0.07301333	-0.3192092	-0.101671726	-0.3611569	0.30074507	0.6537509	-0.13176115	0.21156259	0.39890853	0.34499437	-0.44371867	-0.5766756	-0.9199082	0.30388767	-0.031190526	-0.04474787	0.6366753	0.49258512	0.7196002	0.511545	0.5998529	0.50812334	-0.06660613	-0.44149798	0.62558085	0.17359129	-0.25604787	-0.39686352	0.23682663	-0.01902669	0.12640712	-0.6812714	-0.073596194	0.4718051	-0.5785833	-0.113478504	0.85804635	0.23716022	0.24787624	0.9281936	0.22018677	0.2815629	-0.99359506	-0.24621688	0.6400092	0.8474698	-0.07830972	0.63638765	-0.20772097	-0.22568111	0.002462109	-0.37076986	-0.2761835	-0.21114828	-0.3175597
-0.51226604	-0.33139732	0.2590641	0.33336896	-1.1468656	1.1576174	0.563682	0.06228917	-0.38365403	-0.3734773	-0.36839452	1.2973562	0.4296709	-0.26610318	0.5334604	0.61470425	0.7436293	0.2918634	-0.32246363	-0.065887384	-0.25362262	1.3959337	-0.040698327	0.19867572	0.9537163	-0.3803736	-0.6841272	0.71948856	0.8000719	-0.056248594	-0.086071804	-0.5585678	-0.17488761	0.5895457	0.5340142	0.4929305	-0.15890272	-0.76887196	-0.37707043	-0.34674102	0.32977438	-0.17638168	-0.8632324	-0.5624438	0.39908466	0.619233	-0.4313096	-0.16771542	-0.14149848	-0.0025231917	0.80663	0.25057122	-1.1747587	-0.22794195	0.1807131	0.15439224	0.46261415	0.38493145	0.5359987	-0.25850856	-0.40807027	0.3069469	-1.1249609	0.61079633	-0.31755003	-0.14131524	-0.75557834	-0.0845521	0.5867672	0.45735082	-0.51522803	-0.013672214	-0.96334875	0.49294543	-0.024919264	0.39473745	-0.07858335	-0.8618106	0.09677061	-0.20372857	0.20816465	-0.64619786	0.60976917	0.8765285	-0.04574344	0.049030665	0.6037324	-0.8502436	-0.1106854	-0.5976978	-0.44452202	0.09225862	0.47470018	-0.15160257	0.4404352	-0.5501558	-0.28649467	0.59190106	-0.2558598	0.3216107	0.23169562	-0.9125304	0.37911534	-0.32024178	-0.64050645	-0.86186475	0.12926583	-0.068371505	0.19659907	-0.16746268	-0.02220912	0.4130593	-0.19746247	0.05764835	0.5421381	-0.623463	0.3690556	0.9201657	-0.78629375	0.5251818	0.012597065	-0.5201927	-0.021582797	0.34646493	0.70307904	0.80700666	0.015657838	0.2914556	0.28722233	1.0088692	-0.5067135	1.244189	1.1044693	-0.11489402	0.6188981	0.027069539	-0.019703567	-0.94294596	-0.7332408	1.0626488	0.597554	0.32117766	0.63030136	-0.5440781	0.09535082	-0.24941014	0.58191824	-0.23750146	-0.62799513	-1.0444739
0.7874718	0.08263619	0.027235752	-0.44709972	-0.30001527	-0.46470794	-0.17647973	-0.58958143	-1.2154125	1.1468686	0.060901605	-0.20584983	0.046869908	-0.3226031	0.35431722	0.107444555	-0.19242422	1.2549492	-0.7091145	0.39198115	0.2075288	-0.08135163	0.09146807	0.30137542	0.6856278	0.77426785	0.73572356	-0.6444847	-0.45283303	0.071577616	-0.565326	0.8428433	0.015862802	-0.14268315	-0.23342222	0.4156174	0.667288	-0.45196918	0.62934315	0.26872042	0.12742113	0.7376016	0.7595454	0.4390101	0.07922758	0.867149	0.21864037	0.30766472	-0.8009071	-0.22001043	-0.15713154	-0.22337185	-1.0889198	-0.7482183	-0.32618594	0.1783228	0.77424115	0.53284806	0.13887866	0.57666624	0.0033313602	-0.38709646	-0.4076227	0.4595107	-0.043370057	0.097190686	0.059954695	-0.7445307	-0.13482931	-0.42985925	0.96179825	-0.04977683	-0.16470951	0.14439583	-0.07436484	0.027919233	-0.2364729	0.30835715	-0.07456351	0.060822144	-0.053724263	-0.4440766	-0.7150169	0.16433498	0.26249152	-0.26229876	-0.47056735	0.1033886	-0.10192273	-0.09907523	-0.14721902	0.6431704	-0.6780585	-0.14293137	0.33983558	-0.24501929	0.16419686	-0.2111273	-0.118085794	0.6486926	0.10113745	-0.1986518	-0.004190469	-0.25101733	-0.4605885	0.41828606	-0.24045072	0.15698314	0.48878175	-0.53122026	-0.267509	0.6627753	-0.5663401	0.033571485	0.35535514	-0.28681913	-0.91083115	-0.34334853	0.087280944	0.59650314	0.7926204	0.75802827	-0.58626205	-0.031074654	0.102189966	0.02351906	-0.68466306	-0.62691593	0.86177516	-0.724353	0.45103386	0.07309576	0.4807032	-0.0017222987	-0.14607961	0.39490205	0.2491488	0.70573026	0.73838097	0.3903534	0.47333542	0.65602905	0.3731418	0.112200424	0.5479078	-0.032799255	-0.49387375	-0.60303986	-0.51771265	-0.23871906
0.26412237	0.115435004	0.24390443	-0.16046125	0.035285115	-0.09982343	0.30561057	0.12750724	-1.0427706	-0.12165944	-0.62525123	-0.34012294	0.48068172	-0.080315866	-0.10926929	-0.25884393	0.8111153	-0.5622449	-0.45353436	0.030434608	-0.001398994	0.23671433	-0.77806854	0.65354425	1.0027881	0.7689575	-0.00087307295	-0.4572522	-0.09341579	0.45961693	-0.08059529	-0.13101754	-0.20144945	0.31279486	-0.116913214	-0.4630467	0.6046392	-0.31923178	0.13278247	0.2753641	0.10841729	0.42510885	-0.4318321	-0.15706266	-0.26803568	-0.026555935	-0.10971193	-0.25195765	-0.80974245	-0.20341276	-0.04378922	-0.2874201	0.14039391	-0.119481385	-0.70793116	0.80687994	-0.030515963	0.06309379	0.18516968	0.67946905	0.5143209	0.48888826	-0.14786646	0.50158954	0.17738159	0.12655406	0.21592106	-0.28449157	0.015331909	0.61013955	-0.2782361	-0.4853728	0.006829911	0.10345874	0.34090823	0.30848286	-0.6378564	-0.115750894	0.063914545	0.5072082	0.23164007	-0.96006465	-0.81933916	-1.1751897	0.19084209	-0.10224603	-0.29175913	-0.5957614	-0.8064603	0.15928937	-0.41549635	0.085100606	-0.32779115	0.5444792	-0.6710146	-0.08198764	0.3641549	-0.24560215	1.447075	0.036832128	0.8714216	-0.13551919	0.09940678	0.29699978	0.1334957	-0.17318113	-0.014449231	-0.11542969	0.40422267	-0.09121323	0.17271136	-0.22363827	0.15450685	0.5691721	-0.43965682	-0.19617382	0.8711835	-0.01932575	-0.7281735	-0.7028248	-0.23429678	0.117752045	-0.12319883	-0.25506976	0.6337738	0.3107272	-0.785252	0.50274265	0.50384694	-0.6883447	-0.1566187	0.8945431	0.07924584	0.0821051	0.6872019	0.53978485	0.5135257	-0.6349879	0.386768	-0.38939413	0.30183527	-0.14043497	0.32565883	0.24443483	0.19850415	0.4580394	-0.03682746	-0.15757783	0.7391809	-0.20823672
-0.17597412	-0.41300023	0.52602386	0.36463225	-0.5077073	0.75372016	-0.4565405	0.11128232	-0.38754034	1.1106192	0.084099114	-0.05214653	0.39079958	0.09147653	-0.16287766	0.514685	-0.027928034	0.6441821	-0.25110564	-0.2888563	0.4319401	0.7571093	0.23126744	0.18829057	0.0024990037	-0.51988435	-0.78349227	-0.52207416	0.38953504	-0.6075347	-0.3190246	0.4566879	-0.37043422	0.316089	0.68511605	-0.74519765	0.042322423	-1.0918671	0.13355175	0.15964158	0.023972843	0.487328	-0.041907206	-0.7904187	-0.9257125	0.21161772	-0.12442277	0.2312538	-0.2975097	-0.199918	-0.25336933	-0.90623695	0.1770406	0.097560376	-0.0080002025	0.12545979	-0.34897274	0.57385623	-0.2780071	0.25429615	0.978516	-0.87656033	0.03729169	-1.3000928	-0.46719167	0.18726319	0.2513975	0.016502248	-0.26637635	0.38372478	0.18487178	0.1297435	0.3721196	0.9127175	-0.59742415	-0.33553332	0.3255345	0.44679022	0.5580466	0.049014095	0.062163852	0.32073006	0.21317095	0.71337235	-0.19296975	-0.33658704	0.50164247	0.68440527	-0.60675794	-1.3043098	0.112625085	0.118614584	-0.5805393	-0.844492	-0.059925273	0.15059033	-0.66967946	0.36816004	-0.006016985	-0.15605345	0.8108879	0.5356911	-1.1122878	0.6069915	0.47846407	-0.8554379	-0.39386722	-0.12235826	-0.096300445	0.3921848	-0.3939761	-0.31052962	-0.5940254	0.08504166	0.5322144	-0.27723184	0.7169378	-0.6806894	-0.3311611	0.43682355	0.0708532	-0.85013694	0.13558255	0.17268603	-0.8859666	-0.06863177	0.38650373	0.5311213	0.7155881	-0.6813636	-0.10864686	0.48601466	0.050700534	-0.31972933	0.7893085	-0.24012417	0.08072631	-0.32516113	0.30053878	-0.0861099	0.7145559	0.64741045	0.14099146	-0.48997483	-0.4514921	0.77001804	0.100700304	0.46978053	1.1040993	-0.19983393
-0.19293973	-0.19303666	0.13598682	-0.49783844	0.30523518	0.12104799	-0.09453908	-0.54687446	-0.8932068	-0.0025929806	0.3840481	-0.5208041	0.49628273	0.011405093	-0.13245773	-0.3979323	0.53320056	0.31178224	0.2406756	0.484661	-0.48708507	-0.46054557	-0.2393129	-0.53269655	0.5633481	0.26819462	0.20971256	-0.14314617	-0.3352582	0.15572757	0.42992112	0.26270595	0.74754184	0.34953812	-0.66157335	0.15626529	0.19656077	-0.7820266	-0.53863806	0.23985891	0.23244523	-0.18394476	0.61849725	0.062249858	-0.08074969	0.16608727	-0.20627324	-0.9478511	-0.8362697	-0.79339856	-0.40162942	-0.82968044	0.1736264	0.43142438	-0.1285012	-0.0069896034	0.43673813	0.37905025	-0.29397315	0.18029577	-0.46929258	-0.6159041	0.37860855	0.48451757	-0.4643553	0.005764136	-0.9616252	-0.7000039	0.55340976	0.35203862	-0.5621402	-0.004249764	-0.19009443	-0.11382032	-0.5986422	-0.16167615	-0.18801627	0.51291776	0.2138921	-0.9313934	0.104517244	0.28116995	-0.838595	-0.6820583	-0.18972835	-0.20697606	0.7207252	-0.6029393	-0.7690152	-0.42026713	-0.043832123	0.51487154	0.40058392	-1.1910318	0.31891042	-0.20949453	0.58409417	0.4442245	0.24714522	0.18603733	-0.46053317	-0.668848	-0.026605077	0.31237316	-0.12959825	0.15605791	0.44385442	0.5086215	-0.69691026	-0.48685983	0.63281935	-0.5249946	0.041824654	-0.3165446	-0.10365583	-0.8190125	0.13774034	0.17299627	-0.71379375	0.27108473	0.13876809	-0.012804912	0.72604656	-1.066249	-0.088755	-0.77129745	-0.043751262	0.60506594	-0.3241131	0.14521863	-0.49700364	0.10444106	0.44586876	-0.14303416	-0.27651343	0.56860167	0.03772244	0.08909505	0.40953574	0.4676301	0.09579832	-0.09381974	0.28495282	0.3074689	0.6597956	0.120461956	0.4249239	0.14943452	-0.23141402	-0.16596657
-0.8674092	-0.5484896	0.27955136	0.094860606	0.51592845	0.4853504	-0.15244786	0.15027903	0.022655534	0.31335726	0.63159734	0.8323641	0.25109255	0.892829	0.14288786	0.14423235	-0.15650474	-0.73822415	0.57074517	-0.024243271	0.40356988	0.5027125	0.039965507	0.37046483	-0.052277867	0.31926486	-0.14546217	-0.3606308	0.0130903125	1.0477462	0.039024215	0.108372055	-0.052995093	0.22853306	-0.17717582	0.30082804	-0.023909947	-0.5082302	0.19821967	-0.26221016	0.37515146	1.094519	-0.69302416	-0.7625342	0.63172793	0.33114165	-0.47622216	0.16760767	-0.5942967	0.158963	-0.24598937	-0.8613619	-0.34139696	0.5225076	0.26975924	0.11714094	0.09958175	0.47629455	0.7662755	-0.26411727	-0.41037598	-0.04069722	-0.13666287	-0.4685066	-0.6467888	-0.52254844	0.20329174	-0.47151694	0.30213946	0.5846039	-0.65074635	0.483845	-0.37197277	-0.0326246	0.37247708	0.07337114	-0.42929626	-0.41023487	-0.09922249	-0.9332072	0.5847525	0.7245088	0.11586454	0.3040038	0.34116444	0.028080234	0.35888886	-0.3788107	1.2288883	0.4660985	-0.3519676	0.2434906	-0.7993379	-0.41947654	0.7300379	0.33635873	0.1924514	0.64430296	0.21042703	0.19378124	0.0020285593	0.71495044	-0.15775295	0.0658346	-0.54895854	0.28404534	-0.36663288	0.12424517	0.26651984	-0.28175136	0.8472532	0.3111105	0.21379621	0.48990196	0.072581805	-0.27870873	-0.16382459	-0.6493013	-0.6249794	-0.457455	0.103135325	-0.39080244	0.5240643	-0.505631	0.90362835	-0.13157597	0.27328625	-0.15631506	-0.3441302	-0.63971037	1.3359232	0.44819587	0.96667635	1.0908756	0.43550786	0.8567857	1.0684346	-0.4193857	-0.5650361	0.06436702	0.31014606	0.2344997	0.5107095	0.6004777	-0.24134785	0.14020346	-0.09979863	-0.7752225	0.43570435	0.7650095
0.13391982	-0.50920707	0.12920974	0.60717297	-0.1947412	0.1082473	-0.1656408	-0.5573458	-0.64325887	0.032942723	-0.62907535	0.45691496	-0.001926671	0.66331726	-0.27351746	0.3598844	0.77601	-0.48431125	0.1418769	0.45811743	-0.02298107	0.1505199	-0.14609304	-0.13997008	0.6377966	0.16868165	-0.05600174	0.6117421	0.2477616	-0.21953441	-0.05737671	0.06501051	-0.25037906	-0.037222095	0.72023225	-0.39901778	0.7719527	-0.9201804	0.66727316	-0.36091045	-0.4232984	-0.07837186	-0.42380768	-0.3999324	-0.5183125	-0.28193814	0.25801337	-0.371144	0.16667753	-0.1689985	-0.6653802	-0.48990658	-2.7508093e-05	0.6528232	0.6194127	-0.23803416	-0.72177434	0.3959013	0.16958864	0.880654	-0.2206254	-0.10979634	-0.82214	0.5223028	-0.10522305	-0.28080708	0.82166696	-0.40236425	0.053965595	0.22607157	-0.16776143	-0.55855703	0.41544315	1.2073724	-0.17895304	-0.2594096	-0.13695118	1.245395	0.33926266	-0.6588993	0.13813947	-0.38118246	-0.5102734	0.48722422	0.7341884	-0.61637115	0.18853724	0.115389615	-0.064054325	0.97253543	-0.24337864	0.007395723	0.34507558	-0.47362322	-0.3490811	0.3739679	0.65829027	0.13173306	1.2989914	-0.64796555	0.74297166	0.39701742	-0.8469899	0.26133803	0.028048374	-0.25223723	-0.5976821	-0.029048344	0.39723364	0.4427245	0.5715299	0.96333545	0.59797335	-0.19202591	-0.5455222	-0.15625507	0.0048138215	0.23657578	0.44101265	-0.552336	-0.046409573	0.19825342	-0.009647705	0.0033108646	-0.15892358	0.29751968	-0.8274576	0.2139245	-0.38250172	-0.67714185	-0.3412458	0.5048173	0.047752287	-0.20423162	0.50572795	0.3760645	0.6024792	-0.5526656	-0.38885796	0.43186143	-0.031235818	0.21031989	0.33563605	0.28348273	0.376094	0.515875	0.11858392	-0.40330678	-0.18031928	-0.2012698
-0.21486743	0.034351304	-1.041272	-0.0015552344	-0.48710832	0.01099815	0.833792	-0.13400052	-0.014090128	0.05666541	-0.2654705	-0.28676796	-0.33655307	-0.13467193	0.3250823	-0.00088052446	0.11895173	0.051305715	-0.121510096	0.09836517	-0.578348	0.17813145	0.07122669	0.063267544	-0.18371034	0.4663965	-0.02673968	-0.11333067	-0.074385956	0.45375013	-0.23985939	-0.045426168	-0.13297507	-0.2028617	0.67328715	-0.22573899	-0.03292485	-1.5992519	-0.69734466	0.45446646	-0.42933834	-0.22701646	0.517335	-0.36159712	-0.8051696	0.14391479	-0.1051354	0.42915347	-0.48514453	0.17839487	-0.2534291	-0.5406643	0.04735417	-0.19192296	1.210052	-0.3246094	-0.02140103	0.7529764	0.2862485	0.22057095	-1.4172075	-0.62577087	-0.25156128	-0.47944796	-0.697858	0.7358556	-0.20502952	-0.5739479	0.14565992	0.31333175	0.22259706	0.20488532	-0.3398966	-0.5445664	0.53155756	-0.10278052	0.10001559	-0.5356193	0.03272265	-0.6558769	0.43588084	-0.08620643	-0.34650782	-0.46079817	-0.2965139	-0.39468065	0.78276485	-0.03875211	0.4771847	-0.72517174	-0.17856357	0.078555554	-0.580797	-0.3408659	-0.2560895	-1.0249819	-0.060052596	-0.38803405	-0.08664532	-0.25488544	0.10677994	0.42387488	-0.0043209027	0.55916244	-0.3119964	0.17239898	0.6254622	-0.10628316	-0.1151851	0.33299097	0.57240444	-0.21311128	-0.7275611	-0.106794424	0.27829653	-0.10630825	-0.40015635	-0.7096156	-0.42087433	0.10300291	0.25577468	0.17950974	0.34904462	-0.49037796	0.10739615	0.13672456	0.09504805	0.8942851	-0.0782915	-0.46834448	-0.39832404	0.5140896	1.0192639	-0.9041989	0.27952364	0.19901061	-0.0995411	-0.13816667	0.025644612	0.48726338	0.5232057	0.008696585	-0.15204151	-0.3178068	-0.1160309	0.16269834	0.011712545	0.23461436	0.05584384	0.3529632
-0.34153396	0.31436533	-0.12618658	0.4239688	-0.26215148	-0.52512926	0.6814806	-0.40347385	-0.99323136	0.3678683	0.4466865	0.2764192	-0.4916385	0.124336615	-1.0444881	0.7031423	-0.11496248	0.57127285	0.4976101	0.53748345	-0.26920938	0.37661165	0.5005383	0.28895292	0.21534145	0.7096715	0.50361204	0.06569225	-0.57670647	1.3348566	-0.5291116	0.53465974	-0.6722337	0.37731335	-1.347158	0.112947054	-0.51568115	-0.880486	-0.14144248	-0.021764902	-0.98813266	-0.09669597	0.8385663	-0.94680274	-0.050031487	0.36345568	0.7378629	0.23362638	0.28798667	-0.5828593	-0.2750384	-0.525478	-0.42537743	-0.4604717	-0.1797207	-0.48138615	-0.020159267	0.4855214	-0.1323766	-0.71517795	-0.53759116	-0.5263487	0.7299132	0.65292895	-0.23166667	0.28703257	-0.46758804	-0.11519024	-0.73789454	0.5906977	0.042390045	-0.3603541	0.07185544	0.42788193	-0.17810866	-0.2684274	0.20578405	0.45334044	-0.0270828	-0.17812237	0.49867976	0.39165068	0.091505535	-0.36364073	0.31337744	-0.21643011	-0.20625402	0.19653887	0.034156106	0.24982083	-0.25297287	0.03842576	0.49523643	-0.12837893	-0.2863261	-0.34978017	0.12708214	0.10663389	1.4588323	-1.4009162	-0.27779338	-0.16421928	-0.36994565	0.6446458	0.14614218	-0.035431854	-0.3624949	-0.15274481	0.64335054	0.19609128	-0.21972883	0.71649766	-0.84858316	0.16515797	-0.9383417	0.42108017	1.0852985	0.6801249	-0.9593814	-0.6171033	0.42624447	-0.083315685	-0.11622525	-0.16862465	0.05901429	-0.6114108	0.15432563	-0.09794594	0.4342801	-0.60309875	0.38807806	0.05951907	0.07710637	-0.06524596	-0.14907768	0.18574567	0.028494356	0.30573443	-0.7367506	0.2994122	-0.2308779	0.19349626	0.6990469	-0.33118084	0.029602822	0.5469662	0.047989745	-0.47428972	0.19403912	-0.060492665
0.8023235	0.51782346	0.59805155	-0.9002156	-0.5167668	-0.65466857	-0.17248423	0.48544517	-0.14179051	0.17561755	-0.21825208	-0.42965636	-0.045441765	-0.14223081	-0.4960172	0.71915287	0.13537265	0.35725003	0.24315804	0.5342952	-0.79283607	0.6178442	-0.018952996	0.22278193	0.10839204	0.2366991	-0.54221255	-0.9372449	-0.534498	-0.5695979	-0.11576831	-1.173108	-0.39716318	-0.67931926	-0.13380729	0.42676693	-0.4662247	0.47230077	-0.7879563	0.32869104	0.21663529	-0.29860842	-0.046006534	-0.24520971	0.5180186	0.22570406	-0.36739457	0.6592698	1.0889057	0.08704975	-0.090155445	-0.11994107	0.22883397	0.037265755	-0.3552876	-0.019281592	0.3892798	0.4541997	0.5525529	0.5772785	-0.44782493	-0.5286247	-0.06000667	0.53292936	-0.77774954	-0.16860402	0.39792308	-0.7603853	-0.073637955	-0.4694349	-0.6269311	0.46376508	-0.7267045	0.42039895	-0.5882407	0.086210795	-0.25641483	-0.16367598	-0.468431	0.1066622	-0.022455117	-0.5537979	-0.039376263	0.46374002	-0.47132728	-0.5817773	0.33452946	-0.7102428	-0.16305904	0.628713	-0.44360963	0.16859202	-0.65793693	0.14001091	-0.023839962	0.30677974	0.5647673	0.4436228	0.56522924	-0.06589679	0.39193636	0.24099149	-0.05085619	-0.23803158	0.28506398	-0.0010550179	0.14140958	0.5764669	0.9082351	-0.7254973	-0.74879503	-0.077693485	-0.26983675	0.1578065	0.44605115	0.4098579	-0.13170122	-0.5372595	-0.086194895	-0.30515134	-0.449669	0.16183172	-0.6373609	0.023356877	-0.17265397	-0.08566228	-0.40316236	0.42793742	0.34059915	-0.1691745	-0.31286642	0.4793089	0.43459633	-0.3068041	-0.39650837	0.26755592	-0.10648406	-0.33840844	-0.29421124	0.49815157	0.029023279	-0.27200875	1.1359572	0.622298	0.3832346	1.4204828	-0.25796333	-0.021326412	0.31252983	-0.19408754
-0.28390682	-0.31022686	-0.13176188	0.72240084	-0.33617386	-0.3985685	-0.42481717	0.19654079	0.07948484	0.14371923	-0.47365135	0.24911812	-0.6057117	-0.45111385	-0.48159993	-0.051630232	0.09905394	-0.12430726	-0.30628467	0.3925998	-0.048140332	0.5280726	-0.70635885	0.6345528	0.077737525	0.63940847	0.036497835	-0.0033892712	-0.4161099	-0.47576582	0.010423688	0.0934351	-0.34396103	-0.23447917	0.27170712	0.04630707	-1.0943182	0.25261894	0.53791064	0.19489239	-0.5281107	0.019990021	0.55882627	-0.64565873	0.023387719	0.050117638	-0.40395784	0.017599406	-0.88705915	-0.06306694	-0.4627644	-0.24188448	-0.13501887	-0.665474	-0.5638106	1.0909352	0.36330622	0.29133415	-0.88517964	0.21934111	-0.33771566	0.00831252	-0.26630428	-0.09010104	0.2994762	-0.7024204	0.4602147	0.4876154	-0.14007676	-0.09362467	-0.74709016	-0.6901943	0.09703619	0.16527458	-0.024401251	0.6795401	0.16788256	0.5421447	-0.38079354	-0.45420027	0.789572	0.64309794	0.7820803	-0.3151495	0.15823992	-0.104515955	0.1732476	0.50153464	0.0883747	0.4906773	-0.7465764	0.2204927	-0.14328499	-1.0251772	0.6782868	-0.008669371	-0.23419966	-0.31075695	0.52871525	-0.22735839	0.8226951	-0.08728952	0.016630935	0.08575007	-0.28784055	0.3026268	0.23558578	0.2916699	-0.21566279	-0.073980995	-0.30452055	0.7538169	0.17443477	-0.6221543	0.36793068	0.13624851	-0.03641373	-0.022400847	-0.14484328	0.07948552	0.6167971	0.18308315	0.6034778	-0.3479783	0.14270735	0.26248226	-0.3379021	0.6653718	0.29520786	-0.39795944	0.25229058	-0.011843273	0.06052675	-0.58015	-0.3439278	-0.04654393	-0.14345524	0.09039754	-0.26900682	0.24036565	0.17215441	-0.94684	0.94079626	-0.48430637	0.26906982	0.91992843	0.0028527786	0.057303302	-0.55649936	-0.06715043
-0.54128593	0.0916269	0.8387478	-0.6687876	0.15112244	-0.35608673	0.8149179	-0.21707265	-0.731318	-0.025952514	-0.31705818	-0.35737154	0.1544211	-0.38344565	0.21161687	0.18485068	0.46559203	-0.24808908	-0.5772287	-0.26503354	0.144105	-0.21462627	0.085150614	0.51341075	-0.034239687	-0.33295885	-0.5047467	0.10108819	-0.03385257	-0.6217835	0.03413754	-0.20580894	-0.045319196	-0.39696026	-0.36751014	0.009548226	0.5860899	-0.14082882	0.5236445	-0.08020129	-0.7146456	0.80188316	0.42528385	-0.12530036	0.024943905	-0.7564917	-0.2945965	-0.6095985	-0.6680432	-0.033874884	-0.05494512	0.526525	0.11529381	-0.2988605	0.23806834	-0.26056135	0.36472926	-0.57148856	-0.396736	0.36886355	-0.39287654	-0.28822213	-0.84197265	0.46528393	-0.23035602	0.16150378	0.6024654	0.013455244	0.36658126	-0.17531873	0.46421582	0.20265256	-0.15913944	-0.37362295	-0.41474336	0.1015279	0.6511118	0.95517516	-0.18385789	0.7396043	0.2849284	-0.76152986	0.17283319	0.33608446	-0.061075807	-0.21975522	-0.85946167	0.101666495	-0.1807126	-0.11176583	-0.5757118	0.36616606	0.11564835	0.05475655	0.5553528	-0.030159151	0.08014947	0.3384279	0.101882406	0.15745264	0.19298938	0.10390074	-1.1193116	-0.55080295	0.33369866	0.37281734	0.92771304	-1.0630221	-0.030858224	-0.49705902	-0.33089048	0.636822	-0.12459932	0.6858766	0.36269233	-0.42102584	-0.054493614	-0.26193905	-0.5421697	-0.14998226	0.43693164	0.17029455	0.080946356	0.028175253	-0.28710374	-1.0185415	0.23322454	0.7969578	0.39101684	-0.72151816	-0.19583638	1.2715472	0.42246848	0.3877532	0.5760628	-0.0581574	0.33963084	-0.28873706	0.0031791693	0.62132967	0.7448999	0.3820922	0.18436392	0.32585466	-0.6937035	0.43667305	0.2406306	-0.011629842	0.18408017	-0.22843568
0.40526968	0.09255777	0.24693614	-0.2536038	0.50327355	0.09077158	0.15746464	-0.20931137	-0.15303098	-0.08135731	0.48353767	-0.12336689	-0.42877746	-0.49731034	0.3581862	-0.2894956	0.5664693	-0.094447635	-0.63610506	0.132371	0.36264044	-0.31081858	-0.8390642	0.1997919	0.238782	-0.22858036	-0.77194333	-0.77810806	-0.3546973	-0.2206443	0.40354314	-0.18847944	-0.40634793	0.39364752	0.4992376	0.120809995	0.13037977	-0.34454346	-0.5458731	-0.66434324	-0.29830065	-0.17117198	0.90997756	-0.080895886	0.07190944	0.16993734	-0.022026736	0.5203582	0.36827105	-0.5622874	-0.155915	0.4295401	0.08846977	0.43447888	-0.38986444	-0.16841175	0.14048004	0.6149095	-0.3331403	0.17402829	-0.46776196	1.0637842	0.6953317	-0.15082802	-0.31996605	0.010766008	0.31504652	0.80416906	-0.48217848	0.5162761	0.10911674	-0.40866625	-0.4874266	-0.0482828	0.0003170386	-0.49386725	0.47065508	0.1987093	-0.14648122	-0.24464746	0.0067992816	0.8535445	0.07704832	0.13878572	-0.43746236	0.022620434	-0.4410488	-0.9341352	0.73707306	-0.12496596	-0.7476113	-0.4652764	-0.35940084	-0.5503239	-0.13523354	-0.446033	-0.31848148	-0.07163892	0.62328964	0.2870716	0.64763004	-0.022853594	-0.91539496	-0.8232338	-0.017094037	-0.41513696	-0.41008037	-1.2200065	0.51417255	0.21058662	0.021379875	-0.034307573	-0.70173967	0.36993203	0.29985934	-0.7560213	-0.36154735	0.31006753	-0.20919864	-0.62741226	0.5341588	-0.36005485	0.27270442	0.14908808	-0.18821988	-0.43634877	-0.5164227	0.026477782	-0.5146557	-0.62828386	-0.8109784	0.0047485493	0.10498842	0.1279714	0.70313644	0.25245225	0.743316	-0.17513391	0.4495924	-0.15748662	0.8911546	0.9668038	0.03742951	0.7346275	0.07238505	0.53232694	0.3605492	0.1285316	0.057179935	-0.4411881
-0.2606492	0.5039432	0.57166946	-0.33560076	-0.70464635	0.56712484	0.16894637	0.24478652	-0.02737168	0.9977755	0.28459248	0.18992132	0.11936466	-0.3894009	-0.8055243	0.21383879	1.1441352	-0.022679634	-0.35471314	0.7247986	0.09304534	0.353198	-0.31430337	-0.055249255	0.57282656	0.5866228	-0.16761875	-0.11367986	-0.6078803	-0.03685947	0.2680252	-0.029048713	-0.36807165	0.30168372	-0.07772405	-0.36223435	-0.1235323	-0.40107122	-0.5003209	0.48747426	0.10907039	1.0023336	-0.0748074	0.24808691	0.7562309	0.03977291	-0.32783267	0.37576482	0.49889725	0.43500593	-0.4307984	-0.0828736	-0.31157938	-0.42296857	-0.17336981	-0.39280915	0.44711292	0.18743813	0.4687677	0.061123554	0.19290054	0.26731858	0.43374646	0.63662213	0.051830962	-0.021602187	0.18956135	-0.2446701	0.19860919	-0.1907241	-0.93374544	-0.15953743	0.15140419	-0.97332674	0.4025236	-0.07915908	0.59205437	0.019455273	-0.019651236	-1.0136465	-0.025888989	-0.26301768	-0.0051797866	0.2364901	-0.051952094	-0.72351056	0.1877743	0.38928482	0.3075129	-1.3522832	0.4387012	0.7842849	-0.0149802845	0.00075134356	0.08493334	-0.6781751	-0.3820189	0.061355826	0.41723228	-0.55495876	0.39123252	-0.3163611	-0.047850132	-0.2775976	0.050050993	-0.64876527	0.072753	0.20346645	-0.062254407	0.54286003	0.8734124	0.28076988	0.07872941	0.74253273	0.14128274	-0.39142528	0.31434596	-0.8557259	-0.18306522	0.31161493	0.32735643	0.6111373	-0.084277295	-0.0066531315	0.75430256	0.5772513	0.23949935	0.49235776	-0.12127479	-0.72285366	-0.14183636	0.55701363	0.083956644	-0.2332043	0.16908304	0.3003327	-0.40741307	-0.03333608	-0.4475658	-0.39467013	0.14133802	-0.10614383	0.09799854	-0.036774937	0.44416422	0.7074497	0.5325456	-0.6512358	0.69438714	0.5303771
-0.23796105	-0.472742	0.28428042	-0.76197624	-0.72863364	0.49159178	-0.36459702	1.068044	-0.23241259	1.3977919	0.5291221	-0.6160199	0.12801832	0.11335084	0.048074197	-0.7048123	0.26917267	0.2795948	0.34170908	0.38643828	-0.15244465	0.42572153	0.4917191	0.4985928	-0.06777138	0.35385182	0.834327	-0.503129	-0.28584698	-0.11835615	-0.46267006	-0.7750799	-0.30980784	0.19911909	0.2558633	-0.22776666	-1.2308115	-0.23538284	-0.21790715	-0.46390244	-0.71541005	-0.22902273	0.8191951	-0.22286092	-0.95085615	-0.4932048	-0.55333436	-0.26129842	0.33744496	-0.2128602	-0.38121045	-0.93427616	0.21049201	0.30316153	0.25336438	-0.047197126	-0.6599368	0.43814236	-1.0018314	1.0098894	-0.24893022	-0.15563916	-0.57885957	0.6526755	-0.18468703	-0.044401713	-0.12697978	0.3813506	-0.7975263	0.38508135	-0.5129233	-0.19699126	-0.186255	-0.112931155	0.70002705	-0.84104425	-0.3623677	0.34697887	-0.38195014	0.13328928	0.6746269	0.27466443	0.7072935	-0.17361695	0.19313268	-0.93399674	-0.66478986	0.40235826	-0.6606686	-0.04827116	-0.18931687	0.74213976	-0.27183563	-0.6120626	-0.28709784	0.31154227	-0.45031163	-0.2835181	-0.18373	-0.19734146	0.57093	-0.114964955	-0.18036908	-0.27628496	-0.47832853	-0.2232549	-0.21994205	-0.13147219	0.24889538	0.26025516	0.8990063	0.70848066	-1.1195859	0.088975385	0.12734962	0.43647823	0.92829496	-0.47903273	0.60712236	0.08251566	0.32717943	0.7960631	1.215705	-0.37872332	0.056300003	0.113584824	-0.70842814	-0.10645827	0.083663866	-0.33734384	1.0619977	0.24001613	-0.21367684	0.75701773	0.57428527	-0.4253021	-0.47589743	0.19567496	-0.36489192	1.6477714	0.016788075	0.20987844	1.1416095	0.9601085	-0.099059165	1.3720546	-0.5008683	-0.7741589	0.36528343	-0.5711978
-0.6688805	-0.67169696	0.24021976	-0.6110865	-0.14456445	1.2897041	-0.17667803	-0.14050443	-0.6435347	0.5424103	-0.13766392	0.61290056	0.16787429	-0.84807026	0.23565741	-0.42413852	-0.77628946	0.15873736	0.34169725	-0.109145865	-0.36899143	-0.62550443	0.46512052	-0.46212494	-0.034950502	0.124456815	-0.73542714	-0.45232207	-0.027068576	-0.2708522	0.49414387	-1.0157329	-0.04367966	0.61862236	-0.032661993	-0.05992657	-0.11698956	-0.020542884	-0.35631877	-0.5639867	-1.2231414	-0.21318007	0.253574	0.7098037	-0.8025653	0.3273326	0.6508467	0.75376457	0.111136705	0.81349945	0.42426336	-0.6661828	0.8417026	-0.3180521	-0.19316219	-0.44851345	0.23564346	0.8115544	-0.8930912	0.7249216	0.86720383	0.0705556	-0.12054835	0.89194846	-0.11896051	-0.51991546	0.31964868	0.10327913	-0.8000515	0.16295578	-0.6245472	-0.30444264	-0.4382457	-0.7210064	0.68480456	0.4743541	-0.63476855	0.38472864	-0.32926482	-0.22823085	-0.44235668	-0.33747068	0.44104034	0.7925495	0.21733285	-0.97894675	-0.48901334	-0.6875192	-0.0034790237	-0.8044399	0.07995864	0.014508182	0.040885955	0.09294748	0.27170253	-0.1338748	-0.016871314	0.13415483	-0.55314285	-0.16143492	0.044412088	0.11780264	0.3836754	-0.07683094	0.19969657	0.6213465	0.015876861	0.3953813	-0.34958747	-0.0007967522	-0.21941285	0.0767352	-0.3345316	-0.457572	0.20347394	-0.49770296	0.38748562	-0.8236343	0.778759	-0.08565115	0.5224959	-0.028099755	0.5962097	-0.7366323	1.1210191	0.08201695	0.007333158	-0.015220497	-0.7961245	-0.838992	0.7068888	0.03396707	0.8758722	-0.48737395	0.047975473	-0.3064916	0.077249736	-0.64082223	0.38532555	0.08162102	0.60686755	-0.46531555	1.0574067	0.6769356	0.27225623	0.63688123	-0.09275471	0.20974265	-0.18907845	-0.13514464
-0.3466491	-0.39414442	0.65345234	-0.48477817	0.23371726	0.011385544	-0.11565949	0.7065861	-0.7774722	0.029757297	-0.029645093	0.2591785	0.608537	-0.039787628	0.37675357	-0.67548335	-0.12588143	-0.75456804	0.65046287	-0.6190544	0.7595585	1.1141107	0.88505435	0.7503323	-0.17728242	0.3391113	0.37293166	-0.33744702	-0.7790533	0.40600973	1.1964067	0.9134665	-0.3274005	0.20489976	-0.2802634	0.012307546	0.45263565	-0.716014	-0.3840348	-0.27504638	-0.036557518	-0.4019107	-0.46448308	-0.7840562	0.3098813	0.9788443	0.1763635	-0.15580684	0.3495886	-0.4267463	0.06400144	0.025554378	-0.9900682	-0.032276787	0.17646043	0.35617134	0.30155176	-0.6759454	0.04219634	-0.74959046	-0.37498847	0.21632761	0.00492704	0.30383825	-0.5030076	0.1866845	-0.04643507	0.892362	-0.752627	-0.813566	-0.20624715	0.21751647	-0.3647275	0.35900107	0.6143612	0.20754461	-0.20406745	-0.2561189	0.32725623	-0.14874849	-0.037369546	0.12195227	0.6666603	-0.05897731	0.01953648	-0.098422654	0.23646034	-0.34637272	0.04451892	-0.81299365	-1.1313822	0.6968988	-0.040510062	-0.369214	0.17446512	-0.6034508	-0.12765388	0.0055773347	0.7185373	0.028984455	0.8734384	-0.72098076	-0.33029312	0.44307157	-0.26829258	-0.5802534	0.5832888	1.0330404	0.5673648	0.63224024	0.17387724	0.1610491	-1.0410457	-0.28809333	-0.08339271	-0.81084585	-0.31079543	0.27867	-0.79239005	0.10434843	0.7360694	0.8514285	0.63092947	0.49028024	0.7735883	0.4183772	-0.66631925	-0.208949	-0.3131224	-0.3330529	-0.122777976	0.37514824	0.57070875	0.072081916	-0.7287026	-0.11384367	-0.65179765	-0.93222886	-0.2539616	0.4034029	0.3881852	0.47330546	0.9400904	0.26059616	-0.018426623	0.60770863	-0.3224501	-0.3793842	-0.24940126	-0.61337763
-0.27969253	-0.5805597	0.6201697	0.13582395	-0.2195735	-0.10911588	-0.019871822	0.015646834	-0.27198806	0.87276435	-0.14403243	0.5845795	0.7417288	0.0803929	0.57403755	0.11020627	0.44881576	-0.21689446	0.90886647	0.56155735	-0.76448476	0.13631329	-0.12814724	0.0055898214	0.607279	0.5655947	-1.0091525	-0.87202245	0.21299744	-1.2609642	0.019590706	0.19836256	-0.4477184	0.599019	-0.1377843	-0.20083925	-0.06423045	-1.1068959	-0.055529237	0.39831653	-0.10697381	-0.5488089	1.2822983	0.914572	-0.1155655	-0.70268244	0.07337957	0.7053259	-0.045689218	-0.21209076	-1.0039282	0.07338289	-0.53130734	-0.48216435	0.765398	0.49143466	-0.22943485	0.2634708	-0.011876471	0.37725124	-0.99200606	-0.33419347	-0.4994715	0.48072687	0.49540573	0.03921489	0.28101224	-0.21214262	0.36936337	0.5951587	-0.13389805	-0.2799429	0.28767803	-0.50987303	-0.53912014	-0.07264002	0.7591076	-0.30897573	-0.562352	-0.45346093	0.1075125	-0.25382575	-0.23832576	0.60397714	0.35023326	-1.1684728	-0.64560413	-0.14646216	0.081452414	-0.25032398	-0.22886503	0.6263275	0.4471542	-0.5842454	0.33458406	0.1944222	-1.1247858	0.6107717	0.58632326	0.19564913	0.02255736	0.2972307	-0.052746233	0.21294245	-0.533977	0.34081015	0.4960892	-0.047997322	-0.8521571	-0.40948302	-0.087533824	-0.12778789	-0.5310174	-0.59705377	-0.51792043	0.33774382	0.48272663	0.1705405	-0.1990986	0.17036071	1.1438037	0.2667168	0.18119165	-0.21208411	0.69106734	-0.5159915	-0.7207525	0.4326133	0.13352098	-0.8854952	-0.105696045	-0.24191128	0.22377887	-0.38733643	-0.24422349	-0.12819082	0.95104265	0.048676632	-0.08545046	-0.12929711	0.039493136	0.52870727	0.9870817	0.81915104	0.038007766	-0.425989	-0.19183888	-0.06317494	0.4578148	0.4926664
0.21734272	-0.9736839	0.052916322	-0.2180652	-0.50076205	-0.10379618	-0.11246871	0.274418	-0.8045495	0.2989408	-0.03621605	0.40409482	0.040425155	-0.3959694	1.1025983	0.20860772	0.34939355	-0.3386354	-0.3927354	0.3638066	-0.2976375	0.09658565	0.41901216	1.3583877	0.12039874	0.7380619	-0.5358242	-0.03143839	0.9846118	-0.4210481	-0.05923016	0.42779619	-0.16464333	-0.16506167	0.23473044	-0.13478634	-0.21078448	0.5213901	-0.036143944	-0.583262	-0.21384187	-0.6830933	-0.81380224	-0.4272404	-0.60715985	0.4584152	-0.59071857	0.11479608	-0.2944932	-0.539949	0.43493927	-0.43556345	-0.029434921	-0.45572394	1.0696074	-0.4188706	0.3764799	0.4286828	-0.6494624	0.14336158	0.98584604	-0.05521714	-0.5466916	0.0760413	-0.73828536	-1.4443301	0.5950195	-0.40283754	-0.6702816	0.77982527	0.55816525	-0.27608374	-0.50726587	-0.37438077	-0.25341022	0.5042659	-0.68031806	0.20760855	0.37154844	0.69561124	0.54749656	-0.3396951	0.40233436	0.1479507	0.55150056	-0.57247937	0.008474957	-0.35924166	-0.32456908	-0.44335556	-0.55828214	-0.37267745	0.15734796	-1.021089	1.0890565	0.7429121	0.5648833	0.1304335	0.29119867	0.21318835	1.1415347	-0.28190553	-0.3106625	0.15219867	-0.092499815	-0.76138633	-0.44789928	-0.858811	-0.1381319	0.05381699	0.4343428	-0.09739563	-0.40256378	-0.47321945	-0.044076096	-0.12195078	-0.33885685	-0.26227856	0.6934792	-0.3768144	0.8286932	0.4830623	-0.2128888	-0.048454262	0.2544074	-0.33270946	-0.28274685	0.8211643	0.23212603	0.27444565	0.53659564	0.79063565	0.34701645	0.012818136	0.024322413	0.5135972	0.004499409	0.18108791	0.5474883	0.15259844	-0.082015954	-0.4450727	0.27276152	-0.17318411	0.6834893	0.6460461	0.5073276	0.13321292	0.18644033	-0.01950776
-0.27239287	-1.0988438	-0.7121732	-0.6829831	0.56412494	-0.21438482	0.1363929	0.8686828	-0.4253635	0.50800925	0.6686616	0.7998088	-0.55702806	-0.5212127	0.8248616	-0.14204717	-0.6032013	0.22220282	0.5315241	0.64226353	0.11911817	0.092654236	-0.24311267	-0.3562444	-0.2692473	-0.21188302	0.25115123	-0.8849572	0.50431424	0.33447677	0.8271271	-0.074955694	0.46348825	-0.53489554	0.066452384	0.24559376	0.7763097	-0.9130656	-0.48321697	0.08706788	-0.18282624	-0.44715655	0.51238143	-0.6257737	-0.0042916397	0.19410095	0.219319	0.68775475	-0.03543126	-0.14422594	0.5831745	-0.24121052	-0.6173906	-0.07855974	0.9892086	-0.38930136	0.35757843	0.37077224	0.30393794	0.70325035	-0.3608307	0.24169789	-0.7248594	0.07552293	0.5675595	-0.16788502	0.8115777	-0.090131156	-0.18096896	-0.57088363	0.005060417	-0.0726528	-0.26639992	0.5695668	0.43302858	0.5026436	0.2163008	-0.66912895	-0.53933	-0.18682197	0.05287246	0.46411183	-0.16333903	0.5011677	0.103189655	-0.23553374	0.4412417	-0.37997004	0.37169865	-0.3089101	-0.35434568	-0.10071756	0.19279478	-0.5224649	0.30663025	0.10306412	0.5756289	1.2419624	-0.17527167	-0.6031739	0.36673203	0.26645884	0.08579669	-0.85840493	-0.081014134	1.1155186	0.07285172	-0.009499251	0.321886	-0.13889603	0.302013	0.36370707	-0.51405615	-0.68141955	0.05030479	-0.30404362	0.7289277	0.07151918	0.43453482	-0.51736	-0.38836828	0.369475	-0.4044189	-1.0100254	-0.09413613	-0.39710644	-0.26683906	0.44737348	-0.18751842	-0.23721771	-0.20756596	0.14371629	0.046109103	-0.79616773	0.10092444	0.42420608	-0.1063006	-0.20405774	0.07791975	0.7758937	0.227961	-0.29801583	0.97371686	0.34821087	0.20503542	0.30354625	0.122318424	-0.21030684	0.15015382	-0.33768103
0.61272985	-0.9129945	0.22136031	-0.85938203	0.09032104	0.42782566	0.31253678	0.5278666	-0.006145352	-0.07306287	0.14570138	0.49666145	-0.10204254	0.074940324	-0.41517904	0.8281196	0.8287206	0.18296944	0.3296243	0.27781197	-0.5001459	1.2943494	-0.33405554	0.44518134	0.099669226	0.26699835	-0.32794207	0.4305797	-0.4706139	-0.3814739	-0.7160823	-0.22076784	-0.08922306	0.30586708	-1.0155288	-0.13026075	0.036490273	0.060454413	0.12599999	0.41291633	-0.57925916	-0.05825232	0.3675151	-0.43907955	-0.37852213	0.25322625	-0.16105475	0.35537675	-0.021014549	-0.14407362	-0.30053204	-0.23104198	-0.026386986	-0.123815715	0.047316357	0.37848702	0.21803926	0.0893523	-0.16074248	-0.22191522	-0.47116318	0.011919504	-0.26335335	0.17578116	-0.4780927	-0.27623907	0.85641336	-0.40966547	-0.054650575	0.16975786	0.28043562	0.6567978	-0.6330838	0.088710696	0.1836068	-0.19875623	-0.30910492	0.15561384	0.3448209	-0.25995988	0.8464506	0.07900977	-0.7474444	0.5374195	0.39185697	-0.46577114	0.6518237	0.29697597	0.11919672	-0.32906345	-0.17321607	-0.23777291	-0.08832244	-0.24904817	-0.3681913	0.17315342	-0.4564312	0.19577642	0.7003484	0.23985662	0.141456	0.7425273	-0.29145822	0.38106576	-0.07868014	-0.35520357	0.018238742	0.4492404	0.15369824	-0.2915517	0.051682368	0.09026843	-0.19190173	0.32675552	0.052020535	-0.12253425	-1.0191411	-0.83308595	-0.9731947	0.06688126	0.040390432	0.107390046	-0.32698876	0.042296734	0.46371275	0.32303283	-0.094325714	0.26137692	0.29218724	-0.6036868	-0.2456573	0.9115333	0.022785828	0.45921	0.052896436	0.2747735	-0.15550636	-0.3757644	-0.15383974	-0.8273076	0.3131636	0.40267095	-0.10321049	-0.2057636	-0.085458025	0.8717355	-0.37554187	-0.6798024	0.6515223	-0.43523028
0.5617407	-0.5988976	0.7320233	0.34360626	0.72150034	0.8116608	0.29484373	0.36662558	-0.29492304	-0.14571847	-0.6251479	0.0960375	0.07890072	-0.11751787	0.06773598	0.25852957	-0.24570468	-0.40282977	0.00070631603	-1.076938	-0.8521581	-0.2517583	0.23796187	0.6549925	0.30030212	0.21015261	-1.0456762	-0.7111586	-0.014567678	-0.13374084	0.19617598	0.3694092	-0.21935992	0.5205557	-0.40037596	0.6008335	0.08164993	-0.83684254	0.048618056	0.64357173	0.34055588	-0.68875825	0.5904525	-0.73818	0.21664847	0.3635742	-0.013077622	0.19251661	-0.4470167	-0.1934551	-0.5985424	-0.27549097	0.074884646	0.20682988	0.20148453	0.40531087	0.46626595	0.16087306	0.47971722	0.24403143	0.1921563	-0.009315482	0.356471	-0.16937235	-0.8290011	-0.09843885	0.33232576	0.05282703	0.43723413	0.046838984	0.023800213	0.40122074	-0.5096138	-0.058215022	-0.7436523	0.19266771	0.6793222	0.416123	-0.7746389	0.1400206	0.2810334	0.6403987	0.23904702	-1.0923755	-0.2745232	-0.23655902	-0.67615896	-0.18063994	-0.19833782	-0.6481665	-0.14249638	0.7979954	0.19444525	0.27943745	1.3539408	-1.0191708	-0.35541221	0.041274644	1.0133089	1.0054044	0.35488418	0.29458284	0.056157842	-0.4496662	-0.5687778	-0.2304794	0.29872853	-0.016376968	-0.0977252	-0.49958333	-0.5876986	-0.19703667	-0.22343002	0.6779626	-0.6643498	-0.520591	-0.5181779	-0.74579996	-0.3236681	0.6084286	0.6412123	-0.32962278	-0.9186825	0.3513988	0.01644998	-0.2896444	0.122101285	0.19093418	-0.120878205	-0.8990814	-1.1853927	0.29328462	0.3865624	0.6287578	-0.1251725	-0.092566766	0.47282946	-0.29892954	-0.254166	-0.59904164	0.22517453	-0.38890433	0.3704303	-0.16782388	-0.33529288	0.20703661	-0.16342236	-0.17127334	0.5231908	-1.1125437
0.786756	-0.09899496	-0.20427035	-0.5527982	-0.33946705	0.22508205	-0.7630639	0.16686346	-0.04871233	1.0483177	-0.5759306	0.62502223	0.522583	-0.33185816	-0.49237886	0.5542104	0.5428238	-0.22325327	-0.27691072	0.38871014	0.32878995	0.3734695	-0.077740826	-0.10182519	-0.1435153	0.557414	-0.58069944	0.41104984	-0.48786366	-0.38351092	-0.312009	0.49788496	0.5894174	-0.7763168	-0.0410995	-0.6114417	0.80233836	-0.15587297	-0.2503597	0.17461818	-0.31724727	0.3463397	0.702469	-0.5581892	-0.52794945	0.5854835	-0.56202316	0.7439322	-0.41057467	0.03182343	0.018014576	-0.2714832	-0.33147612	-0.70577055	-0.78841674	-0.9241471	0.41590396	0.5811393	0.537704	0.8110365	-0.74722487	-0.21034132	-0.1578853	0.13511963	-0.40023303	0.2689975	-0.14594431	0.23014882	-0.28599653	-0.5138264	0.70314646	0.46535096	-0.49397317	0.56026703	0.07603374	0.5894905	0.038552713	0.19039856	-0.1699887	0.10153588	0.14927672	-0.24887896	0.039244186	-0.35466814	0.9639853	-0.8581557	0.8597008	-0.05347229	-0.41938987	-1.102572	-0.34934035	-0.817407	-0.9774613	-0.5452	0.47633603	0.2662473	0.09942437	-0.27358904	0.86404014	-0.27342516	0.43279228	-0.8657233	0.24301068	-0.38258713	-0.40796533	0.23350237	0.2621569	0.32518724	-0.5364771	0.5330067	-0.4505862	-0.22016604	-0.46911007	-0.09193676	0.32611647	0.1596181	0.03906954	-0.464744	0.10518797	0.34604955	-0.014404208	0.037325434	-0.6127919	0.036236834	0.107639305	-0.07172436	-0.17207168	-0.10746089	0.3611797	-0.36463097	-0.28825545	-0.20765117	-0.10892136	0.033989143	0.34580398	-0.6105672	-0.35129085	-0.44165805	-0.051698387	-0.69459623	-0.36692506	0.41761896	0.39954743	0.5565365	0.9705769	0.95149183	0.07187484	-0.14635684	-0.10583233	0.085875064
0.4119464	0.7416193	0.41367176	-0.22423533	0.50736296	-0.31473184	-0.10903835	-0.07096888	0.23902714	-0.07966526	0.2629511	0.1956987	0.077043936	-0.39969414	-0.22915949	0.7635992	0.04994538	0.084709406	-0.19025706	0.17402813	-0.22952199	0.46063945	-0.47854456	0.30007192	1.0811056	-0.28946957	-0.7944374	-0.6181471	-0.112999134	-0.2945177	-0.07659987	-0.058206968	-0.8990005	-0.31947345	0.58237976	0.2772659	0.57279927	0.6938092	-0.3090063	-0.11148689	0.29223284	0.51654494	0.33730206	0.064232625	0.24867529	-0.10779793	-1.010313	0.23865114	-0.40045062	0.20628113	-0.43660405	-1.4302378	-0.10006384	-0.25760219	0.2380765	-0.030673783	-0.3502471	-0.18310653	-0.3403882	0.1552108	-0.13731392	0.1321201	0.4828099	-0.290719	-0.068128645	0.10082697	0.5895826	-1.0365236	0.016185403	0.81273353	-0.8307932	0.048205953	-0.032036234	0.2530003	-0.06901669	-0.2540466	-0.19808002	-0.5044679	-0.08987127	-1.0067785	0.26944524	-0.56924176	0.84291935	0.2922199	0.27060124	0.11609666	0.23207425	-0.0031302292	-1.1261487	-0.23906486	-1.0556849	0.46317673	0.12633336	-0.15301548	1.3754919	-0.38093346	-0.3364892	-0.011614192	0.84387136	-0.004576334	0.05867908	0.26120362	-0.5098403	-0.00052051875	-0.8260029	-0.34764463	0.36049217	-0.39087418	0.15474872	0.8816042	-1.5610843	-0.25901684	0.104689755	-0.29306003	0.23873377	-0.4138633	-0.2512556	0.13331936	-0.053588443	0.7988035	-0.044250518	0.5594676	-0.3062133	-0.43929666	0.33940247	-0.45981482	0.48637432	-0.7935578	-0.13386974	-0.8107177	-0.051825885	0.52887684	-0.11874161	0.5746226	0.14271885	0.25074694	0.39547485	-0.4014172	-0.5784979	-0.010983156	-0.03615776	-0.6716643	0.5411836	0.79220986	0.26044315	0.8809483	0.078897595	0.16737847	-0.123701625	-0.38517216
-0.66783464	0.013684636	0.77269775	-0.25912717	-0.23188892	-0.052449312	-0.7509843	0.7990771	-0.08609472	0.19020222	-0.4633717	0.12275268	0.36501303	0.7933839	-0.25353554	0.29327613	-0.012219985	0.8825249	0.4266382	0.21623698	0.3635252	1.025386	0.8427077	0.27424446	0.06455649	0.37129226	-0.67590666	0.075685985	-0.5410382	-0.013790722	0.4657357	-0.6320774	-0.20907927	-0.2824668	-0.40633735	-0.1787511	0.00687022	-0.79438275	-0.09240965	-0.12798814	-0.32509208	0.46363822	0.20788306	-0.12936814	0.24870752	-0.08990773	-0.13710439	0.038071018	-0.6072138	-1.0074819	0.79562783	-1.0890949	-0.51020193	0.689809	-0.43161726	0.24872395	0.7038934	0.50116616	-0.35514244	-0.21016593	-0.784715	-0.1948015	0.40264526	-0.20690101	0.15725684	-1.423026	0.9274032	-0.12703496	-0.64461994	-0.32841563	-1.5591906	-0.5057161	0.17878802	0.38367325	0.25423232	-0.29201686	-0.25252572	0.61964965	0.013460846	-0.5882114	0.105479695	-0.28914258	-0.060703065	0.6534526	0.27917048	-0.6871953	-0.47892863	-0.6768821	0.15903048	0.068453476	-0.2657107	-0.17458272	-0.35440335	0.5635454	-0.28974283	1.0175387	0.56394047	-0.10580194	-0.041518863	-0.45948404	-0.16602525	-0.449924	-0.38784492	-0.6762081	0.16886874	1.15249	0.47504392	-0.28616223	0.20149337	0.45622417	-0.7132677	-0.09174129	-0.78874546	-0.37089902	0.29091704	0.3038415	-1.260801	-0.47741923	0.096813716	-0.82511497	0.9547003	0.33457997	0.36922324	0.2796955	-0.14868952	-0.121767916	-0.58192706	-0.13548385	0.2373712	-0.6199871	-0.66267735	-0.000979917	0.58271205	-1.0287716	0.32264102	0.46238157	-0.23722038	-0.34847465	-0.45991197	0.07852755	-0.052486453	0.018816603	-0.40685794	-0.33917242	-0.3379967	-0.022299152	-0.389445	-0.31303465	0.11029761	0.2622763
-0.11397029	-0.5050552	0.67875606	0.8595488	-0.7108694	0.69144326	-0.26896116	0.71840054	-1.1622831	0.27295455	-0.36537862	0.1373063	0.0012273877	-1.1210979	0.36405534	-0.18638667	-0.14886527	-0.837473	0.040384106	0.40920302	-0.34211582	0.9275598	0.1746632	-0.0006483466	0.45740888	-0.17090449	0.35306695	0.7507234	-0.3586832	0.10772031	-0.45392603	0.090687945	-0.32823524	0.661517	0.73901874	-0.23653726	0.15578207	0.064214475	-0.05082471	-1.1538044	0.03343669	-0.31230918	0.26031783	-1.0939265	0.5575036	0.642434	-0.03058793	-0.07930214	-0.21867035	-0.10559587	-0.16733667	-0.35374993	0.29089507	0.73264444	0.18207143	-0.19088128	-0.67274797	0.6933305	-0.17142096	0.123051085	-0.33742154	-0.711441	-0.16994981	-0.2928497	-0.22838822	0.9047734	-0.14918435	-0.43353313	0.030353274	0.18821324	-0.58567804	0.4534281	0.3577697	-0.5284252	0.37765825	0.18618429	0.10287816	0.15830423	0.21156856	-0.3127046	0.1969838	0.11699746	0.120789714	0.05623018	-0.34734818	-0.09701991	0.05257072	0.015607496	0.394944	-0.5688836	-1.1434195	1.0028986	0.24247731	-0.49987993	-0.7556835	-1.2515178	-0.46345574	-0.056708984	0.18538085	-0.04091232	0.18073426	0.6803118	0.43437728	-0.32356384	-0.53344125	1.1971117	-0.87916625	-0.59851277	0.27273807	-0.23878308	0.569039	0.2224804	-0.410138	0.4046925	1.1580532	-0.3018383	0.17795922	-0.2175681	-0.02543032	0.0381087	0.19788752	-0.07277202	-0.5005051	-0.030561676	0.101262785	-0.5282031	0.29970956	-0.17339262	0.3129899	-0.59845537	-0.27795163	0.1682132	0.8122094	-0.19508786	0.15351984	-0.50234294	-0.36041844	0.5786013	-0.22618166	0.27915004	-0.42431423	0.49580422	0.4991425	0.32600826	0.25501627	1.1126202	-0.46278933	-0.1775785	-0.3035767	-0.3140986
0.39002162	0.17416601	-0.07859823	-0.4113792	-0.5750023	0.13777585	0.02283888	-0.35365474	-0.34640232	0.7975161	-0.009753	0.1225975	0.0636958	-0.75337833	-0.016616438	-0.16864802	0.74037445	1.3127946	-0.6403137	0.76770914	0.22570853	-0.104508914	-0.26995814	0.38650548	0.85600317	1.1408762	-0.1262402	0.33669353	-0.23882534	0.26067367	-0.4834745	1.1613709	-0.14012058	-0.431095	0.1506332	0.093132265	-0.45630032	-0.142647	0.90038353	0.029709488	-0.061005726	0.32991132	0.35534647	0.41443285	-1.158337	0.21314773	-0.4458089	0.9419016	-0.6724053	0.32549104	-0.7332574	-0.38471305	-0.06483526	0.7022205	-0.61283886	0.4330643	0.18083373	0.21198182	0.5606566	-0.258786	0.28362235	-0.4427083	-0.51628995	0.7100911	-0.26458767	0.39960927	-0.013804659	-0.93712157	-0.21681772	0.12385443	-0.61098576	0.02419	-0.21222751	0.8161954	0.5631132	0.52724713	-0.45413092	0.70539343	-0.45183936	0.8430607	0.031056445	0.06358668	0.024447378	-0.3161409	0.21263185	-0.2535581	-0.65474445	0.15210289	0.07851348	-0.87160075	-0.6315972	-0.2915039	-0.44196254	-0.45713735	0.40518707	-0.03245133	0.1593155	-0.2132239	0.035662472	-0.04625838	0.49381986	0.29812947	0.45372087	-0.015655579	-0.38470775	0.5571073	-0.09472249	0.41423762	0.36672628	-0.3178501	0.18952675	1.0303534	0.17210706	-0.4881313	-0.033916157	-0.70849323	-0.76223683	-0.45786825	-0.96643126	0.7387192	0.1409901	0.664491	0.013788941	-0.43277174	1.0913786	-0.7096109	0.16685669	0.23647349	0.6923772	-0.6523042	0.65050375	0.059585165	0.14404516	-0.67686254	0.34798434	-0.67564565	0.15940991	-0.047861416	-0.0863736	-0.33912438	-0.13855226	0.10760829	0.37215558	-0.3594643	1.437027	0.9266874	-0.35575595	0.14533782	-0.092570566	0.23343657
0.67061955	-0.25732952	0.2119786	-0.9165388	-0.13988389	-0.7729999	-0.42826462	0.113506556	-0.55731404	0.44885963	0.6719155	-0.45983925	0.29089516	-0.18559045	-0.37209865	0.68185186	0.17617215	0.00132362	-0.6372281	-0.9527779	-0.474639	-0.5892606	0.9643675	0.3845426	-0.15100333	0.41577128	0.75198674	-0.15180254	0.5346325	-0.17392375	-0.23668672	-0.68292356	0.3214687	-0.29443988	0.43794778	-0.039181266	-0.2984104	0.015974605	0.08101636	-0.34780958	-0.4217058	0.7014334	0.6739685	-0.06216654	-0.88656	-0.05808155	-1.0240077	-0.92911917	-0.27698675	-0.62033665	0.564118	-0.4694102	0.088313796	0.35319817	-0.14582147	0.50838643	0.38136438	0.8647301	-0.16821763	0.3238201	-0.121381365	1.3852863	-0.32571104	0.7990142	-0.033994004	0.7479849	0.0773106	-0.30636418	-0.16278887	0.51826054	-0.15055825	0.8263572	-0.45317274	-0.09453519	0.17848092	0.4470014	0.9863179	0.7187573	-0.58280957	-1.7999243	-0.6271791	0.26218507	-0.435565	0.5662288	0.1479656	-0.37509048	-0.030681394	0.82092	-0.49784604	-0.17488492	0.35678363	0.22697629	0.032522872	-1.8215276	0.82249904	0.36666498	0.06804148	0.75122344	0.33202767	-0.5122932	-0.60633034	0.0032818515	0.21741624	0.11295795	0.3993133	0.3352405	-0.32264656	-0.19743927	0.6821727	-0.16221474	-0.4295736	0.6111972	-0.6625839	-0.03797924	0.5869734	-0.8863188	0.0064325402	-0.20832835	1.0052247	-0.24155633	-0.021359567	0.18078332	-0.43530068	0.21071485	0.6312043	0.19407679	-0.48137346	0.5793229	-0.16234034	0.039204232	-0.5956075	-0.2598366	-0.4027055	-0.30950776	-0.68015873	-0.38503212	-0.27669936	0.11302233	-0.7971089	0.7254601	0.8799196	0.32534692	0.6613057	0.23328751	0.25653404	0.9717965	0.16161706	-1.026736	-0.1722472	-0.09585073
0.45884526	0.04894762	-0.2576218	-0.45318246	-0.07713482	-0.16001558	-0.45737767	0.83202726	-0.63428235	0.14726925	1.1154339	0.84058416	0.18449259	0.10554552	0.41176742	-0.44926044	0.12781154	0.38938448	0.0016480595	-0.32945538	-0.0051685744	0.21673472	-0.18469271	-0.647942	0.38758752	0.12447498	-0.48252428	-0.40890384	0.22695218	0.54374427	0.15175314	-0.44383726	0.12477718	0.588775	-0.17932792	0.019856876	0.16282848	-0.16375701	0.59145606	-0.6754024	-0.298111	0.065247186	0.15056196	0.5384607	0.17096278	0.22162274	-0.60233253	-0.25136185	-0.3280267	0.5421712	-0.25622675	-0.738858	-0.21429403	-0.39888957	1.2135309	0.2676132	0.7288095	0.10847422	-0.030979713	0.70036733	-0.31536075	-0.18272054	0.35494357	0.6687175	-0.5371906	-0.10639111	-0.114290304	-0.66371566	0.43329653	0.2091843	0.1993654	-0.41075101	-0.70542765	-0.14587045	-0.08441228	-0.5436781	-0.11216094	0.3499445	0.3458588	-0.56227255	-0.57027954	0.06522104	0.27745882	-0.4042391	0.53831935	0.7643169	0.05399448	-0.8308903	-0.54013884	-0.25914028	-0.07191416	0.1852992	-0.6728385	0.015702704	0.45160306	-0.12504849	-0.24920851	-0.18222648	0.9829729	-0.5815005	0.19128025	-1.118182	-0.12879221	0.61581796	0.04362223	0.102762446	-0.5419807	0.47014627	0.7991369	-0.6016853	-0.8135407	-0.22075829	-0.14643553	1.0352554	-0.74851567	-0.31600147	0.7783808	-0.9723383	-0.61458355	0.31795505	0.4309114	0.28491348	0.88918316	0.02256788	0.029658196	-0.285593	0.4562348	-0.64092475	-0.30715847	-1.1117821	0.30292988	0.57608515	0.011343675	-0.33382916	-0.056884367	0.38553455	0.364426	0.27130985	0.30731463	0.6290103	0.35443234	0.25662705	0.33687606	0.07174618	0.27201274	0.38828814	-0.16423035	-0.039538864	0.14297864	-0.47853357
-0.08097254	-0.11930384	-0.22923733	-0.30264485	0.28244463	0.1740806	0.05964696	0.4801437	-0.2783775	-0.29124704	0.75386244	0.23840407	0.050371137	-0.66136944	-0.3147617	0.44612196	-0.06878949	0.16781972	-0.7882697	-0.2537425	-0.12873816	0.43225366	-0.51561284	0.3308371	0.78830284	0.12016481	-0.1945849	0.43144107	0.15126902	-0.19327621	0.7027376	-0.18320535	-0.006194844	-0.48746687	-0.4850994	0.34828722	0.2036812	-0.191256	0.2078591	0.44795123	-0.45847702	0.8857505	0.316389	-0.3598018	-0.3464413	0.63219035	-0.48655427	0.21432918	-0.19155177	-0.06369026	0.18569517	-0.2683821	0.016000394	-0.7133904	-0.05221702	-0.61814773	0.050841425	-0.091992006	0.9048015	0.36930627	-0.51439404	-0.16304918	-0.7073908	-0.296575	-1.3540126	-0.21263847	0.041961472	-0.2060577	0.47603372	0.11381596	-0.10977745	0.13285713	0.29058483	-0.34597605	-0.3396246	-0.43332094	-0.29958737	0.6444776	-0.13431565	-0.31012943	-0.09564376	0.20154777	0.23366706	0.0095920665	0.3228878	-0.77327627	-0.052002378	-0.3824026	0.048431892	-0.11347257	-0.7809595	0.40722093	0.053247415	-0.7277602	0.22740859	0.19799359	-0.05333191	0.39381704	-0.15336724	-0.22280508	-0.67523867	-0.45555735	-0.7254215	-0.43872878	-0.36389625	-0.9644931	-1.1043999	-0.10109964	1.3295052	0.51507103	0.8723646	-0.52680904	-1.3128948	0.694237	-0.004057493	-0.49773267	-0.3027508	-0.1630524	0.07001057	0.12173399	0.15362142	-0.12850711	-0.5180211	-0.38571376	-0.43537262	-0.18177865	-0.7618935	0.43385926	0.24479045	-0.82494783	-0.091965586	-0.009145898	-0.16623847	0.65102386	0.27693784	-0.19017456	-0.6013689	0.17772987	0.14712815	-0.6628573	0.052953333	-0.36500314	0.6719094	-0.11131202	0.5866459	0.22191	-0.11810434	-0.34799176	-0.9454725	-0.21044785
0.42849225	-0.11290626	0.03944502	-0.45415226	-0.23118299	-0.08531279	0.40194318	0.3057016	-0.85692036	-0.5841144	0.4191444	0.24633472	-0.039419856	-0.21456587	-0.034936476	0.14160722	0.14236897	-0.3675573	-0.09207224	-1.0016751	-1.2527412	-0.13999806	-0.37627178	1.102668	0.585852	0.24348705	-0.38629037	-0.039397135	-0.35463586	0.4854993	-0.16864277	0.30777183	-0.12035438	0.8146061	0.0024179018	0.090641044	1.277082	-0.051148385	-0.70829403	-0.8447811	0.6649476	-0.16834335	0.3601133	-0.39555842	0.112415515	0.21937032	-0.56236225	0.8686699	-1.0499644	-0.94754094	-0.12679464	0.059092578	0.35691425	-0.63841766	-0.24102925	-0.12526362	0.58565825	0.9868555	-0.083783284	0.30838218	-0.59965855	-0.5003792	0.036578823	-0.27180636	-0.7509844	0.3770251	0.1782326	-0.23155162	-0.6540933	-0.20300381	-0.060506098	-0.20523962	-1.1067832	0.36425415	0.11239339	0.49946985	-0.75887764	0.121160395	0.117730066	-0.41149306	0.38950965	0.067258775	-0.5189754	0.23230733	0.37174258	-0.4416926	0.7267812	-0.70606023	0.030654566	-0.15234406	-0.8658252	-0.1448053	0.67438996	0.38756648	-0.15888976	0.29541492	-0.3768801	-0.2622997	0.17982087	-0.047879543	-0.070700064	-0.6391817	-0.5410636	0.11463272	-0.24822953	0.11021487	-0.40057415	0.58417547	-0.4857958	0.031147303	0.6750703	0.24180616	-0.45482844	0.075845584	0.40777513	-0.78404063	0.9779676	-0.05927547	-1.4568788	0.0624616	0.27739587	0.25015727	0.8588299	0.2931722	0.11388123	-0.94645315	0.012591012	-0.22398642	-0.17717148	-0.06755223	-0.2653513	0.019952346	0.26614428	-0.45392355	0.12498963	0.9096944	-0.46890077	-1.190123	-0.3861019	-0.19928014	0.026474481	0.147224	0.29280442	-0.015197143	-0.52622706	0.6682757	-0.22522229	-0.15803611	0.4806645	-0.16924465
0.5551588	-0.273188	0.46126997	-0.049661398	0.28377855	0.07709817	-0.24894552	0.402013	-0.6784409	-0.043010127	-0.118646845	-0.020065838	0.17630646	-0.17292361	0.5009662	0.34725207	-0.41046333	-0.20317695	0.07084777	0.39791158	0.08553467	0.3801742	-0.44050235	0.13798721	-0.4339254	0.20001905	-0.80477417	0.35188922	0.11499833	0.172811	-0.30344325	-0.6204511	-0.37982345	-0.5321976	-0.61847925	0.37002534	-0.06256149	0.12837186	0.63144684	-0.57675683	-0.23904398	0.018017516	-0.24598564	-0.951879	0.120071754	0.9373363	0.3364086	0.10729268	-0.23543908	-0.18141635	-0.13606888	0.46971887	0.089062706	0.043983087	-0.33433586	0.2440892	0.21666627	-0.23039924	-0.12462683	0.7254574	-0.18908967	0.44068143	0.09775246	0.117141515	-0.074526034	0.83661264	0.43206993	-0.43073913	-0.16336972	0.30992517	-0.22495186	0.26790315	-0.02494066	0.89997244	0.24341938	-0.649885	-0.05461446	-0.005698545	1.0150952	-0.4906673	0.3168538	0.042875785	0.19585457	0.13326834	0.08646008	0.23826604	-0.29003784	0.024299616	-0.29579064	-0.36771655	-0.24477333	0.31454372	0.35661054	-1.1342238	-1.1878583	-0.5215699	0.065593	0.03570487	0.51620114	0.47682887	-0.736576	-0.09254535	0.10564902	0.6155768	-0.2359494	-0.2274076	-0.74486554	0.74481076	-0.05486489	-0.2081213	0.42160222	0.31213877	-0.24624248	0.93533766	-0.34427363	0.41191173	0.69338334	-0.31475574	-1.1917197	0.09733693	1.2144179	-0.4897499	0.4634144	-0.5337259	0.8068193	-0.44880316	-0.67356044	-0.8776915	0.24271125	-0.4068666	-0.03574904	0.64020663	0.51328796	0.47559592	0.22104341	1.2180272	0.6138819	-0.49371836	0.4337743	-0.23405255	1.2911909	0.5895926	0.68200064	0.48448136	0.045176364	0.34964642	0.07830842	0.7204102	-0.19577472	-0.14314464
-0.57961357	0.006957768	-0.32915705	-0.28437084	0.31591594	0.38279918	0.2000716	0.8386433	-0.03179275	0.008301475	-0.32963696	0.30002788	-0.75363284	0.014182616	-0.79639995	-0.07301621	-0.36596775	-0.2758417	-0.39113873	0.17985477	-0.76523376	0.09011025	-0.31197697	0.66563296	1.0056487	0.26501477	-0.09076977	-1.25136	0.26049238	-0.4262219	0.76431006	-0.27171987	0.3547919	0.8346511	-0.28018147	0.52912086	0.40700805	-0.5858844	0.31810522	0.19285133	-0.41537565	0.8470017	-0.29342157	-0.5623636	-0.28015354	0.49672574	-0.2636382	0.6220509	0.45235422	-0.30568442	-0.20343885	-0.5186703	0.2148972	-0.6150225	0.32687894	0.38050285	0.5475262	0.4570997	-1.1290593	-0.10674871	-1.0950173	-0.76123285	0.3579128	0.9197863	-0.34957406	0.88392186	-0.43721786	-0.621595	0.8311307	-0.40854493	0.11832805	-0.6861769	-0.7831664	-0.0135586355	-0.4430034	-0.37863436	-0.47060052	0.40827903	0.5750825	0.12027223	-0.45744333	-0.030723842	-1.2096239	0.04349914	-0.085824035	-0.13985237	-0.25183505	-0.694703	0.112612344	0.10080496	-0.24481428	1.2080452	-0.10184732	-0.5826323	-0.30534855	0.5752803	0.27416372	1.0156882	0.1462747	0.20884348	-0.2729638	0.36857814	-0.045594905	-0.40263826	-0.7602487	-0.81886226	0.03829128	-0.6051064	0.29195797	-0.20630637	-0.17759663	0.11397484	-0.15642516	0.17052567	-0.2637377	-0.7081592	-0.18497823	-0.7201182	-0.42344728	-0.65450716	0.12015069	-0.4594796	0.34873623	-0.08465067	1.4191442	-1.2196164	1.2814839	1.0393689	0.1290184	0.21571264	-0.1236539	0.32447162	0.40837824	-0.5705801	0.45195973	0.102541454	0.3931408	0.08822486	-0.727905	0.008696103	0.82050407	0.8732155	-0.20211609	0.23197599	0.67918086	0.41484562	-0.055709194	0.0200106	-0.24082515	-0.4670146
0.2917003	-1.5458196	0.35838643	0.77594393	-0.340962	-0.36669672	-0.65923595	0.3339252	-0.01830429	-0.049527753	0.035010953	0.8889261	-0.0369682	-0.92009205	-0.29393688	0.47146064	-0.53439766	0.45802847	0.5954405	0.7596219	-0.86823106	-0.012239385	-0.4886962	-0.016455734	0.21107608	0.08311473	-0.30258384	0.76710534	-0.4405778	0.15103652	0.05701903	0.2965326	0.87305224	0.1807402	0.39551196	-0.15249833	0.722149	-0.4209323	-0.16304412	0.2336994	-0.36072275	0.08813555	0.34882864	-0.55911905	-0.3751464	-0.16479327	-0.79063904	0.06641979	-0.19196863	-0.10735396	-0.29431283	-1.0380573	0.3445648	-0.9767605	0.2699298	1.1602671	0.048970502	0.14507581	0.0019714148	0.8950873	0.049311057	-0.6466372	0.722503	-0.01383251	0.0991711	-0.22345468	0.93411005	0.021263786	-0.118279874	1.0085632	0.0114044	-0.5031913	-1.2867928	-0.41297626	0.5634105	0.626073	0.40894276	0.80416983	-0.6107287	0.40859342	-0.4755102	0.23575185	0.15654652	0.65077484	0.04871021	0.08211593	-0.18965316	0.80759996	-0.40390024	0.042633064	-0.6902386	-0.26286238	0.16391091	-0.41668954	1.0366294	-0.14080413	0.11822913	0.34301338	0.26798186	-0.49905843	0.6211792	-0.30802777	-0.5205523	-0.025894806	0.24588726	-0.07432559	-0.37085795	-0.081011355	0.11903905	0.68945605	0.76048225	-0.5687303	-0.5102255	-0.016212163	0.31434432	0.10555128	-0.16309175	0.7424632	-0.35148212	-1.2432232	-0.3880202	-0.2790534	-0.021126494	-0.049771447	-0.3843815	0.09229383	-0.44518477	0.53420466	0.8248454	-0.17451186	0.4415169	-0.0018028071	0.65792024	-0.24738704	-0.38684115	0.3583727	0.4198509	-0.37674814	-0.21289931	0.20783582	0.4414892	-0.97518635	0.022852084	-0.00047654533	0.2854401	0.7540123	-0.27420732	0.35806882	0.044942502	-0.26929757
0.5716239	-0.5005766	-0.3277798	-0.55007315	-0.20349221	-0.36776844	1.0129313	0.13456115	-0.009726548	0.038038567	0.6832105	-0.7537437	-0.2213039	-0.19695865	0.18476748	0.24249153	-0.6755095	-0.08402932	0.09660021	0.42879775	-0.07322882	-0.31819698	0.6533355	0.31416836	0.48672172	-0.34857	-0.46081725	-0.038478423	-0.332609	0.40660134	0.7307696	0.16037309	-0.35043365	0.45583594	-0.32562757	-0.24820517	0.012659917	-0.11008959	-0.40285078	-0.053296454	0.22395596	-0.8567336	0.24808769	-0.5956274	0.22123973	0.8403817	-0.40477216	0.35767078	-0.08483309	0.6494362	-1.2745181	-0.75407976	-0.17806254	0.48939902	-0.3131832	0.6839486	-0.79691565	0.78165174	0.40990666	-0.042790286	0.05787111	0.8420564	-0.16357154	0.6432092	0.051012717	-0.4527433	-0.52122283	-0.056714777	0.7091568	0.008398823	-1.1804609	-1.0836462	-0.27694333	0.7175441	-0.18857847	-0.22968602	0.033456065	0.17527357	0.3174255	-0.5420418	0.15890963	0.333535	-1.0249381	0.90382105	0.60349256	-0.2582216	-0.14108157	0.43979147	0.49160042	-0.17044675	-0.965264	1.2604654	-0.33489364	0.07884206	1.0847427	0.030175067	0.074395426	0.22568294	-1.0498004	-0.9769973	-0.103354216	0.013850571	-0.3261275	0.16053255	-0.22612241	-0.22161381	0.27724534	1.0874546	-0.40806735	-0.13079754	0.4940062	-0.0715093	-0.93911713	0.47450095	0.53167945	-0.2780649	0.20551227	0.49847576	-0.051101256	0.08844565	0.06627712	-0.10038994	0.91007984	-0.335543	-0.47918373	-1.1947556	-0.07783458	-0.2304861	0.68071955	-0.5476762	0.5068444	0.6651752	0.42552218	0.14674369	0.084129795	-0.40506044	0.2849836	-0.34033462	-0.043442294	0.0930056	0.4951434	0.10164126	0.35897538	0.22986886	0.18691258	0.69257706	-0.53529733	-0.0016929666	-0.25554028	-0.16650392
-0.51338696	0.32105276	0.34355137	-0.43635598	0.799837	0.004916161	0.48159692	0.17000155	0.43416852	0.77652746	0.4128124	-0.41218492	-0.6063664	0.3255008	0.11343208	-0.19606787	0.71894884	-0.22763462	-0.56032956	0.33389536	-0.024347406	0.22093281	0.25779727	0.9465377	-0.8013782	-0.37742698	-1.0769068	0.5820388	0.18159765	0.10195242	-0.377003	-0.1664167	-0.5254711	0.5074198	0.009274224	-0.5719732	-0.21243985	-0.009034177	-0.51200736	-0.6654762	-0.27233472	0.19842637	-0.16184789	-0.68074477	-0.011032128	-0.059836667	0.49698097	1.0774362	-0.9204953	-0.5566078	-0.3836374	-0.40088698	-0.43835464	-0.32105407	0.822924	-0.1558796	0.01439411	-0.063373536	0.58341247	0.8587533	0.87850446	0.16586436	0.5187141	1.0591217	-0.34013388	-1.1325266	0.0062915613	0.4044992	-1.2275323	0.4389614	0.72011256	-0.65974754	0.7446283	0.10012323	-0.12443432	-1.3003608	-0.65392584	-0.024551911	-1.0148599	0.40566623	0.4086004	-0.29532138	-0.1860569	-0.0706187	-0.6352401	-0.8936281	0.089356646	-0.37847912	-0.42754596	-0.34388942	0.78839195	-0.09602177	0.13284126	-1.2095796	0.3694019	0.29341048	0.041954674	0.31320417	-0.48830315	0.038651656	0.42362735	-0.3722015	-0.14499375	-0.80308545	-0.3926428	0.6305801	0.7162446	-0.7926675	-0.3308656	0.26441303	-0.73188853	0.84958553	-0.12311454	1.2009681	0.5805149	-0.050551847	0.49250177	-0.48750117	0.47099116	0.26745448	-0.17094816	1.0749866	0.4210345	-0.18560775	0.6981982	-1.6422639	-0.80722845	0.30412692	0.03868152	0.5458302	-0.0585443	0.799893	1.436336	-0.5934979	-0.3977687	0.07066342	-0.4306648	0.5407755	0.29174945	0.6811974	0.59370226	0.70399475	1.3088415	-0.7526867	0.008912582	0.7287349	0.50914305	0.14352709	-0.5911275	-0.9919543
0.6286094	0.20263398	0.10730927	-0.10841367	0.08660248	0.32593557	0.4108901	0.2345246	-0.72940886	0.3329699	-0.3810093	0.48458531	0.8086329	-0.8842555	0.016002223	-0.5606216	0.40687552	0.020732623	-0.3527417	0.33888382	0.26819786	-0.40122226	0.62839204	0.41403684	0.36494914	1.0842452	-0.064417616	0.022114912	-0.18799414	-0.37693352	-0.11396967	0.35563505	-0.029201156	-0.075076796	-0.5368087	-0.32778367	0.18141744	-0.52792364	0.6515748	0.2905249	-0.040105946	0.31762266	0.67926604	0.2439781	-0.7927978	0.58724535	0.16771217	0.022525728	-0.2787832	0.2899133	-0.568022	-0.3109393	0.4433758	-0.19100375	-0.45312235	0.12413745	0.57741064	0.13099566	-0.3796585	0.4262014	-0.37996548	-0.22800027	-0.8281143	0.11198398	-0.8269122	0.072458975	-0.2152785	-0.31238413	0.094155125	-0.38619542	-0.06361766	0.18099666	-0.20694442	0.34952068	-0.3263	0.6404233	-0.86618155	0.7435946	0.21299988	-0.28923965	0.27187833	-0.96392095	-0.31653687	-0.3061804	0.38676658	0.37082908	-0.63607484	-0.25222856	0.446495	-0.4246374	-0.004206654	-0.0886155	-0.091931425	0.69708	0.7486896	-0.049705036	0.6876416	-0.13157481	0.0010413674	-0.15961413	0.355641	0.11598909	-0.09173093	-0.098772496	-0.57600725	0.53064984	-0.4263729	0.49030244	0.08942238	-0.001122887	-0.23870386	1.0052303	-0.37153953	0.18602711	0.5301108	-0.07977797	-0.11172995	-0.79287726	-0.24262214	0.2915199	-0.3469725	-0.33739895	-0.009240888	0.013859225	1.1960539	-0.5693342	-0.70782435	-0.07664961	0.5904626	-0.4856107	-1.0591753	-0.026426174	-0.53416514	0.114326015	0.4634383	0.4594407	0.6159785	-0.15298109	-0.12849857	0.07281748	0.21141513	-0.48635566	0.012890217	0.94314796	0.17737283	1.0952309	-0.42250744	-0.2801609	-0.47586626	-0.038900036
-0.3067388	-0.731799	0.74199206	0.105786614	-0.033925183	-0.0903405	-0.23993897	0.3146721	-0.9210609	-0.2151104	-0.98713666	-0.26962265	-0.19223085	-0.06157522	0.42991015	-0.908152	0.65015113	0.20824176	-0.21101885	-0.50130296	-0.07467593	-0.70193034	0.20528014	0.47350505	0.5343238	-0.007838389	-0.251582	-0.016123403	0.24575928	-0.39857152	0.7234718	-1.4866037	-0.045990225	-0.15732984	-0.5079934	-0.6449429	0.4935701	0.5271332	-1.0219047	-0.32238734	-0.09322497	-0.670329	-0.27569908	0.05884558	-0.91527843	0.7925778	0.63907856	0.51804465	-0.16499242	0.29599786	-0.8538211	-0.00094046036	0.35006708	-0.049094975	0.05409645	-0.47488645	0.10713589	0.52986807	0.21426979	-0.16661175	-0.9936048	0.17948394	0.058402333	0.95991725	-0.5836293	-0.17621405	-0.00422205	-0.25859523	0.28807458	0.07921275	0.015494902	-0.0012588606	0.9055075	-0.4989544	-0.64868206	-0.23117532	-0.10359091	0.30143648	0.86856	-0.56396115	0.15158509	0.36850294	0.13132922	-0.087312445	0.37750626	-0.5935904	-0.20241334	0.19317834	-0.22007093	-0.070976526	-0.60328525	1.1368221	-0.059159636	-0.6741259	-0.19405358	-0.5976057	-0.6308266	-0.37313822	0.6705123	0.010774354	0.89594394	-0.94657266	0.20409709	-1.0463823	0.44597745	0.8014185	-0.037677985	0.0021774145	0.3999732	0.29858613	-0.029328404	-0.32232997	0.051124617	0.34654006	0.58431596	0.24301153	0.37292182	-1.2909654	-0.7333789	0.10219397	-0.9927978	0.09980672	-0.42788664	-0.26612404	0.58326	-0.52051157	0.7869247	-0.015820783	-0.25643048	-0.31176072	0.24671216	0.71361154	0.54494303	-0.6900983	0.18918754	0.6142223	-0.57364935	0.23566973	0.6738966	0.38466683	-0.25705826	0.35458878	-0.009881567	0.5634489	-0.41476968	0.68431073	0.1523417	-0.17998299	-0.13057622	0.45983592
-0.2690934	0.16904783	0.92526305	0.12764008	0.8894681	0.23490125	-0.71824396	-0.94077504	0.41277233	0.5006102	-0.6623004	-0.13564646	-0.18034787	-0.32122144	0.32262626	-0.21265538	0.74113214	-0.040348656	0.284587	0.6466025	-0.3447742	0.45188314	-0.18360117	0.16685964	1.5927036	-0.4627975	0.05004152	0.056773987	0.23018366	0.066992216	1.1010073	-0.12787926	0.58873075	0.54117346	0.32219446	-0.82016397	-0.09256144	0.70289576	0.062137615	0.24216694	0.069975756	-0.570583	0.17961468	-0.5447101	-0.48961306	-0.21872482	0.38324794	-0.009037879	0.33980682	-0.16821179	-0.34876508	-0.55936193	0.3680453	0.104384	0.22165707	-0.033325966	-0.009314609	0.8320384	-0.60455805	0.24098478	-0.1130811	-0.07922751	-0.06879978	0.60441923	-0.19311619	-0.030128295	0.26035333	-0.09066702	-0.57036775	0.60240346	0.36778438	0.06070443	-0.41068807	-0.17028496	0.25237936	-0.64560765	-0.1877048	-0.24757226	-0.5430237	-0.41885397	-0.01042487	0.37412128	0.5737934	1.3961334	0.15255621	-0.11120968	0.13018502	-0.0074323607	-0.15602355	0.41343328	0.075052604	-0.14614354	-0.42667514	-0.15026723	0.18237457	-1.1268817	-0.100863084	0.09802687	0.1718316	-0.324915	0.19659528	0.049939796	-0.07411071	-0.06736543	-0.8448299	0.16600965	0.61043376	-0.063326925	0.30986124	0.80507374	-0.30895004	-0.3440905	-0.22157444	0.44721588	-0.44796062	-0.033616416	0.4656272	-0.6200212	0.15144908	-0.20423646	0.7874176	-0.2072655	-0.044559572	-0.45700872	0.20045194	-0.6702963	-0.43105838	-0.3595326	-0.8354464	-0.16806835	-0.059271943	0.46428716	0.012263007	-0.87656134	0.13214523	0.44529048	-0.10328724	0.27216554	-0.43563062	0.013397971	0.17013872	-0.2691363	1.3546418	0.12779045	0.26105684	0.5659317	-0.1383842	0.18209125	0.5377042	-0.27445325
0.32910982	-0.3337666	-0.2675196	-0.41471455	-0.31193575	0.04107672	-0.21720983	-0.17898011	0.30983257	0.28219864	0.11031929	0.054540798	-0.24017453	-0.16807441	0.24337283	-0.46155939	0.44252145	-0.19026816	0.30856332	0.24233441	-0.17290239	0.01547183	-0.25209832	0.4871753	-0.14640003	0.36093384	-0.23823261	0.63947767	-0.07126169	-0.120351836	-0.12123102	-0.17425191	0.40256712	0.8866795	-0.81160206	-0.32800728	0.75599205	-0.46354875	0.05002783	0.45597154	-0.5355954	-0.010570617	0.69742495	-0.2604034	0.018232157	0.6724932	0.47952646	-0.08790814	-0.13657966	0.14750214	-0.48650584	-0.73301387	-0.19804394	0.06280468	0.084349535	0.4167726	1.0863572	0.6079708	0.27143192	0.52077687	-0.51806396	-0.21125115	-0.07419974	1.1543849	-0.25058666	1.0507247	-0.706922	-0.3546212	-0.4283687	0.038470563	-0.26449528	-0.48314875	0.33631334	0.3548115	-0.15816857	-0.1975057	-0.23001847	-0.09706768	-0.20658323	-1.3175849	-0.40027875	0.1719735	-0.2328662	0.6218022	0.63870376	-0.4386943	0.06339603	0.094410405	-0.50839096	-0.5016202	-0.8074879	0.031885363	-0.13023373	0.07126936	0.5687897	-0.14079395	0.07968558	-0.37646422	-0.3804336	-0.85479975	0.07064943	0.3511453	0.31352645	0.11801787	0.105834536	0.67321384	0.50398284	-1.1141096	0.98469186	-0.1327347	-0.36508638	0.56232166	0.033779047	0.1719271	0.04172984	0.04743002	-0.62283134	0.022645725	-0.12639573	-0.5826882	-0.53108984	-0.4176828	-0.28669423	-0.75444317	0.016701661	0.28166097	-0.51695186	-0.0152121475	0.067463174	0.41565105	-0.5161749	0.6262944	0.34863043	0.04102409	0.2361323	0.7092407	0.4753453	0.2088462	0.037556585	-0.14932068	0.069934726	0.31889096	0.6366562	-0.81895256	0.5918365	-0.08730563	0.59114623	0.061471496	0.29159397	0.3590054
0.8609287	-0.31842762	0.14660072	0.20797701	0.28115508	0.2157256	0.21496455	0.27788463	-0.31574357	0.09687284	-0.54564863	-0.4358186	0.33913904	0.22604759	-0.75254136	-0.9095395	-0.45361486	0.64675486	-0.54428804	0.68188983	-0.43457937	-0.10973981	-0.52425635	1.36726	0.96286714	0.073668204	-0.43349522	1.015354	0.05818341	-0.68753517	-0.12868482	-0.24728914	-0.3474734	0.5315073	-0.2663662	0.026493935	0.27562085	0.02812786	-0.39516208	0.084294185	-0.3480303	0.097938985	0.3321947	-0.3238665	-0.41367707	-0.83050156	-0.2512837	-0.0087665245	-0.50275815	0.71491843	-0.063473605	0.0009595999	-0.8294341	0.4127075	-0.110499024	0.01351409	-0.012288934	0.60425055	-0.3277683	0.6895292	-0.33722445	0.6457421	-0.18387523	0.50613374	0.1112443	-0.31650454	0.27038932	-0.39643872	0.551614	0.4732888	-0.403948	0.30239138	0.18462838	0.31498617	0.041290946	0.52802074	-0.088670105	1.4164772	0.20480786	0.6390131	-0.41395393	-0.3281773	-0.21946642	0.4141178	0.08887302	-0.42817178	0.13233985	-0.9994464	0.5611208	-0.10400938	0.038155876	0.0023527802	0.8105165	0.2043518	-0.105790466	0.11810755	-0.49678993	-0.48168164	0.06658634	-0.62516254	-0.09082483	0.6532764	-0.34129333	0.104328156	-0.53449744	0.413975	-0.8905359	-0.5026127	0.64999557	-0.53431475	1.1915402	0.43898752	0.051883407	-0.086198285	-0.4499084	0.23628715	-0.1319874	-0.45773378	-0.59396315	-0.09587871	0.55342287	0.06155826	0.5421572	0.7044154	0.20234585	-0.037918996	-0.044774912	0.48101777	-0.653871	-0.45755675	-0.8055198	0.47433484	0.47117364	-0.18943143	0.6319616	1.0949322	-0.21257554	-0.3750744	0.1238524	0.80196905	0.1423215	-0.48325896	0.47884762	0.44950682	0.24862748	0.19407621	-0.10041902	-0.62554216	0.58680105	0.28075898
0.08009645	0.10641749	0.19608909	0.21522796	0.3106123	0.6193243	0.38963667	0.38254625	-0.7884117	-0.13946585	-0.17795889	0.05495956	0.19776203	-0.5845777	-0.36240685	-0.19813877	0.34373257	0.3234111	0.105381325	1.4450136	-0.17909373	-0.15454274	-0.11281782	0.45519978	0.097809255	0.17164284	0.15092714	-0.21532509	0.23113705	0.61145246	-0.18003137	0.49444303	0.015937494	0.5958175	0.21691586	0.10989188	0.13068165	-0.58950704	-0.2291886	1.0367095	-0.18887638	0.35702312	-0.650902	-0.00927239	-0.30970606	-0.30579692	0.5808915	0.83119875	0.46766874	0.3561567	-0.33825067	-0.3944066	0.23663013	0.091255546	-0.069069915	-0.45022038	-0.051378865	0.64330465	-0.20904817	0.8192369	0.1799641	-0.66048825	0.034883577	0.26271477	-0.097169764	-0.73311347	-0.073109135	0.55470955	0.46151578	0.5198729	-0.10660523	-0.80140704	-0.53142124	0.46683913	-0.33695853	0.0704602	0.028749626	-0.4483891	-0.32643938	-0.2690382	0.15489694	-0.34042645	-0.17321962	0.8529051	-0.007997227	0.04535088	0.048784252	-0.40333056	-0.7281202	-0.33480096	-0.164084	-0.5413995	0.28768316	-0.42699713	0.35826758	-0.62182444	-0.37680575	-0.27278572	0.16449592	-0.94861686	0.039205763	-0.29063234	0.25000414	-0.083524756	0.5253026	0.29355738	-0.12935574	-0.17040934	-0.2218166	-0.032678258	0.032990426	-0.11154472	-0.5036728	0.4938052	0.083047114	-0.76940256	0.48346713	0.27564827	-0.560344	-0.27675772	0.04042322	0.77612865	0.61958736	0.34241077	-1.0756404	-0.047242492	0.55339956	0.1060452	-0.8359935	0.27129364	-0.26152214	1.019494	0.0052043824	0.03853194	-0.4393597	0.16807495	-0.052133024	-0.31558725	-0.28436267	0.39246714	0.25748464	0.5397855	0.55070287	0.008792617	-0.7812083	0.8302269	0.045117136	0.27771822	0.12616165	0.3455587
0.16583008	-0.6402593	0.13663445	0.24891496	0.46034375	0.89429134	0.21007158	0.32534283	-0.65569407	0.0010160778	0.6811004	-0.21471068	0.53451085	-0.96213454	-0.11211088	1.1728035	-0.48698485	0.04657307	-0.5602951	0.32088497	0.39706525	0.019756818	0.5929561	0.67422885	-0.16750601	0.5255181	-0.59394544	-0.19323158	-0.51508015	0.64013433	0.4529494	-0.07578014	-0.24837779	0.30997074	-0.38130212	0.7487217	0.29509252	-0.89357316	-0.123859085	0.6223115	-0.14570957	-0.4452145	-0.32647663	0.95541865	-0.53793764	-0.005440291	0.28490615	0.29121786	0.7113644	-0.3302205	-0.4537695	-0.49654457	0.12961566	1.3540788	-0.352247	-0.0043851766	0.81303793	0.15193553	0.22285345	-0.35478982	-0.19187155	0.05629088	0.0980529	0.28195122	-0.21067543	0.30988666	0.94935226	-0.45132408	-0.89950764	-0.12994123	0.14029536	-0.70636916	0.21439767	0.59441084	-0.031958807	0.4356742	-0.5123051	0.77483404	-0.8485931	-1.0177939	-0.09597603	-0.88829887	-0.21953613	-0.024574481	0.053201858	-0.44865066	0.12415192	-0.38739946	-0.22953473	0.22576067	-0.6249151	0.61317027	-0.756059	-0.50062233	0.48880398	-0.015841158	-0.31788975	-0.59897655	0.442801	-0.138012	-0.038906924	-0.0783686	0.58427745	0.33360824	-0.0020921612	-0.34771326	0.47936276	-0.8941862	-0.03529924	-0.60151535	-0.2092949	-0.4873566	-1.1526229	-1.0429759	0.23832938	-0.503677	1.0418451	-0.7068394	-0.16962706	-0.09368634	-0.17569055	0.5029712	-0.41757417	-0.7513377	0.31437582	-0.5259385	-0.4018975	-0.2841481	-0.5588205	0.15318821	-0.85816437	0.06932066	-0.89998084	-1.0697236	-0.1567337	0.081711136	0.49878803	-0.16269253	-0.5338523	0.33958384	0.6222919	-0.6959682	-0.42855257	0.36561424	-0.77125365	0.6872039	0.0073656994	0.26402473	0.015725315	-0.8019577
-0.08717756	-0.027330998	0.015957462	-0.14200431	-0.31525853	-0.4314371	0.58256674	0.8181468	-0.30672842	0.12805568	-0.103024505	0.69501793	-0.103337504	-0.53294325	0.16164415	0.038955577	0.8843408	-0.16284227	-0.061683185	0.099277325	-0.72600794	0.6632226	-0.053336836	0.6389376	-0.28333244	-0.26325196	-0.70202374	-0.65560514	0.2091574	0.17356676	0.5476027	0.25052243	-0.23773994	-0.5374369	0.41330624	0.37702593	-0.85894233	-0.49323708	0.026511822	-0.5249644	0.17270522	0.16835225	-0.39048216	0.06737588	0.026272615	0.13527359	-0.24270822	0.32352942	-0.742237	-0.14011516	0.30324596	0.30821586	0.45239055	0.055109274	-0.6560518	0.26864773	-0.016541949	-0.14978047	-0.09092964	-0.25448823	-0.9239605	-0.58656824	0.3538761	0.20570228	-1.0312071	0.059048038	-0.0991234	-0.21032146	0.22333057	0.32766885	-0.053901818	-0.24688098	0.33024484	-0.3105475	-0.7500596	0.014888916	-0.0771593	0.14945492	0.22320929	-0.26226488	0.45195192	-0.15376769	-0.954155	0.2957063	0.35254017	-0.028631628	-0.6114008	-0.61685735	-0.18024665	-0.5938768	-0.34508064	-0.3551288	-0.69547	-0.50079405	0.505442	-0.8741603	-0.4791975	0.25656208	-0.2766795	-0.22492173	0.9584445	0.1274716	-0.22793254	-0.31827793	-1.2945465	0.29339755	0.32521123	-0.0005832881	0.6238495	-0.26141497	-0.6746089	0.04627183	-1.0526934	0.33983016	-0.32536623	0.68093276	0.3057513	-0.19167636	-0.18066216	0.35710526	0.08900325	0.3730628	0.6749255	-0.083146915	0.47013617	-0.089570686	-0.15455134	0.5207379	0.15029773	-0.29849157	0.105770476	-0.1151744	-0.2888816	0.36234954	-0.29117012	0.55341804	-0.22495702	0.28647014	-0.36774403	-0.19207843	-0.038043734	0.249028	0.18722454	1.0818323	0.6394496	0.4563524	-0.08679297	-0.28373218	-0.116571054	0.37146774
0.23075819	-0.036418032	0.08998269	-0.122111335	-0.061210528	0.5063882	-0.355106	0.08575125	0.41525412	-0.3629972	0.2543745	-0.063871786	0.14392345	-0.4066227	-0.5761852	0.26009226	0.10198428	-0.4113238	-0.81485844	0.7136238	-0.81884176	-0.28772533	-0.22468002	0.43557113	0.24520023	0.3269064	-0.32585528	-0.66184515	-0.2394384	0.44757843	0.026788086	-0.36697048	-0.005144094	0.84394044	0.07697958	0.64995503	0.4543597	-0.49449068	0.065625556	-0.37772003	0.51725364	0.6159807	0.1455041	-0.2588382	0.27963492	0.04124434	-0.5188055	0.17588453	-0.20440732	0.18850985	-0.1226752	0.13822027	-0.44497177	0.8558693	-0.70071715	0.22641693	0.06568033	-0.5526879	0.025473507	0.2918028	0.10992102	-0.2980227	-0.082780026	-0.23138086	-0.15347451	-0.481873	-0.23993634	0.031581983	-0.11633583	0.4491036	-0.17072102	-0.326515	-0.8603275	-0.2763306	0.3615264	-0.25679424	-0.2714171	-0.6232522	-0.2632537	0.30159822	-1.1799896	0.2413992	-0.57236254	0.3675934	-0.08381794	-0.83131945	0.52623445	-0.20463529	-0.03445064	-0.22162499	0.36219335	-0.18879509	0.27874628	0.15493615	-0.031747635	-0.26873162	0.4262602	-0.27567852	0.46249464	-0.9722145	0.37823173	-0.19537942	0.19188815	0.01980104	-0.041462734	0.12561055	-0.24380799	-0.05567924	0.5650833	-0.26395443	-0.28111103	-0.17825206	-0.6188769	0.9690247	0.35001603	-0.5889226	0.7008925	-1.1003039	-0.28446642	-0.8303577	0.3251247	0.12814897	0.0059946678	-0.6733277	0.71177226	-0.3419226	0.4174519	0.70853126	-0.25180793	-0.78250736	-0.35726002	-0.050126936	0.13842672	0.09493076	0.2756995	-0.14851543	-0.098262176	-0.10597988	0.48530528	0.23029846	-0.027974715	0.113838	0.5402198	0.8545424	0.1273341	0.41330126	-0.22057474	-0.14774446	-0.107308574	0.064492844
-0.074682266	0.09364557	-0.609506	-0.013305336	0.8074162	0.018401518	0.21675113	0.09641959	0.3989541	-0.23769273	-0.5005371	0.78780335	0.25485206	-0.43517593	-0.20540616	-0.8677387	0.58865166	-0.8758882	-0.47993264	0.19159679	0.8733375	0.20664993	0.770176	0.11155449	0.43448716	0.6976587	0.24953124	-0.074432865	0.35282212	0.1859859	1.3784032	-0.20316702	-0.7719676	0.22403449	-0.041838527	-0.081071205	0.30713466	-0.6216961	-0.13584909	0.09990878	-0.14326781	-0.29507917	-0.19930416	0.87730247	-0.27000922	0.18062449	-0.10073274	0.8665335	0.10503946	-0.50828934	0.21278712	-0.49542704	-0.17383204	0.6337812	1.0198355	-0.5086373	-0.08897909	1.1906343	-0.07364688	-0.14937013	-0.87902546	-0.24928856	-0.27599102	0.4306692	-0.3747847	0.6591428	-0.11808351	-0.4045856	0.7571655	-0.19771834	-0.4439195	0.03604232	0.023263233	0.1366	-0.43123648	0.13954303	-0.086410254	0.795833	-1.0587817	0.39414006	0.42517343	0.85398155	0.068617	0.9341734	0.54577523	-0.178804	0.036108673	-0.039235257	-0.46909282	-0.19524215	0.16157764	-0.26245892	0.019171441	-0.73352975	-0.20981605	0.29594037	0.43239927	0.20072402	-0.62661636	-0.94877154	1.210824	-0.019477185	0.28935504	-0.2562721	0.5880853	-0.34592777	0.37348086	0.009131825	0.21446736	-0.29027417	-0.7151698	0.007894341	-0.934572	0.81091106	0.8205993	0.56406444	0.3698642	-0.57646877	-0.73365206	-0.07909269	0.79350513	0.4331723	-0.57400644	-0.14984176	0.6278511	-0.90001756	0.033334274	-0.06713424	0.013620851	0.8525754	-0.09653716	-0.29317817	0.61840206	-0.6231103	0.02902371	-0.021757998	0.5199015	0.05057821	0.49977273	0.7691248	0.409701	-0.11315412	0.63277775	0.5794973	-0.57720184	0.7366267	-0.19673942	0.592677	-0.933534	-0.12578313
-0.12066057	0.4138389	0.5733191	-0.1429278	0.44830665	0.0024209374	-0.036203474	0.20284963	0.09941952	0.043121975	0.14232631	0.10992974	0.50143486	-0.55481577	0.2927909	-0.8827269	0.052045863	0.030425759	0.22271726	0.19003671	0.41889343	-0.29483384	0.4244863	0.30666468	0.8414587	0.19791552	-0.9309495	0.19583356	0.23200268	-0.26261896	0.5185708	-0.35890174	0.33843467	0.44334683	0.29466692	0.3775254	0.27632356	-0.1207831	0.094450496	0.03483995	-0.1034046	0.95597196	0.804767	-0.7270257	-0.05309658	0.04388533	-0.5167376	0.47955066	0.215957	0.4165098	0.4301911	-0.19278644	0.4042966	-0.5688842	-0.2561005	-0.6295496	-0.34442824	0.32220197	1.0465437	0.08773847	-0.27629784	0.81581897	-0.3650937	0.29749733	0.14295238	0.10100814	0.3921222	0.6402078	-0.41914147	0.21655934	-0.37315956	-0.4207115	-0.23944208	0.17613824	-0.05755917	-0.07609692	-0.19732793	-0.18130228	-0.14088586	-0.26579255	0.15147597	-0.79931486	0.37506974	-0.23996599	0.515865	-1.0958451	0.45864877	-0.27959827	0.2941557	-0.051138587	-1.240349	0.9394453	0.14070737	0.46539855	-0.006482904	-1.0201585	-0.1068419	0.81298727	0.730728	-0.09061694	-0.015076736	-0.06371932	0.32874548	0.30437252	-0.6526393	-0.13537437	-0.4272673	-0.4981313	0.46308902	-0.03689081	-0.02153928	-0.13684964	-0.12630221	0.72450405	0.83051693	-0.6753574	0.26313016	-0.749405	-0.22016929	-0.33265132	0.34418288	0.44829646	0.48831552	0.06855151	0.45961964	-0.09617301	-0.13198183	0.28513986	0.15141708	-0.05656056	-0.030357683	0.35951614	-0.022246143	-0.21655102	-0.35792783	0.006118868	-0.5170134	0.30518985	0.16029954	-0.19798802	-0.40937182	-0.23872456	0.7527587	-0.38577157	-0.04744931	0.4644522	-0.27610254	0.18605384	-0.14216447	0.498561
-0.5936873	0.02440341	-0.09940831	-0.59452504	-0.2407698	-0.23907158	-0.09136731	0.41258192	0.17415053	0.66299874	-0.30475548	0.32117337	-0.29029727	-0.038323913	0.44002327	-0.46442726	0.13122696	-0.06890965	0.5731435	0.14164121	1.2746212	0.44185707	-0.06456835	-0.34700477	0.13356772	0.26148582	-0.54931843	0.05985784	0.12453713	-0.50526404	-0.18667486	0.49355197	-0.124105886	0.34505004	0.5391628	0.15965998	0.3554546	-1.0845876	0.32998514	0.5628595	-0.72523236	-0.4059477	0.06947901	-0.18028437	-0.35716835	0.2400421	1.299835	-0.08178123	-0.033650488	0.32244113	-0.49633253	-1.5305134	0.7894062	0.093060695	-0.2539683	-0.09431396	0.36781716	0.64696926	-0.19610739	0.5072568	-0.64409566	0.66436917	-0.46676987	-0.014238443	0.31042385	-0.25550488	-0.022850536	0.59494877	-0.0064824475	0.10566134	0.0015845455	-0.13873684	-0.5311982	-1.3732494	0.0052881916	-0.7032545	0.30302137	0.74103206	-0.13889134	-0.80652	0.12225221	0.51864064	-0.109292336	0.045009807	0.17895272	-0.3625351	0.4128568	-0.23373441	0.030208629	-0.8553403	-0.7228284	0.07675761	-0.07000737	0.034223236	-0.3496274	-0.8309125	0.37923747	1.5645097	-0.33670163	-0.7296229	0.005719627	-0.10723627	-0.5014964	0.44328249	-0.5172744	-0.031408507	0.5324965	0.48195884	-0.31789356	0.86962473	0.50265914	0.4850108	0.75125366	0.15534149	0.012822082	-0.34629813	0.010223187	-0.032441918	0.42256367	-0.58007336	0.8647856	0.27034807	-0.0600197	0.10161875	-0.027334856	-1.05421	0.77340883	0.9980312	0.22122075	0.11521216	-0.5291423	1.1346679	0.7847993	0.73206913	0.060878925	0.75981706	-0.20680597	-0.54239327	0.4144276	-0.19221714	-0.5469541	-0.7701108	0.18496405	0.7674189	-0.40148294	0.24325392	-1.3477317	0.76551753	-0.25022963	0.35629508
0.34169534	0.14423774	0.35838264	-0.90429837	-0.14286503	0.09727143	-0.20535535	1.1736149	-0.21619639	0.6056161	-0.5562612	0.3551745	-0.45565754	0.031200092	0.704044	-0.35402116	-0.14771912	0.701066	-0.2293723	-0.41891503	0.17814061	0.48443964	0.18933015	0.64914465	-0.29012915	0.23792161	-0.30493394	-0.3012512	-0.8207169	0.5705168	0.45162633	-0.081298254	0.6565147	0.39643672	0.1333256	0.99651855	0.65385014	-0.17447484	0.70064163	0.54296213	0.7179632	-0.0014899088	-0.64026	-0.21648918	-0.13245565	-0.9784557	-0.2842994	-0.2325833	-0.07602129	0.1041274	-0.16731288	-0.118804544	-0.014001965	0.06510495	-0.84921837	0.13512968	-0.17894031	-0.43525514	-0.008310783	0.66983205	-0.26035267	0.48406836	0.48946708	-0.12006611	-0.16719863	-0.15868655	-0.006135858	0.20736624	-0.56891435	0.12235918	-0.2947075	-0.17357095	-0.4335277	-0.034456886	-0.04694928	-0.39806184	-0.0050981473	0.012812536	0.05805715	-0.13039878	-0.32006827	0.39720193	0.2971841	0.77361476	0.1464064	-0.5745626	0.68349266	-0.27773482	0.3186487	0.031205848	-0.68875235	0.5903963	0.069939286	-0.40904936	0.43227896	-0.85180676	0.2576504	0.4242801	0.71802574	-0.25609702	0.4783173	-0.51965976	-0.77051234	-0.53793496	-0.17823605	0.38702935	-0.627604	0.030408751	0.2680658	0.0045721754	0.051790252	-0.5645469	-0.8338729	-0.42306447	-0.063494846	0.2611781	0.23688735	0.002849113	-0.43683043	0.4483463	1.0840746	-0.7608526	-0.39166173	-0.014328589	-0.5090783	-0.66717	0.26057675	0.20957412	0.1849043	-0.24658878	-0.0332494	-0.06845129	0.0802543	0.40708917	-0.044481844	0.37073308	-0.6942054	0.40707257	0.22326897	0.6363435	-0.4297031	-0.44371742	1.0061609	-0.092815906	1.1454512	0.6908103	0.13778415	0.11381182	0.45719486	0.5973347
-0.28956664	0.45462626	0.25773805	-0.0016790464	0.46895248	-0.02047109	1.1331712	-0.2661127	-0.72331876	0.4327705	-0.21056718	0.32927263	-0.7745865	0.3179279	-0.30567253	0.22510569	-0.018569503	-0.09500965	0.29646263	0.2070486	0.19220555	0.18627316	0.3584828	0.3593848	-0.036648437	0.0977161	-0.45572913	0.10424665	-0.13859856	-0.01942198	0.019769803	-0.29144046	-1.0155729	0.10963946	0.22029117	-0.4211156	0.07005561	0.08601664	0.2891378	0.24436364	0.36364037	-0.35828078	0.019777201	0.6089776	-0.44052377	-0.30530393	0.4043125	1.1521362	0.22764331	0.052371062	-0.182389	-0.18028569	-0.35824385	0.066816755	-0.39180633	0.63059723	0.012749685	0.38789126	0.2770915	0.04275144	-1.1593509	1.304624	0.0894689	-0.016013555	-0.6271269	0.50206286	-0.20607252	-0.97025216	0.35386044	0.35159242	-0.036716916	0.43545768	-0.2671397	-1.0492308	-0.26294106	-0.77766657	0.5960161	-0.14853907	-0.22263052	-0.91693985	0.47392774	-0.39526555	0.88650477	1.0047712	-0.12294824	-0.14128381	0.30577728	-0.1570861	1.1142493	-0.564205	0.2096701	-0.28622365	-0.16150165	-0.37510923	0.07877477	-0.38928944	0.3937373	0.5300507	0.20090985	-0.14923328	0.00858377	0.26605627	-0.27245328	-0.1743688	-0.4815177	0.30751273	-0.29671156	-0.59249014	-0.15442806	0.22459207	-0.06003918	-0.034444228	-0.8891253	0.04377205	0.38826078	-0.14495844	-0.18958265	-0.26875612	0.0066179764	0.32987958	1.0856985	-0.42834675	-0.64072466	-0.7325553	0.30111268	0.6548442	-0.33213994	0.50226873	-0.106937654	-0.7183907	0.0852945	0.30315185	-0.19002347	-0.14363623	0.2588274	0.35436937	0.39453417	-0.71900916	0.16685297	-0.030125817	-0.43403336	0.050156202	-0.08558428	0.41232702	-0.18141054	1.228195	0.37220898	-0.090363294	0.44002554	-0.53605634
0.4459531	-0.17573732	-0.42642012	-0.5825787	0.2170274	-0.7414444	-0.11970239	-0.13817184	0.081753254	0.5009659	-0.3787944	0.40199733	-0.5172122	-0.3777832	0.07692522	-0.28869703	-0.4816569	-0.047076814	-0.8360748	-0.46835652	0.4463235	0.8347883	0.879956	-0.19963801	-0.53585863	0.23166879	-0.51698977	0.576901	-0.05639963	-0.7441143	0.51147383	-0.29155508	0.61037004	0.5206155	-0.5661407	-1.1027443	0.9609805	-0.7570717	0.30917993	0.67940116	-0.20010528	-0.41760263	-0.50332177	-0.22900729	-0.5537024	-0.57512915	0.09152345	-0.025603151	0.47901878	0.72761464	-0.4240271	-0.94887125	0.13652894	0.09512572	-0.8102271	1.2146093	-0.009060778	0.033826552	0.18588935	0.009514956	-0.98933226	0.6113605	-0.6296824	-0.08282845	0.049730733	-0.7211711	0.105380565	-0.5538762	0.29587376	0.09339204	-0.12844668	0.07529271	-0.104357585	0.09832111	0.23565143	-0.4584218	-0.6148553	1.1238804	-0.6325101	-0.37846345	-0.018587157	0.4682021	0.78091866	0.9390525	0.043846175	0.11784492	-0.084000535	-0.5802531	0.16020747	-0.5219193	-0.55770427	0.5885116	-0.1985003	-0.32357228	0.13504611	0.27998313	-0.27777538	-0.19613066	0.059577048	0.081936	0.38090155	-1.1169645	0.31244802	0.5696351	0.17158206	-0.030018635	-0.45714617	-0.018033063	-1.2116864	-0.46888122	-0.0767322	0.14048582	-0.26257917	0.82971776	0.4444829	0.48148566	-0.18317631	-0.35717025	-0.08137015	0.0238194	0.7377977	-0.44730046	-0.16667105	-0.16705033	-0.7354164	0.84089214	-0.38944596	0.55301666	-0.12078387	-0.55588526	-0.38124362	0.34300762	0.6579061	-0.87487596	-0.09771483	-0.4165854	0.3961926	0.2276599	-0.7418674	0.7234798	-0.39399347	-0.55144584	0.5565281	0.020249318	0.5111024	0.035242416	1.0876667	-0.15874222	-0.050442576	-0.39858815
0.17815201	-0.6708093	-0.07936938	0.11080007	-0.3075965	0.38588274	-0.74632794	-0.12661467	-0.7047602	0.5931453	0.31274328	1.2749475	0.085971355	0.43012848	-0.3620166	-0.44536468	-0.49438336	-0.062313512	-0.38411084	0.49005553	0.48292926	0.22329688	-0.05555135	0.6038946	0.37080207	0.7508485	-0.0022378834	-1.2086812	-1.0357869	-0.04157915	0.4164043	0.24321084	0.08111918	0.4158754	0.7650708	-0.5323699	-0.0077687623	0.14388712	-0.29181013	0.7178744	1.0016109	0.2549705	-0.5628035	-0.11331159	-0.1799673	-0.4673548	0.0700686	0.29697323	0.066141285	-0.93350935	0.08703683	-0.26713505	-0.4900515	-0.7732942	0.153277	0.30501497	-0.4368881	0.07925582	-0.27713066	-0.2457331	-0.29619092	-0.39809385	-0.13156632	0.5446613	-0.598644	-0.2508255	0.015379891	-0.119242	0.053865414	-0.18660185	0.19838311	0.019499777	-0.7503394	0.0009416342	2.1367741e-05	0.1221921	-0.32279748	0.54878414	-0.54507935	0.4672001	-0.47151083	-0.11195564	0.5456846	0.47752824	0.42035204	0.15337782	0.3788882	-0.12727033	-0.5776715	0.044281524	-0.810027	0.18411501	0.44685817	-0.35706607	0.01818942	-0.2476424	-0.8206225	0.76969236	0.018493634	-0.10123578	0.6846228	-0.28231835	-0.2646723	0.6372955	-0.33299312	0.15249138	-0.5949767	1.390508	0.2655417	-0.048881315	-0.046812788	0.0648498	-0.06311247	0.21333118	-0.834125	0.10482971	0.21258208	0.2705688	-0.29269713	0.28116804	0.655907	0.25732756	-0.49200663	-0.26854068	-0.077890836	-0.6430091	0.19583127	0.7186641	1.1386253	-1.1066798	-0.122350805	-0.232689	0.6074399	-0.67842346	-0.54881424	0.58424115	0.22367805	-0.18907702	0.25921035	0.8208434	0.69050735	-0.13705716	0.21699043	0.31297728	0.016175019	0.17309912	-0.35891688	0.99261785	0.35722756	-0.1751541
0.7970035	-1.0889721	0.4806149	0.32861742	0.05775934	-0.50004375	0.27003255	0.20034102	0.24166083	-0.38742456	-0.25423914	0.24743985	0.80680305	-0.08157348	-0.70150596	-0.3708698	0.29906407	-0.272988	-0.45013815	-0.36963737	0.9724452	0.77851444	-0.4596387	0.06532527	0.54613394	-0.053976122	1.001704	0.63908374	-0.12298701	0.15076181	-0.12397387	0.5095594	-0.030460378	0.6002912	0.37052584	0.44827244	-0.44629782	-0.19998029	0.42935553	-0.37913623	-0.27426028	0.5363491	0.31516778	-0.17848168	0.8418899	1.1052045	0.42169973	-0.1713666	-0.07169163	-0.42934504	-0.4167952	0.14703251	-0.36077514	0.23959215	0.18823442	0.85496145	0.92642117	-0.1404003	-0.37196177	-0.0148967225	-0.413756	-0.12719642	-1.1104443	0.2696779	-1.0391741	0.5334211	0.3332185	0.29764816	0.88040864	0.6420958	-0.2668527	-0.2808934	-0.62921053	0.7713596	-0.28126338	-0.19682935	-0.64273363	0.74041104	-0.46331313	-0.15327197	0.13008744	-0.44894317	-0.1382616	-0.0052372417	0.73441476	-0.6519148	-0.023696939	-0.04436739	-0.8039938	-0.5136228	-0.13185796	0.21089359	-0.8466147	0.42507195	-0.4539964	-0.72443956	0.14537966	0.13815081	0.17356843	0.48814005	0.0491625	-0.6980804	-0.26977044	0.14185746	0.043739874	-0.36306474	-0.02527397	0.36826968	-0.08374356	0.12153182	-0.18198004	0.354102	-0.5231306	-0.714468	-0.2579688	-0.36048737	-0.47766367	-0.43647504	-1.3058046	0.36429268	1.1129192	0.47740948	0.65346307	-0.11870961	-0.3847493	0.029510716	-0.2561386	-0.42949438	-0.8996861	-0.6340927	0.40063277	-0.3864874	0.68735385	-0.46021718	-0.28388056	0.7568792	0.35206154	-0.74163157	-1.0795742	-0.74207735	-0.26995984	-0.5465754	0.12565406	0.022531487	-0.3132446	1.084736	-0.30324394	-0.28822443	-0.43048972	-0.32241827
0.3604005	-0.9412364	0.89810956	-0.0008791077	-0.7613784	0.83410776	0.41991624	-0.27798405	-0.2555124	0.82024866	0.1845947	-0.2548142	-0.17929967	0.13142042	-0.33941308	0.6326363	-0.43117124	0.5956903	0.22400267	0.6550508	-0.42281613	1.162084	-0.14150625	0.553585	-0.30981404	0.14701019	-0.68381095	0.20818394	-0.5853138	0.6789339	0.5875015	0.16090588	0.3147665	-0.35602996	0.12441798	0.097449936	0.6814861	0.0844149	0.18369405	-0.022341542	0.09116533	0.3913883	-0.2684127	-0.641244	-0.460545	-0.12575847	-0.19764206	-0.35951212	0.4191113	0.55374813	0.99663335	0.5022936	-0.43246588	-0.6683107	0.19620596	0.03529524	0.54676163	0.28659615	0.8450201	0.448484	-0.27604857	-1.163384	-0.055554736	0.39775643	-0.49490607	-0.87578195	0.7068307	-0.5893926	-0.4714828	0.4061572	-0.40677306	0.22667214	-0.51814204	-0.5422772	0.69205177	1.1967517	-0.891855	0.22303651	-0.75975436	0.1727786	-0.505918	-0.2757335	0.233707	0.4491392	0.68053186	-0.42507678	0.96592855	-0.0067566577	0.13018584	-0.4635904	-0.59569496	0.49719632	-0.77604735	-1.2940124	-0.033333287	-0.6035648	-0.7931007	0.4114252	0.14270487	-0.59010464	0.10714061	-0.18905103	-0.46329597	-0.14513263	-0.3173995	-0.20593747	0.33069232	-0.5269108	-0.54894865	0.15897904	-0.0127386525	0.1397973	-0.71764004	-0.110067345	-0.07275232	-0.3151538	0.6853203	0.13729045	-0.73333585	0.4723049	-0.06886986	-0.11210138	-0.17206755	0.48198575	-0.40263206	0.10470069	-0.19645678	-0.0032782573	0.05465954	0.16722	-1.0204979	-0.09239869	-0.4294996	0.0031471245	0.10830236	0.27377802	-0.12667406	-0.039032377	-0.02894866	-0.15665114	0.05322596	0.8235506	0.3565078	0.12041023	0.23552313	0.5658582	-0.21784633	0.26696572	0.6880549	0.03150785
-0.047875565	-0.79905677	0.05995406	0.6617841	0.6554523	-0.083117545	-0.20383602	-0.82357997	-0.6967843	-0.07793422	-0.4398657	0.56772053	-0.10570217	-1.352613	-0.26371998	0.09546954	-0.035421826	0.39642394	-0.52957916	0.4309589	-0.030136667	0.16507806	-0.19669516	0.7802445	0.09022338	-0.71984494	-0.30276263	0.7892167	0.014421109	0.22084984	0.42795303	-0.4919199	0.40391633	-0.154107	-0.12829506	-0.21107917	0.290354	-1.3113365	0.8402516	-0.90552187	-0.45987046	0.21128629	-0.18678188	-1.0840901	0.11812091	-0.05053191	-0.6517392	-0.32166055	-0.47440618	-0.37173396	0.27261785	0.48644698	0.18068522	-0.54261804	0.1718024	-0.17753854	0.66281456	0.75295293	0.041747887	0.27316904	-1.1006266	-0.08825382	0.16512156	-0.15581512	0.17944539	-0.053190656	-0.04127217	-0.86934394	0.040803745	-0.57233715	-0.21043436	-0.56860363	0.511618	0.044046734	0.08021927	-0.043886885	-0.08288498	0.73988825	-0.32236964	-0.77471536	0.36519232	0.8152013	-0.32391953	0.42973605	0.09605061	-0.494272	-0.67090654	-1.2658887	-1.2341264	-0.1918083	-0.16681677	1.3523362	-0.0511649	0.007913421	-0.19808434	-1.4602351	0.32405874	-0.08283728	0.73839974	-1.0310398	0.35147607	-0.4133136	0.52141565	-0.07470498	-0.23121445	0.4616257	-0.34157032	0.2681482	0.8306259	-0.13002202	-0.9558781	0.08837119	-0.51092446	0.39191705	0.14292097	-0.42681488	0.29354814	0.45857012	0.62981576	0.09791926	0.72914493	0.30080596	0.7484438	0.069939	-0.5702638	0.051753096	0.15357113	0.53450215	-0.67169297	-0.4993345	-0.29118627	0.1052137	-0.19875085	0.51327604	-0.40288252	0.3445124	-0.3375401	-0.062189385	-0.41451517	-0.15514894	0.113921344	0.07229912	0.104478285	0.3335398	0.27915734	0.016173098	0.540879	0.03130321	0.24225688	0.21747209
-0.19481999	-0.15450633	1.1150277	-1.1351216	-0.10638001	-0.37764454	0.63540757	-0.3110644	0.43206912	0.4107432	-0.17016149	-0.21175979	0.41100964	0.56125593	0.22878838	0.8375405	0.15879458	0.7790511	-1.0758429	-0.09021986	-0.6726162	-0.051564876	0.5895572	0.30197978	0.22021714	1.0472132	0.19488348	0.04522919	-0.6555265	-0.76873356	-0.020950032	-0.533404	0.21656612	-0.7916308	0.32834104	0.6044395	-1.0987484	0.1684123	0.49660364	-0.010186295	0.20252714	1.0243032	0.7934007	-0.5852009	0.54192007	-0.7681879	-0.13799426	0.37087822	-1.0960008	-0.7245433	0.28759366	-0.6649818	-0.11437372	-0.38200086	0.5043296	-0.036615558	0.3793316	1.3808807	0.3425578	0.32969832	0.0685305	0.34690085	0.57120913	0.04139479	0.35988694	0.72878546	0.297847	-0.45077923	0.073687755	-0.2912973	1.1913637	0.13515037	0.116269775	0.12560526	-0.047776867	0.341679	1.1910468	-0.25411206	0.38275108	-1.1649911	0.51551634	-0.30823493	0.31167835	0.62708384	0.31244642	-0.9692606	-0.5230572	-0.2817558	-0.26055548	-1.0643963	-0.5268338	-0.12390283	-0.34491047	-0.9715495	0.1624978	0.47386494	-0.31601605	-0.06825191	0.76790774	-0.26231048	0.024608128	-0.22650322	0.16704749	0.5542764	0.6978375	0.6861552	-0.042745363	0.23545183	0.2328766	-0.6881594	0.7568688	-0.015156709	-0.7539439	0.6246814	0.7708225	-1.16731	0.28856033	0.28921437	-0.1635526	0.50809485	0.68285054	0.64953476	0.5700923	0.3428486	0.57993364	-0.47717166	-0.1463896	-0.65901214	0.058067173	-0.10093679	0.57024133	0.2321928	0.34691235	-0.38648748	-0.8087914	0.83982646	0.022103542	0.23508023	0.24507073	0.347254	0.13872169	-0.5232099	0.40524054	0.8940731	0.3733904	0.24119309	0.24966292	0.27052113	-0.31398115	-0.7220053
0.23210531	-0.5632655	0.10091126	-0.6765383	0.27512756	-0.51735497	0.075312644	0.3309826	-0.39802596	0.01875136	-0.4581843	-0.30228463	-0.742795	-0.39499673	-0.7962142	-0.942615	-0.23579682	-0.3543083	-1.3713409	-0.3273197	0.20950276	0.119268306	0.34508193	-0.12792814	1.218229	0.05001834	-0.29090095	0.59707105	-0.121035114	0.15006123	-0.013473557	0.049646106	-0.45955226	0.39177954	-0.30853605	0.2036262	-0.09030001	0.64456314	0.6757867	0.26189062	-0.37160128	-0.0036541398	-0.47821695	0.20938084	0.08497019	-0.088768244	-0.40599018	0.27470323	0.0028372076	-0.5746996	-0.40542883	-0.48043725	-0.17704052	1.1108217	0.24610175	0.05736783	-0.41824502	0.06476894	-0.15985	0.6379687	-0.69346905	0.008539453	-0.36289597	0.036170665	-0.5804394	-0.4204231	-0.19561933	0.41517684	0.16494001	-0.37541348	0.31153303	0.032276634	-0.93809134	0.0051806336	-0.56704634	-0.3895511	-0.12552972	0.9309872	-0.7914304	0.27283356	0.580589	-0.27020502	-0.52138	1.1305581	0.08162154	-1.0112484	-0.015188293	-0.006910482	0.5349629	-0.32128286	-0.22344021	-0.22389469	-0.584966	0.09848041	0.11010276	-0.24203622	-0.70099574	-0.0915257	0.22058551	-0.10607132	0.13811806	-0.8472095	0.280206	-0.7940316	-0.42412132	-0.24018517	0.46733266	0.34917483	0.82618123	-0.120865755	-0.3591225	0.26498798	-0.38638708	0.20555447	0.1960484	0.1880957	0.5023746	-0.88808495	-0.0038514817	-0.068008594	-0.1490867	-0.23488075	-0.20122527	0.15672633	0.44400495	-0.15842402	0.15568455	0.22511196	-0.6476416	-0.009199959	0.50128126	0.61579174	0.50961924	0.014529344	-0.2914686	0.42167193	-0.3486736	0.1281745	0.5966609	-0.17439844	-0.051132735	-0.6675908	-0.16864912	-0.23130208	-0.21982239	0.83563894	0.39911744	-0.7500781	0.39280528	0.08945597
-0.0505148	-0.4131058	-0.031012362	-0.21755745	-0.008055431	0.30473116	-0.105971605	1.0336417	-0.11250307	0.69464135	0.15220407	-0.23813601	0.029578691	0.19936971	0.40437457	-0.091375716	-0.441711	0.9525124	-0.5751887	0.14591004	0.016900606	0.43799213	0.52838904	0.50185186	0.29995763	0.03476838	-0.580199	-0.59105074	0.093105696	0.609083	0.5011082	-0.24455914	-0.47208482	0.07759927	-0.11238431	-0.5204636	-0.12427249	-0.9754129	-0.20011327	0.8298015	0.5422848	-0.080094546	0.66600955	-0.21839496	-0.10360596	-0.4642884	0.09959369	-0.9567984	0.045496386	-0.52949286	0.48504993	-0.58608973	-0.29664236	-0.5787427	-0.1415001	-0.16108434	-0.045086246	0.43515745	-0.10935537	0.18363008	-0.2999016	-0.6788159	0.47605234	-0.50582194	-1.029421	-0.6140722	-0.62692505	-0.258785	0.040053573	-0.3556175	-0.8415064	0.7511923	-0.4015833	0.22172882	-0.65686005	-0.76823443	-0.09324282	0.60752004	0.20320688	0.52531993	0.5808872	-0.60043544	0.33685434	-0.22401403	0.6099222	0.12565143	0.23701435	-0.23670363	0.10441121	-0.3873076	-1.0570201	-0.8336798	-0.78404945	0.39353046	0.4512438	-0.404846	-0.52901334	-0.4542149	-0.63350713	0.16716543	0.70651513	-0.043214537	-0.000647809	0.09797964	0.11914189	-0.73677266	-0.12723067	0.22954941	0.49228823	0.2727353	-0.39588	0.3306277	0.34091902	-0.05899871	-0.015865874	-0.23777805	0.008734607	-0.16072316	-0.95929515	0.38548043	0.26011994	-0.874186	-0.5499278	-0.7865578	-0.13608104	-0.4396248	1.0042915	0.007926772	-0.3433741	0.22202203	0.21467295	-0.08122194	1.5149827	-0.21124436	-0.19036248	0.15308313	0.45240474	-0.2675244	-0.8896158	0.3492332	0.84530807	0.35351306	0.84968984	0.3990807	-0.8718892	0.81411743	0.73969054	-0.06593503	-1.0850943	0.69052273
0.3352936	-0.90129817	0.8468434	-0.99829465	0.9280117	0.27718264	0.52136654	0.041517258	-0.22688964	0.14361592	-0.06541857	-0.57484746	-0.46861503	0.07939787	0.23266704	0.83872616	0.37450397	-0.21090156	0.38780624	-0.2683436	-0.130977	0.30582893	-0.4752257	0.074427836	-0.20018908	0.29102832	-0.07948316	-0.26320666	-0.7591301	-0.7647828	0.6740295	0.08417034	0.0004056442	-0.17954144	0.50793445	0.73435843	0.8495474	-0.14142908	0.27935058	0.7223248	0.090668626	0.581406	-0.9910506	0.07520265	-0.03839757	0.9589766	-0.17519222	-0.6256838	-0.6719413	-0.42839572	-0.17714168	0.03221634	0.039345738	-0.20360863	-0.20710413	0.12377529	-0.26347876	0.16114454	0.8905454	0.6307763	-0.053545404	0.33946055	0.03317956	0.2291226	-0.61864984	-0.516981	1.0172893	-0.4514303	-0.664216	0.1610537	0.47462273	0.04155523	0.7738925	-0.22717182	0.3892276	0.16652486	0.9702019	0.49703887	-0.082503125	-0.5611275	0.7226397	-0.33836207	0.4303821	0.5108685	0.24256079	0.38340738	0.28741887	-0.12537704	-0.3964133	-0.43102923	-0.7346585	0.17247508	0.23268054	0.6183507	0.55840385	-0.19288215	-0.15141445	0.52447325	0.18038486	0.4254735	-0.3739171	-0.41069496	0.24853495	0.101802	-0.45720157	0.21598491	-0.6284826	-0.2518128	0.30690342	-0.08812824	-0.3131614	-0.36299685	-0.58832663	0.56909895	0.11381837	-0.69299906	0.20021479	-0.1550288	-0.343206	-0.18123539	1.0189403	-0.33606753	-0.08619048	-0.18017988	-0.6425772	0.06467709	0.29318467	0.24077666	-0.16406971	-0.044818595	-0.716755	0.35919964	0.77091616	-0.36151576	1.1347522	0.6733251	0.5553679	0.032829333	-0.5012447	-0.4514142	0.32361066	-0.17660485	0.42379716	0.34401658	-0.30253986	0.24402158	0.6816277	-0.24790573	-0.28564554	0.065785386
0.1469271	-0.28250796	0.2839016	0.4115753	-0.22326244	-0.28239742	0.49003765	-0.21022594	0.13121384	-0.34453905	-0.11581455	-0.13315761	-0.35079163	-0.29186815	-0.33135065	-0.15852599	0.4267921	-0.005027849	-0.14150923	1.0822839	0.6567109	0.036157902	-0.39494815	0.41739166	0.054766975	0.43664038	-0.22358629	-0.23243332	-0.55361515	-0.3402718	0.015633404	0.106619	0.258746	-0.3937379	0.28562543	0.023474678	-0.24317563	-1.4494241	-0.39920023	-0.29339394	-0.16544758	0.5521725	-0.56604505	-0.27078357	-0.84932697	0.037759934	-0.058813382	0.45163858	0.35876277	-0.37916523	-0.067217804	-0.026770694	-0.7452371	-0.21815087	-0.24002859	0.11463748	0.34563744	0.02717984	0.4058435	0.32485023	-0.37305692	-0.10170566	0.16240941	0.51730716	-0.5843859	0.34113297	-0.07373923	-0.13528177	0.12607794	0.117273726	-0.65663195	0.095410764	-0.06713268	-0.31937966	0.044581886	-0.1811991	-0.4650496	1.040088	-0.16696127	-0.66556776	-0.023657186	0.121804126	-0.17820565	0.3045909	0.197936	-0.12684716	-0.42921603	0.008794794	0.39869234	0.9054779	-0.081710726	0.39369905	-0.27021575	-0.091846645	0.53482366	0.36541697	0.08519087	0.39926663	-0.0056697503	-0.18682383	0.39810303	-0.34693617	0.33405626	-0.21979684	-0.306613	0.772619	0.5947399	-0.3097666	0.0965668	0.3215534	-0.45516515	-0.25389248	0.49405313	-0.23719105	-0.13345473	-0.527695	-0.899342	0.18268	-1.3473917	-0.56237113	0.6410615	-0.5341801	-0.45328104	0.26254803	-0.27153474	-0.21527119	-0.5473326	-0.0960364	-0.25217196	-0.4537889	-0.26958486	0.55961907	0.9822168	0.57811177	0.13679293	-0.0071941074	0.037349626	-1.1285545	0.19307727	0.44609424	0.53309965	-0.27898905	0.3990494	0.22706963	0.75129694	0.8708691	-0.25875556	-0.74780446	0.11922805	-0.5808682
-0.021603491	-0.3843354	-0.8658444	-0.15814373	1.351871	0.4304252	0.09592052	-0.18498662	-1.0892388	0.46644297	0.8619748	0.17613025	0.62023866	0.68082434	0.88789296	1.0611125	-0.2822404	0.4991114	-0.06063687	0.28615105	0.0519418	0.1217024	-0.4801125	-0.1891982	0.67491716	-0.71748513	-0.7310176	-0.3308294	-0.48743686	0.17003539	0.9549582	-0.5991486	-0.2881238	-0.21599151	0.6757469	0.3296697	0.33417213	0.5903492	0.38381276	0.00063466374	-1.04553	0.26367304	0.49967554	-0.28765556	-0.28898823	0.5273459	1.0364552	-0.12361895	-0.64030993	0.39940804	-0.8524772	0.046145797	0.3120995	0.49759337	0.84150904	-1.1226561	0.64265144	0.37323937	0.18081762	0.2941674	-0.39507416	-0.82136106	0.06513989	-0.24078403	-0.70026714	0.8254598	0.14702275	-0.1594824	0.7589242	0.51637155	0.38351563	-0.49597353	-0.041022316	-0.83708906	-0.734755	-0.27327618	0.606595	0.15682404	-0.4683112	-0.13431834	0.065707736	0.5098157	-0.10566404	-0.4484295	-0.36865345	-0.5457584	-0.7659048	0.3746753	-0.30144653	-0.32150102	-0.049800556	-0.2051355	-0.5513144	-1.5902485	0.3508505	0.8735569	0.8922657	-0.021264022	-0.035728626	-1.3908185	-0.12174436	-0.4945389	0.0661074	-0.041111957	-0.3356195	-0.62115234	0.12348394	0.6291756	0.22427289	0.74403733	-0.08273668	0.2718501	-0.3402584	-0.07598748	0.89660233	0.19473098	-1.047226	-0.42599875	-0.19790612	-0.28436136	0.39502195	0.7323887	0.6624198	0.13666947	-0.092294246	-0.6529834	-0.149857	1.1193368	-0.3502574	-1.0448766	-0.14415164	0.06203851	0.71196973	0.11982803	0.65207475	0.07169379	0.5397322	0.27208892	-0.51145446	0.7396906	0.14912128	0.7359472	0.21497391	0.62981737	-0.18884216	-0.01729115	-0.07509448	0.83368653	0.47921655	0.455762
-0.03584088	0.28076974	0.7910299	-0.4763921	0.4083084	-0.26102298	-0.2132611	0.119843066	-0.12252966	0.7836704	-0.24055825	-0.33759534	0.22374007	-0.7091875	0.063006535	-0.56614363	0.7234538	-0.44943404	0.14290695	0.11606999	-0.52267516	0.19810137	-0.14429414	-0.1981285	0.15640849	-0.048715595	-0.24628241	-0.4317302	0.008793968	0.37226123	0.61464804	0.074147284	-0.45988807	0.06913423	-0.12705278	0.46511984	0.6444893	-0.37920323	0.6497831	-0.34951365	-0.08856283	0.08717686	0.060375053	0.3863772	0.046871234	0.45986214	-0.11469782	0.6162937	0.059523344	-0.55369985	-0.09441812	-0.60264254	-0.69963366	-0.016241252	0.5817621	-0.103635766	0.630819	-0.39465258	1.1619146	-0.077544644	-0.40199322	-0.3884823	0.061695635	1.0204922	-0.12623253	-0.20713998	-0.28049004	-0.48451585	-0.12535892	-0.26779512	0.24423827	-0.5195591	0.0990653	0.37843865	0.25263602	-0.80789906	0.094786875	0.041521363	0.3685617	0.15690777	-0.47718847	0.43568435	-0.6266553	0.62639606	-0.17660388	0.2813999	0.15005869	-0.38016394	-0.18265624	-0.08066336	-0.07154815	1.3242784	-0.31144032	-0.31825545	1.0032701	-0.41773558	-0.5635758	-0.15504855	-0.4326983	-0.5747598	-1.1002111	-0.90851057	0.3895675	-0.181054	0.5722355	0.30656382	0.20491312	0.25498572	-0.39812782	0.3930784	-0.0057855584	0.11429568	-0.41053227	0.5808608	0.80244195	-0.21631257	0.17482431	-0.4727359	0.45089653	-0.084195234	0.35242072	-0.39875576	0.1016859	0.008110793	0.5857797	-0.2736808	-0.4482269	0.16099529	0.2747577	-0.77332747	-0.020275954	0.68352586	0.44527608	0.59579045	-0.6582443	0.19436751	0.01796755	0.33075625	0.15325135	0.36863264	0.14467241	-0.25439692	-0.023866381	0.37193048	-0.029146297	0.2758633	0.12255179	0.33477286	0.7417627	-0.031225696
0.26765022	-0.24747126	-0.039002754	-0.60131997	0.5429148	-0.020428883	-0.28817934	-0.036925815	-0.27692926	-0.45968336	-1.1824846	0.5411342	0.29623687	0.20864053	-0.7589333	-0.7384253	0.6831002	0.1624974	0.10083385	0.766566	0.14645821	0.28592345	0.13902543	-0.12455527	-0.2522828	0.43925613	-0.008149065	-0.35069948	-0.32251993	0.9929477	-0.28960627	-0.28982875	-0.13621134	0.2318526	0.16294709	-0.093490325	-0.15942185	-0.88627493	-0.16321416	0.11517678	-0.7218538	-0.37473014	-0.69740254	-0.7942521	-0.10414278	-0.524605	-0.30270922	-0.03245415	-0.032536115	0.41875213	-0.19190983	-0.367198	-0.40582135	-0.7003848	-0.20475172	-0.39850104	0.2748039	0.6344815	-0.12973112	0.69204646	-0.32665852	0.6655151	0.30102283	0.17721891	-0.31793836	0.36188313	-0.11423133	-1.0820884	0.6520363	-0.5044312	0.27363157	-0.1977463	-0.278927	-0.40871075	0.6186569	0.9082736	-0.19434723	0.7414306	-0.38380244	-0.36847055	-0.14960805	-0.53564394	-1.0083677	-0.2188684	0.80937606	-0.6472811	0.26345482	-0.52630854	-0.9380347	-0.59373987	-0.25187826	1.0626441	0.34972018	-0.09403662	0.23313203	-0.24833275	-0.00077376247	0.28267848	-0.013339827	-0.14805396	0.46846166	0.6618859	0.31850666	-0.012424371	-0.22317122	0.71340525	0.15873566	0.35969815	0.4354103	-0.20129927	0.05725694	-1.0395231	-0.81728554	0.4343001	0.47747287	0.16414922	0.73148876	-0.08787351	-0.8414925	0.7612551	0.25686073	0.026509086	-0.2581243	0.5302108	0.038072046	-0.5665326	0.31473306	0.51999396	0.4264384	-0.11986836	0.2556263	0.3035247	0.25092405	0.365629	-0.038392615	-0.1689451	-0.19846985	0.023517871	-0.35931024	-0.24271725	0.47520033	0.7110473	1.000165	-0.3228815	-0.056275956	0.91305304	0.7312437	0.12402454	0.62966096	-0.77070457
0.5936822	-0.6985765	-0.9089537	-0.62603974	-0.47921684	-0.08190035	0.11950028	0.5706498	0.13274145	-0.1146254	-0.55266964	-0.22088033	0.2842411	0.6899587	0.6737056	1.1949085	0.89649314	0.2009001	-0.567215	-0.19645198	-0.500951	0.57343566	0.3259991	0.17230634	0.6755754	-0.6557058	-0.19285014	0.11142916	0.041401815	-0.66260093	1.0917844	-0.20617102	-0.51424813	0.5733477	-0.51449263	-1.0076207	-0.058350753	-0.23223339	-0.28083423	0.57585144	-0.15647109	-0.53943235	0.7394242	-1.0029756	0.43121102	0.19310579	-0.2819831	0.098791525	-0.1380341	0.52857655	-0.008080528	0.14086403	0.171147	0.011187935	-0.36132386	0.4181427	0.25370255	-0.28638777	0.11386866	0.6092476	-0.46253356	-0.3148103	0.3986465	0.47566172	0.5429525	0.462938	-0.6704487	-0.832399	-0.7820291	0.0699732	-0.7770266	-0.561716	-0.15783365	-0.23443104	1.1617365	-0.22581738	-0.38794792	0.48729953	-0.6001688	-0.3763297	0.24708962	0.64691514	-0.013574806	-0.07294147	0.76770496	-0.2841098	-0.41789755	-0.9620751	-0.20885208	0.18924294	-0.19027616	-0.15958376	-0.6974063	-0.49155137	-0.4291115	-0.043970674	-0.11681476	0.6063296	0.72631186	-0.643181	-1.1780871	-0.4495138	-1.1249286	-0.32194868	-0.84555465	0.28847098	-0.290729	-0.8237086	0.24520366	-0.20718502	0.027632771	0.14454377	-0.42486754	1.0435301	0.947666	0.37338322	-0.1804432	-0.57420653	-0.76293975	-1.7912552	0.019314649	0.03612242	0.32009143	-1.0548733	-0.94466305	0.35873628	0.3149187	-0.4289632	0.0057637924	-0.7972406	-0.20785767	-0.027097704	1.2155325	-0.23502737	0.45374843	-0.24166808	-0.5845803	-0.6012772	-0.25113848	0.022296336	0.044546578	-0.5149318	0.56195873	0.83101344	0.081571706	-0.09214851	0.37066364	-0.046162713	0.18236274	-0.3888233
0.07439537	-0.120341875	0.28334546	-0.6439164	0.33576354	-0.59178996	0.87543267	-0.2351182	-0.3719262	0.26712564	-0.85003877	-0.6642787	-0.4540317	0.065885484	0.08892526	-0.110190146	0.11054315	0.323421	0.15206851	-0.17992976	-0.11321117	0.07465544	0.26658514	0.7638176	-0.11975724	0.68413055	-0.91828376	0.13845639	-0.17603755	1.1696558	0.092120394	-0.020609803	1.0722312	0.11273758	1.0862194	-0.017713508	-0.61190754	-0.4267148	0.57741076	0.030282384	-0.62428504	1.0377036	0.23336509	0.36144763	-0.4648948	0.99142766	-0.34199253	-0.074437164	-1.7133849	0.24269813	-0.26674262	-0.3920912	-1.0115216	0.08886944	0.25881797	0.036505375	0.3857155	0.2822709	-0.7921484	0.07499083	0.3628599	0.051219977	0.11409901	-0.20223968	-0.7880411	0.1182327	-0.29725957	-0.16603185	0.66516626	0.9095349	-0.29860386	0.62999856	0.8539822	0.2546604	-1.1654308	-0.20594808	-0.272041	0.423365	0.06978469	-1.132913	0.03701962	-1.180014	-0.48834133	-0.8336692	-0.17716564	-0.727347	0.60897535	-0.15721348	-0.42517382	-0.7559826	-1.7124038	-0.06501631	-0.8104147	0.6126963	-0.009087336	-0.20433757	0.81555724	0.17989685	0.52410483	-0.06505592	-0.16471928	-1.2379631	-0.15511334	-1.1742176	0.41410843	-0.2483405	0.3263127	0.00471288	0.41303822	0.30823788	-0.4957879	0.39121723	0.61508393	0.68931764	0.21259546	-0.28146026	0.042379472	0.858683	-0.291401	-0.34644434	-0.72721636	0.15623921	-0.27977693	-0.6003924	-0.34062254	0.19258499	0.27921402	-0.56747115	-0.12432892	-0.404182	-0.024720464	0.2630883	0.15854956	0.4926649	-0.60836923	0.51675844	0.22046019	-0.5538275	-0.6292869	0.92676353	-0.61517096	0.008485558	0.079446696	0.20526288	-0.10072614	0.23133057	0.10508944	1.0721233	0.021300154	-0.65745735
-0.70972496	-0.51284266	0.5060855	-0.25186568	-0.70648754	0.17158031	-0.34624693	-0.35809508	-0.7610229	0.7855697	0.23382634	-0.16229497	0.2367522	-0.23434384	-0.2563429	0.18344848	-0.8221327	-0.4395119	0.47330448	-0.027547702	0.5699342	0.9744944	1.0540711	0.17946844	-0.6798233	0.41855437	0.31757173	-0.34895447	0.5494163	0.0894821	0.3236225	0.2299174	0.105861075	-0.23132409	0.44284755	0.57996017	-0.120109975	-0.00022268786	0.19399214	0.27261746	0.80607283	-0.80840874	-0.03885213	0.11897957	-0.25208756	0.35546532	-0.7275722	-0.7922105	-0.6853195	0.3673765	-1.3363014	-1.0290855	0.6421758	0.07210426	-0.013124551	-0.48194385	-0.38994431	0.050374333	0.70404047	0.20630981	-0.17889081	-0.57652456	-0.61693114	0.13685377	-0.46884167	0.3684296	0.85662055	-0.16864744	0.24189763	0.9241745	-1.2842325	-1.147738	0.06197769	-0.1664297	-0.06566972	-0.077768736	-0.096204855	1.3739538	0.67717427	0.6564513	-0.58653504	0.6891293	0.76859117	0.35755834	1.0932834	-0.40719163	-0.02555973	0.29705626	-0.24565156	-0.29058853	-0.7664428	0.43439245	-0.6125358	-0.57530206	-0.38311136	-1.0628892	0.75203604	-0.2391877	0.45859283	0.21319944	0.24386325	0.6444603	0.22458807	-0.9339767	-1.0468736	0.7826657	0.48957193	0.4576338	0.58311415	-0.19425021	-0.3780262	1.4773203	0.42682135	-0.06708181	0.7023232	-0.8657351	0.5126833	-0.6816294	-0.21553816	0.4635925	-0.3515971	-0.1360191	-0.121031925	-0.097806446	0.13479345	-0.78377134	-0.6525272	-0.19956347	-0.46571815	-0.061012566	-0.5007919	-0.15180886	-0.5658956	-0.22789688	0.07716315	0.053645473	1.6307353	-0.13826746	-0.36533445	0.97131795	0.31832668	-0.37600592	-0.33363122	1.190404	-0.028203096	0.30091137	-0.5555664	-0.18506904	-0.15252358	-0.12219431
0.47300562	-0.06185809	1.4910241	-0.7684743	-0.33840564	-0.6622242	-0.22246704	0.34049475	0.06911349	0.7560369	0.0475246	-0.24657558	-0.49328098	0.8113444	0.44252825	-0.33245897	-0.95489216	-0.10686014	-0.38721606	-0.045276567	0.2916923	0.8118774	-0.99295264	0.9807591	0.27250683	0.7025052	0.01327681	-0.22295354	0.5399738	1.4865403	-0.57866776	-0.24261686	-1.0303214	-0.64257634	-0.1061421	-0.41871533	-0.30378768	-0.45481333	-0.27072775	-0.5998458	-0.43024945	-0.20165439	-0.6876269	-0.104490474	-0.4232723	-0.22200042	-0.18812758	0.34841472	0.34154904	-0.6211296	0.2902696	0.22163236	0.48223755	0.28682864	0.24926825	-0.0627207	-0.768212	0.4451843	-0.06100935	1.1471348	-0.2635532	0.74153423	-0.41304174	0.70044625	-0.37755635	-0.012180489	1.2098184	-0.6024013	-0.2575457	-0.056477405	-0.28861845	-0.513823	0.018067475	-0.3573811	-0.7592042	-0.27756846	0.04901208	1.0688558	0.036922693	0.1514369	-0.3245026	-0.5862735	-0.76295024	0.45744464	0.99816126	-0.23240504	-0.5009854	-0.06548605	0.33422548	-0.065958984	0.31921542	0.23903525	-0.0664841	0.9845017	0.43703946	0.35260335	0.062747166	-0.94491684	1.0087484	-0.5461537	0.1302893	0.21538682	-0.1777747	0.157378	-0.1279582	0.57560825	0.14849156	-0.4879668	0.43301994	-0.5571042	0.45854646	-0.35143292	-0.91989374	0.5937444	0.47153914	-0.90451103	-0.090276934	-0.9503213	0.37819397	-0.36606714	-0.2296781	0.15846029	-0.25137368	-0.38514152	-0.93801916	-0.56788546	0.416009	0.86560374	-0.12786467	0.1112869	-0.20234102	0.12419552	0.20050561	-0.56634754	-0.053481013	0.5295056	0.086143695	-0.6123389	0.35785893	0.5947573	0.2890543	-0.18510754	0.74195695	-0.11710243	0.1613535	-0.29120448	0.094756246	0.57099676	-0.9304402	-0.7801107
-1.0888054	-1.1593764	0.27922952	0.1733999	-0.31791255	-0.3083003	-0.2964505	0.2688494	-0.3592369	0.55016387	-0.14340426	0.54728734	-0.3066981	0.0005123929	-0.09676363	0.76158524	-0.88728833	0.68895626	-0.21700945	0.7109112	1.0531148	-0.43438524	0.4584221	0.5171974	0.49091563	0.104659885	-0.5381918	0.1115689	-0.16282716	-0.5731632	-0.24692297	0.21289629	-0.9612716	-0.44150707	0.56604534	-0.30972558	0.12914838	-0.45168677	-0.112750106	0.015547919	0.47994792	0.38124236	0.04648762	-0.27154145	-0.9115616	-0.19409855	-0.73448217	0.51846045	-0.19217388	0.9177387	0.26549184	0.0042276056	-0.44956446	0.20673977	-0.74261	0.28370342	0.8719572	0.40773502	0.37648654	0.38637576	0.16678898	-0.3340776	-0.36888912	-0.12088582	-0.13571349	-0.58980924	0.26190293	0.13856609	-0.26767397	0.7509693	-0.70472634	0.015316198	-0.17609394	0.6388953	-0.84609663	-0.98761386	0.6383717	-0.28244278	0.45631266	0.26267916	0.52985924	0.099225074	0.29109502	0.5851359	-0.16408679	-0.18886898	0.41371915	0.2901627	1.0195849	-1.6087604	-0.26501298	-0.18707412	-1.3018473	-0.13328853	-0.2604272	-0.21367064	0.58196676	-0.21452528	0.2631993	-0.7546043	0.8422638	-0.4110468	0.32856584	0.19917218	0.6248973	-0.24646193	-0.08684518	-0.15810238	-0.39587653	0.4275001	-0.08102433	0.42640552	0.2793472	-0.059262283	-0.24904221	-0.5389304	0.4386305	-0.38377538	-0.6895048	0.4956659	-0.028312294	0.033369787	-0.37977347	0.04774282	-0.0941468	0.018721819	-0.04634476	-0.940383	-0.051044416	-0.6015447	0.42519608	0.905532	0.7097678	-0.19920978	-0.09358566	0.025402514	0.65116394	0.56248766	-0.21743976	0.060298502	0.19868334	0.43860662	0.8975945	0.402198	0.5849916	0.4561482	-0.317643	-0.32887143	0.38061106	-0.41478863
0.40963724	0.267186	0.62245524	0.7471388	-0.060408596	0.09534173	0.44992512	0.8826451	0.21433945	0.4472584	-0.049719084	0.07774978	-0.29217994	0.102464445	0.3252326	-0.16520117	-0.024026593	-0.7599139	0.16092913	0.33480886	0.35786003	-0.052764613	-0.56451505	-0.055194717	0.33040878	-0.2867987	-0.63466877	0.118567035	-0.57084036	0.80477715	-0.42590278	-1.2810516	-0.6467074	-0.33141068	0.4957925	0.5946865	-0.021580184	-0.056088697	-0.046341673	0.3836153	0.4952599	-0.16356844	-0.13359644	-0.5493519	-0.8860365	0.24806218	-0.31319287	-0.7579418	-0.29596975	0.5854248	0.7618984	-0.8079989	0.49541277	-0.5634949	0.049092293	0.08509338	0.31793237	0.7509746	-0.002105782	0.33669132	-0.11387535	0.42660722	-0.4015259	0.11207078	-0.9287985	0.14782193	0.105584204	-0.48892874	-0.096057154	0.31498057	0.21110937	0.3404935	-0.29939538	-0.9070772	-0.87001354	-0.3549486	-0.1571812	0.12120244	-0.121338725	-0.07911689	-0.68718517	0.22869352	0.39515224	0.09014169	0.42928582	-0.3712657	0.08884407	-0.6649782	-0.2551288	-0.07785033	-1.9025363	0.5734073	-0.2446935	0.26785043	0.34051672	0.045933016	-0.053040083	0.43749407	0.80310374	-0.2808541	-0.19021067	-0.5052356	0.1855758	-0.024995109	-0.16418996	-0.5523285	0.08285219	0.622315	-0.09671214	-0.21044548	-0.40760112	0.26809084	-0.75582695	0.33922714	0.40205076	0.46555766	0.040330287	-0.84557945	0.12998585	0.48990235	0.0133795645	0.28290772	-0.1842851	0.041831262	0.6809648	0.45992053	-0.13221109	0.1729805	0.8093215	0.10631323	-0.16821145	-0.97232455	0.12627302	0.1214206	-0.35583758	0.55081385	0.4826747	-0.61276966	-0.16967826	-0.05740517	0.31876022	0.35811138	0.18800777	0.3959953	-0.115000024	0.32983273	-0.15219568	0.14779477	0.52234906	0.15596715
-0.90873605	-0.6255413	-0.2132995	0.22314472	0.14537205	-0.2761584	-0.048919246	0.22299707	-0.04420534	1.0629212	0.09816117	0.09589499	0.17847884	-0.29978347	1.0013003	-0.07160522	0.08914438	-0.2921849	-0.841899	0.26305503	0.7902483	0.27167904	-0.5610309	0.52101225	-0.0973483	0.6337033	-1.0195415	0.04560165	-0.92708886	0.103407055	-0.14303592	-0.80780584	-0.10974896	-0.18438675	0.07038482	0.58374035	-0.3039499	-0.28765047	0.601746	0.02484891	-0.39589104	-0.10055491	-0.09146776	-0.44593522	0.11434474	-0.38735288	-0.7177931	0.6421996	0.22986038	0.6810483	0.23084873	-0.47458813	0.80726093	0.5437896	-0.44934016	0.4573424	0.2611502	0.21281956	0.6385432	0.5978518	-0.61633986	0.32751542	-0.18038742	0.27228093	-0.21134186	-0.270693	-0.12761045	0.27931324	0.09318037	0.097122446	-0.2523874	-0.15864041	0.12211655	-1.017605	-0.120872416	-0.6112298	-0.25124994	0.20011933	-0.9735251	0.5424268	0.3744505	-0.71416247	0.15015009	0.3555686	0.42643118	0.17226894	0.6021073	-0.059631072	-0.12464669	-0.7320946	-0.31744367	0.9079589	0.46638227	-0.1719776	0.77205247	-0.36441395	0.74272126	0.19774562	0.53444356	-0.018544165	-0.2712494	-0.050804123	-0.1870777	0.50577766	0.48421645	0.33803388	-0.019977815	0.04558375	-1.4101267	0.3448237	0.9926211	-0.10461028	-0.32708472	0.119638555	-0.5807605	-0.1254784	0.22689661	-0.3422684	-0.087693326	0.07499099	-0.2824551	-0.4759176	-0.04850016	0.088643946	-0.008975941	0.16088499	-0.6539408	0.19519758	-1.1130551	-0.24268268	0.25086555	0.34688795	1.0368364	-0.18483008	-0.3806018	0.5722302	0.36746413	0.0031999778	0.4428762	1.3467762	0.1339187	0.44222987	1.1539608	0.5981474	-0.5540718	0.3561481	0.7294838	-0.11041242	-0.6819121	0.2481401
0.57273906	-0.6925241	-0.06750259	-0.31069908	-0.53267384	-0.14958428	-0.050546046	0.44803622	-0.6488784	-0.582225	0.027333904	-0.1232023	0.6392529	-0.62544763	-0.28353542	0.0003647324	-0.36020055	-0.23298381	-0.5113509	0.3662313	0.08765161	0.6059474	0.5887779	0.0090441685	1.2865317	0.36479166	-0.06561672	-0.5040764	0.05445177	-0.09950454	0.15360379	-0.14219145	-0.61709726	1.1561948	0.20011878	-0.003142609	-0.4348119	0.033711005	-0.20923886	-0.1866773	1.0400743	0.34131464	-0.5215479	-0.6018296	0.14899278	-0.14051042	0.3906215	0.6011008	-0.2260827	-0.22661008	0.68106824	-0.4796109	-0.02472177	0.057007976	0.03426001	-1.025831	-0.3400829	0.17361444	0.8063281	-0.54162604	0.102707416	0.35789794	0.03524186	0.015825836	-0.24111998	-0.12573306	0.1324404	-0.06513156	0.0103809945	0.7845648	-0.063924514	-0.6569051	-3.6889167e-05	0.18399584	0.52850485	-0.34436372	-0.033767257	0.47642544	-0.48110473	-0.8631375	-0.18259357	-1.3125997	0.7041479	0.27527693	-0.2010378	-0.5547796	-0.5599001	-0.28299478	0.06791257	-0.70612645	0.068402216	-0.20733322	-0.338199	-0.9217518	0.0010445586	0.14870712	0.5986339	0.5955883	0.911046	-0.04623916	0.8085634	-0.27430493	-0.037353873	-0.0598937	0.50049716	0.21202792	-0.062053014	-0.47391275	0.3642454	0.19522464	-0.74954313	-0.07254915	0.3984644	0.3923335	0.31704414	0.46774504	0.28655598	0.34392166	-0.5486677	-0.4197314	0.23136519	-0.2692427	-0.16570903	-0.64768076	0.57972264	-0.60057706	-0.06976887	0.90548295	-0.29872388	-0.29360488	0.67615503	0.6453222	0.31753567	-0.45411265	-0.22826074	0.42977095	0.7142045	0.43498924	-0.31111062	-0.5026742	0.2142451	0.40203947	-0.14085747	0.7349477	-0.08585423	0.14196657	-0.6204	0.5553841	0.776113	0.17164738
-0.3777345	-0.7144453	0.209053	-0.97434014	-0.1652326	-0.030367972	-0.5845431	-0.4064518	-0.2247447	0.43321866	-0.15865839	-0.07486629	0.17126636	-0.47728634	0.03175082	-0.10964434	-0.34306547	-0.38111442	0.51172423	0.3138708	-0.17703961	0.57870156	0.021518221	0.78383034	0.3346706	-0.19538097	0.22013707	-0.42834932	-0.11307718	-0.22113454	-0.45077124	-0.033325665	0.17208037	-0.43251902	-0.92175066	0.1825147	0.7051701	-0.2087311	-0.032785814	-0.8197751	-0.57861465	0.29177216	0.777083	-0.66482484	0.7102694	0.16955686	-0.3196598	0.3080177	-0.6980978	0.6071068	0.51721156	-0.09626033	-0.3464422	0.56342995	-0.16211627	-0.40931422	0.18766792	0.79441845	-0.75600016	0.8348795	-0.8638362	-0.2506232	0.013191339	0.21586275	-0.68935835	-0.65538126	-0.11258597	-0.7702621	-0.45168415	-0.59155136	0.34589309	0.0693017	0.47702503	-0.048676223	-0.36922705	-0.7033876	-0.18715657	-0.18632771	0.22494218	-1.0641776	-0.5994636	0.037211593	-0.3311021	0.6864929	0.5657773	0.25555414	-0.8016779	-0.7219025	0.39642477	0.23135684	-0.04381788	0.90670437	-0.18994823	-0.9716533	0.35882303	0.5918431	0.4467543	0.24700852	0.4988611	-0.155453	-0.4999435	0.32233465	0.57306045	-0.40544447	-0.32704675	-0.5366056	0.0780847	-0.52619326	0.2643471	-0.0031100297	-0.23075956	0.08275683	0.25360173	0.3091403	0.012186233	0.14425755	-0.15112641	-0.3051378	-0.61011857	-0.5484826	0.7372298	0.07648601	0.28555915	-0.9577874	-0.12067445	-0.096867844	-0.95832026	0.40741548	-0.30453807	-0.4364202	-0.21303332	0.42438167	0.28567597	0.265611	-1.2202305	0.098619744	0.25896126	-0.8372345	-0.280699	-0.3069098	1.1890888	0.14668237	-0.19318394	-0.43032968	-0.31486443	0.1631896	0.056720454	0.07325054	-0.018458907	-0.53125757
0.10903945	0.11512959	-0.71437144	-0.095216826	-0.8227993	-0.16386126	0.010452106	-0.17990144	-0.031029299	0.030589435	0.25619203	0.66997147	-0.16599816	-0.43597034	0.34160548	-0.5926499	-0.48205978	0.1726558	-0.07285159	-0.27210283	-0.37843892	1.1137741	0.07965255	0.64681125	-0.014811768	0.82361394	-0.9534279	-0.41575986	-0.13254261	0.13625206	0.572561	1.1109321	0.7327078	0.41161594	1.1441799	0.43536735	0.38849592	0.30383283	0.2566742	-0.7553011	-0.40223488	0.30679852	0.6169663	-0.12835374	-0.06501099	-0.3282188	0.14492103	-0.1654214	0.21107562	-0.7602582	-0.15525888	-0.80185694	-0.021943556	-0.07145881	-0.6286158	0.225797	-0.62633306	0.07565779	-0.24818935	-0.57681835	-0.80680007	-0.018262101	-0.4043897	-0.071328506	-0.66712564	0.33436638	0.48864654	0.5721569	-0.59697455	0.3195683	0.08706065	0.51394475	-0.49084172	0.033149052	-0.7162909	0.7992403	-0.48009887	0.35818133	-0.6522236	-0.36195368	-0.35742334	-0.07937169	-0.63965017	-0.021525873	0.6652854	0.23096728	0.8806038	-0.18065749	-0.7658895	-1.4874351	0.029461635	0.3037403	0.3403357	0.37370738	1.6721115	-0.79633987	0.20344314	0.35703886	0.2997872	-0.44070897	-0.24830154	-0.31121585	0.10000136	0.6735624	-0.22367	-0.6551729	-0.27745035	0.46233922	0.40172803	-0.33543813	-0.50576377	-0.09729192	0.11862002	-0.44550616	0.47778144	0.4084954	-0.46808597	0.16444127	0.16615804	0.29765624	1.7015133	-0.8615537	0.2937474	-0.29538324	-0.017269457	0.049377788	-0.01832067	0.3414101	-0.8066537	-0.24113096	-0.78802884	-0.3118984	0.37075037	0.42204595	0.42879128	-0.6092292	0.51726735	0.4885072	-0.026517436	0.42253047	0.3461837	-0.60160136	1.2908766	0.49516922	-0.12373475	0.629345	-0.40501353	-0.64226955	1.2062789	0.31872216
0.107440144	-0.040332578	-1.0146816	-0.04276864	-0.12016356	-0.61719346	-0.40922323	1.2925127	-0.90498394	-0.23524392	0.02315241	-0.094897844	-0.09679774	0.061092276	-0.063713506	-0.26615635	0.012502518	0.77022916	0.23856772	0.4593617	0.118884824	0.15611658	-0.24422601	0.13256207	0.34320086	0.086202584	0.20887572	-0.53360826	-0.22324093	1.1187221	-0.8671396	-0.30705416	0.39684826	0.97189456	0.4487273	0.15550262	0.04143945	-0.04418283	0.059924603	0.06759598	-0.45094708	-0.16848621	-0.09373734	0.06618685	-0.45783535	0.50753975	0.14884874	1.145477	-0.8969806	0.10673052	0.3990142	-0.19907694	-0.7193946	0.7090867	-0.22387075	-0.27562204	0.019312872	0.7401681	0.60537195	0.16393918	0.010196127	0.12517351	0.11046082	-0.02530356	-0.36680973	0.952679	-0.82160974	-0.64888513	-0.08854353	0.82401836	-0.5797255	-0.18882872	-0.044742167	0.6451725	0.20870225	-0.6876528	0.5097608	-0.13228047	0.15850554	0.6879975	-0.20602347	-0.73955727	0.34235504	0.4459696	0.12695847	-0.90264595	-0.22399148	0.29036602	0.0029784979	-0.24304354	-1.4654018	0.41386068	-0.6216272	0.36695987	1.317882	-0.1260451	0.46958962	0.36622918	0.15835042	0.19930838	0.5787066	-0.08822304	-0.8013481	-0.4159048	0.42008626	-0.35980406	-0.575776	-0.03227498	-0.5077827	0.7941451	0.25292003	0.5437625	-0.52502817	-0.09891558	-0.07922757	0.22719285	-0.2912253	-0.24314398	-0.6763207	0.20976986	-0.2782744	-0.027041527	-0.009398434	-1.2389433	-0.31235865	1.0166622	-0.20672873	0.15145494	0.13234988	-0.5878055	0.5230394	0.2423865	0.5394386	0.24221386	0.3912192	0.8989848	0.27249482	-0.53962296	-0.27064753	0.28583407	0.45453084	0.46079206	0.49643865	0.8071232	-0.34071618	-0.30344048	-0.29427245	-0.19635959	0.21401286	-0.34244904
-0.08103272	-1.2857486	0.6671976	0.14391717	-0.18710381	-0.36977407	-0.62101406	-0.43539807	-0.29064086	0.37685895	-0.31916738	-0.5477276	0.17631133	-0.7825792	0.34007275	0.49993533	0.050457127	-0.30339038	0.24222331	-0.54147696	-0.781645	-0.44931942	0.21011184	0.91246414	0.13353315	1.1645525	-0.006648136	0.31443298	-0.7103657	0.85712826	0.07360289	-0.11377211	0.08056848	-0.09479907	0.7514761	0.4367652	-0.4454335	-0.05912852	-0.63542247	0.08617822	0.12178952	0.46176994	-0.10501213	0.5084331	-0.41912478	-0.4584495	0.28071126	1.0671648	-0.46677393	0.121513635	0.06006782	-0.5660962	-0.0058624297	0.23998834	0.10536397	0.14314596	0.053814586	0.32600236	0.45095912	-0.24512644	-0.5609391	0.43243253	-0.4837404	0.066506885	-0.24852677	0.82648396	-0.6774727	0.16257665	0.49470472	0.84158266	-0.37198108	0.57252425	-0.5745621	-0.76160645	-0.17200053	0.1839664	0.011199317	0.26613382	0.6017358	-0.2210972	-0.3202259	0.70975834	-0.17552838	-1.0506256	0.10060957	-0.7326207	1.1390352	0.06570267	-0.57982177	0.027877975	-0.5018049	-0.18698011	0.23856735	-0.51531696	1.7327263	0.3147292	0.2734545	0.23930554	0.09410463	0.1281431	-0.90602124	-0.23251693	-0.037805	-0.2031008	0.06796861	0.105597444	-0.11601691	0.3612341	-0.7197391	-0.080702886	-0.33689567	0.18231903	-0.30894437	0.89132243	-0.34765258	-0.91463786	0.45062852	-0.3256288	0.4975541	-0.7596737	0.92790586	-0.06388931	-0.7177668	-0.3326848	0.5166161	-0.29892373	0.70693064	0.51253927	0.27836153	-0.42747247	-0.42547423	-0.14808983	0.87946284	0.95821893	0.6957883	0.52961147	0.4506873	0.23630342	0.37452492	0.4515352	0.6477712	-0.109418124	0.90118366	0.14553764	0.49792945	0.88269496	0.083130434	0.13208148	0.10701498	0.39967144
-0.10632102	-0.57285565	0.54285496	-0.33981276	0.12166338	-0.2620382	-0.43193486	0.42536265	0.031668983	-0.19876651	-0.24845186	-1.5170834	-0.23495884	0.41231507	-0.28492934	0.6713481	0.442045	0.9927468	-0.4247289	-0.034071803	0.21085748	-0.2465771	-0.60172117	0.50479263	0.08473711	0.17041858	-0.46247816	0.037210837	-0.44948965	0.60513943	0.35004044	0.59605074	-0.082468495	-0.19581364	0.31502798	-0.40882865	-0.4669184	-0.4454305	-1.1375638	-0.057536088	0.123039365	-0.25627765	-0.8429417	-0.5562896	-0.123534665	0.28220373	-0.34352756	-0.49801043	-0.4356266	0.032974306	1.0546979	-0.18260162	-0.28919783	-0.21744703	0.39420265	-0.54618406	0.38926727	0.68769145	0.26747152	0.07042062	-0.34090647	1.0939254	-0.052783307	-0.07800697	-0.0657099	0.66930383	-0.12322872	-0.37011597	-0.04085995	0.49666184	0.2828495	-0.057675935	0.026446784	0.34688658	-0.6496062	-0.6575095	-0.124228865	-0.024740227	0.31862506	0.1710014	-0.38396275	-0.26360476	-0.102846004	0.38405538	0.7198068	-0.03836445	0.16332196	0.2244202	-0.0053463434	-1.2413709	-0.052143253	-0.19437878	-0.21285377	0.046645783	0.4220674	-0.018088851	0.2150323	-0.13703571	0.60977	-1.0455054	-0.19587971	0.5546973	0.06565412	-0.6287559	0.4091366	0.124923	0.5767087	0.57434994	0.11243026	0.7127743	-0.22224477	0.18148139	-0.18580428	0.46045002	0.5421197	-0.20475456	-0.24864458	-0.35018107	-0.11059113	-0.22914131	-0.15593944	0.5979326	-0.29718402	-0.4854394	0.015838753	-0.40855363	-0.14438066	-0.15003487	-0.023589784	-0.39600104	0.43963423	-0.030865014	0.41183665	0.8997728	-0.23135637	0.556994	0.320141	-1.0507692	-0.2931785	0.65907633	-0.016827656	-0.29986176	-0.21650994	0.43154973	-0.20216516	0.07454371	-0.8197134	-0.27790678	0.038122438	-0.10461997
0.5396615	-0.35063142	-0.7350679	-0.3619374	0.6256855	0.35386574	0.3385372	0.041552164	0.027612822	0.33628604	0.2203289	-0.27909067	-0.21049505	0.82519835	-0.41379815	-0.25653058	-0.40302032	-0.12743165	1.1017407	-0.074417576	0.034634147	0.8511824	0.62792367	0.27783176	0.641135	-0.40540144	-0.6052017	-0.10461865	-0.008709017	-0.2307759	0.4569498	-0.2546614	0.5208987	0.31865445	0.52993035	-0.046302766	0.1354103	-0.77345324	0.17006435	-0.068502694	-0.75609195	-0.969937	0.38744554	-0.43849742	0.029668313	0.2665058	0.6188884	0.37619308	-0.44229618	0.010541488	-0.2501484	-0.120269194	0.29686567	-0.26751602	-0.6548069	0.30437487	0.89737797	0.28354716	-0.33968183	-0.24897265	-0.13224651	-0.34427944	0.11349059	0.33410907	-0.28080237	0.36216184	0.50459534	-0.8963436	-0.9228117	0.5985372	0.3115765	-1.3211694	0.18617284	-0.99403304	-0.17510915	-0.15698136	-0.65021926	1.0025045	-0.7173249	-0.8745299	0.39771634	0.34892806	-0.6783507	-0.0006943829	-0.48975772	0.4278236	-0.5879906	0.07701914	-0.0150572555	-0.28285012	-0.60461885	0.102802575	0.260276	0.06893892	0.947642	0.13967699	-0.06752305	-0.37309417	1.0729675	-1.3244988	0.08900935	0.42799434	-0.5619359	-0.09409835	-0.29277688	0.6161484	-0.2705584	-0.7864998	-0.8048085	-0.22837548	-0.37087607	0.13513899	-0.86721164	0.09866147	0.32250708	-0.2073702	0.5010439	-0.81431586	-0.41234127	0.073632166	-0.099075764	0.37872648	0.6320388	-0.029057171	-0.7008358	-0.32019043	0.5991666	-0.1412671	0.09628321	0.05592607	0.6385449	0.07655115	0.9827373	-0.22656941	-0.2126469	-0.00979395	0.67324543	0.13198489	-0.296253	-0.05722579	-0.35762024	0.5675195	0.22078285	-0.67802364	0.04156812	0.6118188	0.6199775	-0.27877113	0.24381588	0.028484646
0.51890314	0.13628669	0.49569097	-1.6877996	0.23155323	1.0664076	-0.63700455	-0.15271254	0.035922438	0.6805485	0.053045128	-0.094429575	0.13748847	-0.22567794	0.34607103	-0.042233583	0.23582883	-0.17055897	-0.4481794	0.34661546	0.9684822	0.52179515	-0.054034226	0.29506528	0.2564309	0.51142603	0.3067192	-1.0246087	0.317194	0.50817716	-0.015341567	-0.19751333	-0.19956504	-0.09869813	0.063973345	0.14008857	0.4878249	-0.7806921	0.045096774	-0.53498966	0.28454444	-0.06485985	-0.104032055	-0.7445306	0.12952518	0.2766569	0.31618622	-0.22491488	-0.43249953	0.02109827	-0.32647318	0.22992234	0.38255987	0.479905	0.6128216	-0.29767913	0.048509113	0.5733329	0.23378517	0.3977473	-0.9295481	-0.44211912	-0.13106304	-0.23681745	-1.2193718	-0.061540697	0.19562586	0.21768853	0.28180212	0.37817514	-0.66175413	-0.2374773	0.6098347	-0.037729822	-0.515028	-0.37684524	-0.05882495	0.97267306	-0.8477992	0.6195143	0.29581746	-1.102472	0.08094463	0.14959182	0.5047384	-0.28023845	-0.54177	-0.54914945	-0.15146334	0.10803346	-1.0341505	-0.2708017	0.40185776	-0.04959837	0.86066633	0.21137416	-0.96345556	-0.010807398	0.5888316	0.138694	-0.54104143	0.044130523	-0.90787387	0.35046592	0.20812432	-0.6721405	-0.5735867	0.17310867	0.6888662	-0.48539805	0.34226343	0.37885982	-0.07818135	0.045164324	-0.27004427	0.05212534	-0.5752307	0.39285094	-0.9799615	0.41312262	-0.27813837	-0.59169114	-0.3802239	0.077327296	0.4115747	-0.010040967	-0.25364745	0.32981312	0.18915802	-0.77068096	-0.49280304	0.64759314	0.7960256	0.51493084	0.023572914	0.59041697	-0.26192316	-0.39517218	0.075337015	0.10475081	0.7841057	-0.44873998	0.08409762	-0.039416973	-0.18929732	-0.027506238	0.8387137	0.5868294	0.67618525	-0.27117136
-0.2181527	-0.13820688	0.4610779	-0.043771885	0.975157	0.23218483	0.44044092	0.11842773	-0.77898985	0.22645158	0.027687311	1.1292487	0.45765874	0.47214583	-0.73436296	-0.75544524	0.58759564	0.5304372	-0.9447357	0.624135	-0.14198658	0.4758561	0.217345	-0.009800112	0.30108348	0.47252396	-0.1794314	-0.7687825	0.15429366	-0.43639207	-0.54428965	0.04275394	0.5920349	-0.50647026	-0.10812759	1.001139	-0.03361524	-0.3162969	0.251768	0.66608465	0.12385612	-0.4640106	-0.49671263	-0.8254602	-0.8609466	-0.1649946	0.116955355	0.62725055	-0.041608274	0.4209085	0.1738349	0.020220943	-0.6151869	0.25209135	-0.50792533	-0.17494223	0.09112218	0.21370912	1.0157021	0.18098915	-0.71090496	0.40353453	-0.049192123	0.21069683	-0.017230915	0.16717382	0.6686348	0.09779609	0.23745234	0.6056057	-0.48722976	0.6605478	-0.03943253	-0.5852808	0.06786901	-0.22613934	-0.6038773	0.9380066	-0.3194288	0.35898072	-0.3336649	0.7222774	-0.27388445	-0.40989682	0.13742353	-0.75451463	0.0063347006	-0.3981193	0.056617394	0.24705197	-0.35171446	0.32240343	-0.2616321	0.56033874	-0.3228947	-0.95523477	0.6272711	-1.1144774	-0.0022608256	-0.8289644	-0.4899742	-0.47534886	0.36260775	-0.4767432	0.4229631	-0.72428435	-0.41898718	0.30897874	-0.5522833	-0.23412289	-0.38491276	-0.3279186	-0.56049424	0.28427774	-0.15788189	-0.8740697	0.7423603	0.39105892	-0.46125263	-0.84868973	0.13987544	-0.43186015	0.109791376	-0.74709797	-1.0241448	-0.4023008	-1.051995	0.6162708	-0.14893973	-0.47741815	-0.71341234	-0.1967833	0.65435153	0.029531978	-0.03321729	0.30640465	0.809841	0.16454107	-0.07186123	0.40793553	0.008355107	-1.319783	0.2623701	0.040705997	-0.114684515	0.7208302	-0.21369773	-0.37168318	0.73474383	0.3075947
0.010995768	-1.3186926	-0.44873974	0.59862536	-0.32115456	0.068221346	-0.19262752	-0.50854456	0.06459279	0.9769872	0.05640033	0.25015223	0.10062548	0.30371213	-0.60238904	0.00254093	-0.71838313	-0.60982877	-0.083214484	-0.21619736	-0.83862233	0.56273574	-0.070790395	0.76300806	0.37016547	0.5071178	0.5628874	0.287792	-0.13233541	0.08756678	0.27478552	-0.5342712	-0.14432667	0.15731445	0.12710075	0.33215204	-0.18759586	-0.3307291	0.054791085	0.2720476	-0.27429593	-0.28289458	-0.33724707	-0.74551755	-0.77759683	0.28488502	-0.43479925	0.53175074	0.26838008	-0.13464354	0.28228807	-0.82851464	0.39001313	0.7383105	0.50824124	-0.33371744	-0.07875527	-0.2205834	0.7923882	0.79183704	0.5523872	1.3686026	0.25719357	-0.059722714	0.16867268	0.2772674	0.25539592	-0.42652646	0.14761758	0.45131117	-0.48597696	0.19086568	-0.03885602	0.37665904	-0.21895532	-0.23165461	-0.11584146	0.4426796	0.2502411	0.17750111	-0.54551464	0.34122527	-0.77509713	1.3014343	-0.47073624	0.7812314	0.35355273	-0.5202503	0.4727484	-0.6849598	-0.96114963	0.31517377	0.022778945	0.22567113	0.2511187	0.014659963	0.6329744	0.0942857	1.0060235	0.5736927	-0.04877657	-0.20842215	0.07803622	-0.5756954	-0.011600052	0.83146626	0.44488263	-0.035663694	0.40145904	0.2166501	-0.3765225	-0.6751295	-0.19886437	-0.04652934	-0.215836	-1.018401	0.15062301	-0.77252513	-0.1289162	-0.20286736	0.20598239	0.06287453	0.373549	-0.78954077	-0.20049098	-0.1771903	0.8269961	0.4579268	-0.56188715	-0.48216286	-0.81785935	0.36863026	0.073723875	-0.171216	0.061972924	0.44317338	0.35453138	0.14809524	-0.16633645	-0.49429512	0.47540277	-0.1963369	1.3254997	0.023375154	-0.4614095	-0.56546265	-0.28692994	-0.3779023	0.23093647	-0.06808276
0.065866545	-0.08287746	0.8796227	0.37573817	1.1698986	-0.40069225	0.3422898	0.3043265	-0.23353155	0.6055184	-0.43178985	0.5005064	0.40485442	0.41786113	-0.10739673	-0.41695178	-0.28939685	0.3360183	-0.23187317	0.049090285	-0.52339554	0.2193009	0.13843557	0.60637003	-0.17907482	0.14367317	0.41504937	0.61054766	-0.4747089	-0.24182342	0.37995946	0.06835865	-0.27951387	0.57073534	0.05583729	0.94613504	-0.7176177	-0.73353165	-0.45310387	-0.19019203	-0.04389958	-0.09442533	-0.9171171	-0.73560876	0.32585883	0.25677988	0.15101676	0.49222127	-0.35532132	-0.19426021	0.44468895	-1.1464471	-0.5102583	0.5190975	0.0044815578	0.5405459	0.37521043	0.45233485	-0.17809244	0.04226777	0.3863228	0.5635937	-0.64241034	0.082511894	-0.9659631	0.08625843	-0.28606984	-0.065058455	-1.454871	0.22287786	0.13582355	0.06462184	-0.52055997	0.70529974	-0.24576417	0.04206145	0.71437675	0.5112121	0.058302958	-0.06264152	0.36773744	0.33019948	-0.51623017	0.07869856	1.183892	0.029705726	0.6670076	-0.5876077	0.0025047564	-0.3364774	-1.1056454	-0.27670163	-1.0217841	0.67846376	0.9475174	-0.5957811	-0.43708172	-0.29765913	0.055168558	0.71913606	0.13624476	-0.20061566	0.35407192	0.15007275	0.22306953	0.12494849	-0.12855613	0.27901623	-0.3372871	0.6599958	0.63869166	0.27285683	-1.1660787	0.16958813	0.22855349	-0.35839346	0.6472856	-0.54622763	0.23027828	-0.5532106	0.47970113	-0.40060526	-0.14056112	-0.3961455	-0.47883737	-0.8740906	-0.010039021	0.27410302	-0.22288379	-0.23968314	-0.08334333	0.1521217	0.48382676	-0.27438086	0.4433475	-0.047434755	-0.27874124	-0.7580266	-0.98765457	0.039841287	0.359293	0.530314	-0.050973263	0.38452864	0.16545248	-0.15046462	0.53612065	0.98515874	-0.16575105	0.28354385
-0.5991743	-0.3752368	-0.061763797	0.3669518	-0.20449567	-0.6772405	-0.43026805	0.9766257	-1.1133577	-0.2091004	0.6736019	-0.019569388	-0.3230526	-0.020601666	0.055672076	0.7026473	0.03637994	0.013591752	0.1665246	-0.1814125	-0.87697273	0.19897039	0.3393096	1.0138137	0.7930023	-0.088417076	-0.41471228	-0.2794273	0.5207845	0.7082476	-0.19343062	0.023351572	-0.10092839	0.27646852	-0.22743519	0.3701226	0.33427295	-0.023334134	0.4318147	-0.7745736	-0.15665801	0.34314162	0.057228316	-0.26336777	-0.08920407	0.57376754	-0.076961465	-0.16448933	0.0915863	0.4200077	0.035231225	-0.1484073	0.04085861	0.38076836	0.86333036	0.6357844	-0.90826064	0.37335104	0.98234653	-0.0037264896	-1.1345444	-0.29086724	0.3237893	0.16878913	-0.634226	0.08495706	-0.042265214	-0.28631848	0.30802426	0.46940064	-0.8326506	-0.40912148	0.4731133	-0.3750171	-0.6051554	-0.18901308	0.010572558	1.0221947	-0.3467459	-0.14423071	-0.66382015	0.050017707	-0.48223892	-0.13116468	0.4670591	-0.25888014	-0.10486823	-0.680226	0.5037915	-0.3280816	-0.67028636	0.26427403	1.2152032	0.5453482	0.18905887	-0.12630947	0.5639739	0.23759979	-0.5052155	0.52019584	-0.29365492	0.10045248	-0.17501572	0.21205112	-0.22825882	0.9528398	0.28700605	-0.1844763	0.10149122	-0.006949242	0.25731432	0.1154271	-0.4472467	0.0013968863	0.6034316	-0.19264388	0.7137596	-1.2917631	-0.3703764	0.05341819	0.75552785	-0.06031711	0.15777944	-0.61485046	-0.04170559	-0.59334373	-0.19799991	-0.6458432	-0.4017567	-0.39413145	-0.37236768	-0.54884255	0.16963603	-0.5396014	0.34848166	-0.2898042	0.11533339	0.58122826	-0.5847008	0.14713846	-0.31571522	-0.2917015	0.0649475	-0.37421146	0.22906578	0.89903766	0.33981842	-0.6640478	0.97929513	-0.638574
0.17109743	0.54008865	-0.26345614	-0.363577	0.50540555	-0.66547674	0.20910437	0.6916684	-0.09887644	0.5255929	1.1140901	0.8288116	0.4096778	-0.28020072	0.017204987	-0.28171214	0.10986465	0.114574134	0.014704333	0.54482466	-0.5016553	0.6835172	0.407498	0.74538165	0.138426	0.48842913	-0.69462204	-0.28914228	0.60576326	-0.2017312	0.3454859	-0.2424409	0.08035967	0.19270065	-0.45797893	-0.35394287	0.42240614	-0.5920766	-0.08251373	0.49333444	0.32119632	0.8847772	0.1471456	-0.092587784	0.6639063	0.28504977	0.6556829	-0.5656343	-0.3433778	0.29318663	0.6949413	0.14850558	-0.3351918	0.34494328	0.33876726	-0.37708685	-0.27716976	0.1948781	-0.010150093	-0.18421775	0.13675286	0.3431013	-0.7055206	0.02366531	-0.24733539	-0.8784939	0.09274897	-0.37499127	-0.15010536	-0.34849527	-0.7831153	0.26203233	-0.6461154	0.80777323	-0.53279823	0.60886174	-0.3204422	0.09722257	-0.25057462	-0.503902	-0.7541078	-0.340697	-0.023766939	0.79196185	-0.70281166	-0.40715778	-0.14981309	-0.472271	0.07555379	-0.43717918	-0.45110208	-0.14636071	-0.6368853	-0.9722309	-0.051428854	-0.52762157	0.21906848	-0.058207117	-0.36286953	-0.5657315	-0.75234514	-0.12886803	0.013339297	-0.0800484	-0.16148655	-0.35934627	0.36569902	-0.92126846	-0.35845172	0.75226325	0.14401393	0.6423996	-0.028146027	-0.8009305	0.6139626	-0.18694307	-0.022241237	-0.07350385	-0.23610175	0.3117603	0.9307718	0.32149586	0.10342599	0.27479947	0.35100776	-0.20729674	-0.2904602	-0.09664069	0.43696043	-0.6115355	-0.42846286	0.31348342	-0.0919959	-0.11999072	-0.43193662	0.4263265	0.57082725	0.06490105	0.7551964	-0.6008125	-0.7790919	0.086467355	0.69201505	-0.052433968	0.019003393	1.3016562	-0.17795031	0.4072289	-0.15492196	0.29378
-0.51946026	-0.13010517	-0.6068842	-0.5368716	-0.3208239	0.23919648	-0.059187215	0.6929575	-0.43249226	0.488808	-0.7132323	0.16209437	-0.3915127	-0.91515875	-0.6432055	0.098510705	-0.055474516	0.14962006	0.124418005	0.5325058	-0.92570716	0.73826015	0.72737944	-0.24076857	0.7604975	0.63403606	0.51239854	0.36449704	-0.33810553	0.7533736	0.37454292	-0.38242215	-0.2222196	-0.3534038	-0.46847665	-0.5247872	0.7053708	-1.2955451	0.5630509	0.22476263	-0.11694211	-0.6855667	-0.4523187	0.040283367	-0.676989	0.08447052	-0.3499041	-0.27432063	-0.1290922	0.5635245	-0.94976425	-0.57765716	0.35475382	0.5374457	-0.39827326	0.21568888	0.068771265	0.52490675	-0.3188553	0.909256	-0.51432836	0.24480247	-0.72276926	0.14351127	-0.9234011	-0.32785973	0.15156642	0.28119433	0.670723	0.15574795	-0.5087817	-0.4920331	0.46988684	0.5054812	0.6991383	-0.96239316	-0.22530314	0.2646618	-0.5143466	0.044677895	0.2712526	0.21698184	-0.66601986	-0.9483098	0.4147622	-0.14586097	0.75131637	-0.104717806	-0.6287986	0.16813822	0.049149975	-0.4000886	0.6123755	-0.57873964	0.431869	0.26333985	-0.42962638	0.1019909	0.34354997	-0.33287594	0.52952915	0.4529569	-0.22279547	0.25628597	0.094160385	0.27501175	0.8527286	-1.0692582	0.3618676	-0.23988333	0.23189789	0.17028053	-0.28847834	-0.27214405	0.05441986	0.7175608	0.014097091	-0.297317	-0.0665371	-0.5139154	0.44244435	-0.26323235	-0.16388978	-0.005592858	-0.28926858	-0.73637974	0.08348804	0.3358818	0.6349152	-0.8738762	-0.23684652	0.10255107	0.42472723	-0.7592234	0.39556107	0.4015426	0.05565436	-1.2029003	-0.11479428	0.27197614	0.18157874	0.02581511	0.51843816	-0.11213774	-0.23828545	0.07825251	-0.23198663	-0.40246353	0.68476206	-0.009284557
-0.33765522	-1.0931224	0.01223854	0.8024001	0.46565956	0.62864214	0.9990328	0.705238	-0.08924984	1.2993894	0.36927843	0.18648349	-0.40448606	-0.010783508	0.25118437	-0.7268603	0.85935646	-0.9254346	1.7558159	-0.36235288	-0.4053437	0.21367313	-0.38653487	0.46148276	1.0928425	0.43657976	-0.868242	-0.1356389	-0.84042984	0.18374829	-0.79640377	-0.17121485	-0.4988166	0.19965148	0.23324314	-0.34711996	0.041992523	-0.64668715	-0.26337215	0.7294435	0.44750878	0.48768958	0.96879995	-0.6990978	0.10497422	0.33568472	-0.37839323	-0.5449157	-0.09343179	-1.1182883	0.00794272	-0.02383721	-0.2814611	0.5563494	0.44378528	-0.6078825	0.31230038	-0.030389823	-0.210988	0.37146583	-0.4535787	0.3612745	1.2340791	0.080726966	-0.8579568	0.9980736	-0.49338996	0.821919	0.34404	-0.09560035	-0.25473332	0.7678601	0.42955643	-0.013200373	-0.79300344	-0.122296184	-0.46152675	-1.160478	-0.07162575	-0.25399834	0.21068425	-0.35663933	0.47942486	0.37092823	-0.39261106	-0.16365694	0.16849753	-0.24989924	-0.21186082	-0.57024056	-0.5675702	1.4810342	-0.39426193	-0.1270866	0.46293825	0.04267644	-0.63293433	-0.3070214	0.18146414	-0.8310419	0.4618417	0.24152116	0.19010687	0.21677254	-0.4439342	0.3150194	-0.74962324	0.5466557	-0.2679448	0.3017561	-0.72123855	-0.08038456	0.42703837	0.12928055	0.24450806	-0.64268565	-1.3046216	-0.6904524	0.069271594	-1.1020857	1.0009205	-0.32439935	-0.24221364	0.4566532	0.18387145	-0.43389884	-0.100137115	0.27372146	0.12811479	0.20106381	-1.3460132	0.16328222	-0.4066642	-0.412593	-0.9710464	0.13370033	0.46634388	0.6071013	0.14575554	0.5616514	0.7244063	0.8410517	0.50788325	0.04058863	0.07789982	0.76031405	-0.14722577	0.21888648	0.32460424	-0.017744169
-0.3007803	-0.8380302	0.9194236	-0.1850125	0.35039872	-0.028697688	0.28154266	0.22200541	-0.58440495	-0.029049056	-0.43121275	-0.5429378	-0.9114065	-0.54724544	-0.16396016	-0.092242904	-0.040864766	-0.42923433	-0.36595213	-0.082784064	0.47257096	-0.06402084	-0.37344944	0.14221641	0.2863128	0.6515687	-0.18365441	0.34067288	0.29082403	0.064398214	-0.25648007	1.3096749	-0.42458993	0.4177979	0.5224715	-0.2229103	-0.24327053	0.06969715	0.121624984	-0.35044643	0.25338948	-0.0026506805	-0.013381471	-0.8510772	-0.19144556	0.6942655	0.24605815	-0.675022	-0.20495793	-0.3965058	0.0077028954	-0.6788532	-0.19510135	0.3548896	0.051545758	0.45510504	0.14939584	0.62560767	-0.22090127	0.12929928	-0.797353	0.12458356	0.3596622	0.4709608	-0.13098161	0.18000783	-0.2000478	0.0011028876	-0.24859677	-0.44939095	-0.93192583	-0.31703806	-0.6213213	0.51738685	-0.4133351	0.12586476	0.7923827	0.8979469	-0.040266234	-0.072478905	0.23048605	-0.41797072	0.24394	0.13107634	-0.53568345	-0.4198613	0.21455611	-0.0774805	0.505697	0.081145324	-0.55762166	0.3311542	-0.52828735	-0.8764487	-0.013927601	-0.6752642	-0.5216522	0.3765614	0.44576842	-0.2977233	-0.4063047	0.045882218	-0.14069676	0.7966616	-0.6702534	1.1441613	0.06720968	0.09572296	-1.7803837	0.27503777	-0.5721917	-0.18126282	-0.6220366	0.005764441	-0.44634256	-0.74038714	0.79148287	0.46131137	-0.41109458	0.52532303	1.2786417	-0.42574057	-0.015554793	-1.2472204	-0.8157967	-0.09080592	0.0154910125	0.051316295	0.20010492	-0.5615598	0.57756025	0.23521256	-0.6269552	0.35174212	-0.4342673	0.28622675	-0.25949976	0.59367794	-0.41970962	0.72009176	-0.0712572	0.72408545	0.35910007	0.08946085	-0.32711253	-0.27957314	1.0152578	-0.25726616	-0.35151598	-0.2670713
-0.059104837	-0.7624654	0.11992022	-1.2143054	-0.13824175	-0.37521356	-0.5855519	0.85752076	-0.32840714	-0.11576699	-0.5376319	0.07515587	-0.026909454	-0.14807272	0.13638882	-0.3918302	0.24391554	0.023704275	-1.2778336	-0.054174073	-0.46271038	-0.16271825	0.009978521	0.33988786	-0.81658506	0.6779202	-1.218169	0.13515082	0.7734563	0.80432415	0.37313145	-0.0696177	-0.5868896	0.31807446	1.38696	-0.07179673	0.1722642	-0.20797276	-0.083092414	-0.17080209	1.0180371	0.37993583	0.29191256	0.2402225	0.5446155	-0.34207654	-0.78854704	-0.5243969	-0.054153644	0.31456915	-0.17119676	-0.29843196	0.07709069	0.30306387	-0.17895506	-0.44512853	0.759976	0.44314393	0.5481915	-0.26757506	-0.6786702	0.9440213	0.21405819	0.5779926	0.60937625	-0.5430776	1.3860909	0.0771051	0.0065174387	0.86531466	0.031563435	0.10840225	0.2876647	-0.19135971	0.49195543	-0.64704406	0.2265131	0.37844774	0.63149613	-0.15902716	-0.01125122	-0.6218661	-0.3019296	-0.22935292	0.30214712	-0.3969058	1.209219	-0.275952	-0.42282236	-0.9166423	0.49138233	0.67872995	-0.23021695	-0.39692885	0.51355875	0.21411578	0.025247457	0.38708973	0.4188007	-0.32835448	-0.18421979	-0.39197952	-0.24490653	0.16821633	0.35876212	0.46643096	0.82500404	-0.29338393	0.21209696	0.13406897	-0.80796456	0.08942059	-0.0033040615	0.06957286	0.3185096	-1.214951	-0.4828283	0.59438515	-0.31056613	0.74938834	0.36047116	-0.1563621	0.12781616	-0.4704131	0.013008327	-0.091266744	-0.5208108	-0.04592313	0.30414274	-0.6037664	0.0011094749	0.42047685	-0.34179604	-0.3771242	-0.80352074	-0.32141498	0.8185295	-0.39596117	-0.7421357	0.37832534	-0.44174814	-0.12056366	0.43208602	0.80408126	0.6298861	0.73088443	0.3135082	-0.6864762	0.38212693	-0.35164177
0.0028097914	-0.5255209	0.11204596	-0.8787208	0.22189243	0.6876455	0.5932687	-0.09199726	-0.002282389	0.3382122	-0.18445355	-0.07224733	-0.654173	-0.36114854	0.036992516	0.24508815	0.56802756	0.39162934	0.5780895	0.30912495	0.05042697	0.1704851	-0.60442287	-0.3523686	-0.21913135	0.4407212	-0.38791582	-0.16351086	-0.5208183	-0.2610648	1.0183121	-0.49304393	1.7162944	0.38508946	0.051520485	0.22098282	-0.40014037	-0.9964149	-0.26213792	0.15328173	-0.33883306	0.55131793	0.11096467	0.30533662	-0.34837186	0.65482754	0.11665537	0.23391415	-0.7813593	-0.08825912	1.1004217	-0.931715	0.09783681	0.8226934	-0.3043526	-0.2354399	-0.0701659	0.8087068	-0.6631406	-0.0924131	-1.0671299	0.021640066	-0.5921208	0.52550477	0.2572981	0.13243821	0.7848814	0.24498096	-0.429944	-0.021200847	-0.41982248	-0.07136685	0.5159687	0.32039118	-1.2200968	0.014170883	-0.0015354105	-0.053101223	-0.2808313	-0.47398445	0.46377704	-0.52983457	-0.75201416	0.17700648	0.31166676	-0.4455747	-0.3610289	0.5916318	-0.4519712	-0.01717758	0.4623742	-0.8223351	0.026225908	-0.11817224	0.78059816	-1.267397	0.18251371	0.50639284	-0.087411016	-0.046759766	0.5775933	0.047132943	-0.06654932	0.7534346	0.2533692	0.072539285	0.22208941	0.3478137	-0.32048002	-0.88566864	0.6956076	0.39217982	-1.1385462	-0.36576557	-0.30085453	0.100873165	-0.15868902	-1.7352875	-0.81651115	0.12822339	-0.043431442	0.14947425	-0.20842257	0.09347817	-0.015886346	0.23686618	-0.34793866	0.6067636	-0.119593605	-0.80737	-0.024807993	0.3786397	0.7032101	-0.9073133	-1.4069996	-0.1017079	0.5327451	-0.09149324	0.18487932	0.60965234	-0.30668885	-0.07124567	0.4918041	0.4174723	-1.4298495	0.27885288	0.36477482	0.9136345	0.7172647	0.5279707
-0.016094673	-0.9547242	0.817638	-0.46150577	0.4996161	1.211414	0.75293195	0.8143672	0.65699625	0.4700604	0.15463	-0.072992705	0.20704852	-0.25285003	0.09948602	0.969975	0.3733629	0.70855695	-0.11411931	-0.17375587	-0.102089934	-0.24330053	0.252468	0.524587	0.009160067	0.33193693	0.82868737	0.28578773	-0.3030183	-0.38578442	0.8860464	0.016181214	-0.5189909	0.028652249	0.17690566	0.2979408	0.5195302	-1.1414405	-0.036770057	-0.513151	0.16801147	0.27554095	0.42137975	-0.37414184	-0.017373892	0.5016178	-1.2878805	-0.30852574	-0.38420865	-0.39936787	-0.60564977	-0.05573706	-0.120782584	0.16944955	-0.71440816	-0.14170216	0.4908678	0.7924054	0.078291155	0.2148981	-1.1514755	-0.0676953	-0.29153717	-0.59513956	0.09498836	0.8875969	-0.2577477	0.41037703	-0.08213414	0.9314037	-1.2139777	0.33256042	-0.40790313	-0.21729909	0.43215516	0.6548501	-0.06525435	-0.39689833	0.023874842	-0.026127944	-0.109615214	-0.28947908	-0.20944117	-0.3568936	-0.18578988	0.0066546863	0.65589994	0.21924245	-0.08759858	-0.2681315	-0.76028883	0.20785102	0.059931133	-0.62447155	0.48883495	-0.13008651	0.1978156	0.9570542	0.6358358	-0.0415904	0.15968892	-0.8885884	0.27824008	0.12398585	0.12258487	-0.22561437	-0.10914303	1.1547564	0.22935532	-0.10921472	-0.14254709	-0.9976661	-0.55635816	-0.87031126	0.6094321	-0.19542113	-0.3677064	-0.003968859	0.7109282	-0.8375848	-0.68143284	0.24667075	-0.39356753	-0.9642964	-0.00025951207	0.39290893	0.4587168	0.30540395	-0.8909284	0.2200445	-0.4203446	-0.03319495	1.276861	0.21890214	-0.965159	0.549137	0.50856984	-0.8579078	0.6281147	-0.23491567	1.5989012	-0.29760516	0.09358175	0.9033524	-0.22698483	0.73375124	0.4267842	-0.8437677	-0.581362	-0.8309419
0.38150728	-1.2668942	-0.18860604	0.09105463	0.107427835	0.6354828	-0.09142037	0.071621574	-0.76781875	0.38868356	-0.798763	-0.12650704	0.36651802	-0.2266752	0.40937606	0.2351214	0.4971675	0.20350341	-0.91478926	-0.37414533	0.12526876	-0.39151928	0.5030779	-6.787773e-05	-0.44040528	0.42694733	0.36282668	-0.7021145	-0.7344634	-0.20927054	0.4250652	-0.11290879	-0.36274388	0.5814985	0.22972006	2.1679116e-05	0.9519601	0.28327462	-0.06384651	0.5208492	-0.0071069747	-0.3444678	0.6514704	-0.6028458	0.4071743	0.11243134	0.21222253	0.024862256	0.16075408	0.4662573	0.55655	-0.1669858	-0.5487984	0.43385524	0.3158576	0.4152135	0.32210457	0.6901166	0.8681569	0.82658476	-0.8202983	-0.28409678	-0.6601384	0.24610719	0.20180209	0.33611095	0.091503054	0.19722861	-0.33121735	0.34621012	-0.17582063	-0.095625736	-0.2231663	-0.2696727	-0.3739979	-0.316147	0.23834917	-0.24950942	-0.48643374	0.20902348	-0.070708	-0.13731945	0.35948378	-0.64784616	-0.18637568	-0.53753805	0.0031682085	-0.012310654	-0.081074744	-0.8239621	-0.3760212	-0.6031704	-0.060253736	-0.064710066	0.5233467	0.42821327	-0.20183419	-0.43537912	0.7907007	-0.6849144	0.61505055	-0.027927672	-0.018799793	-0.051194225	0.40536204	0.74812406	0.3611978	0.25197712	0.4207294	-0.51950693	-0.6507007	0.44370124	-0.12453117	0.48038468	-0.61158025	0.5969553	-0.06064748	0.21268293	0.4294966	-0.35418692	0.23024835	0.5440064	0.39001667	-0.1435608	0.7997326	0.035775915	0.5903915	0.80417424	-0.6542863	0.60714644	-0.81900173	0.9503251	1.017354	-0.5770277	-0.48949	0.31517288	-0.0046824724	-0.35149637	0.6574679	-0.06469279	0.38008574	0.2543493	-0.0058256267	-0.004953203	0.08416186	0.83267295	-0.32408404	-0.32087433	-0.57219595	-1.0542654
-0.032313097	-0.07261317	-0.8579012	-0.10858648	1.2868129	0.004711372	1.0462865	0.20009659	-0.34671327	0.040034447	-0.1281148	-0.16645052	-0.52477837	-0.121387646	-0.07478017	-0.49993336	0.18280578	-0.114678115	0.28493172	-0.06496697	0.5537745	1.194008	0.19790615	0.941468	0.017528206	-0.302459	-1.0369757	-0.14063276	-0.1962898	-0.7559164	-0.17515962	-0.21233879	-0.35336456	0.29046747	-0.093609296	0.24998948	0.07225818	-0.21278004	0.6383893	0.47324273	-0.48738423	-0.0026958873	-0.20881675	0.13494277	-1.1651598	0.051639687	-0.20011157	0.37250763	-0.82961404	0.8079264	-0.061755076	-0.98650396	0.675526	0.6279066	-0.452325	-0.08240125	-0.9662656	-0.64595276	-0.59437245	0.73105985	-0.10197341	-0.03294664	0.89179903	0.40436774	-0.5771818	-0.704717	0.028479794	-0.6807629	-0.09521461	0.5189971	0.22891581	-0.12334628	0.5911195	0.72702914	-0.84620327	0.906811	-0.03271663	-0.50442016	-0.17909822	-0.11196807	-0.4054661	-0.50103694	0.20295222	0.31281438	0.20714489	-0.16818483	-0.43220046	-0.6439722	0.7733933	-0.04690777	-0.4388723	0.4310721	-0.17193931	-0.59776217	0.22749485	-0.21095349	-0.24292827	0.9554851	0.8366741	-1.2458405	0.53600204	-0.28816855	0.5170374	0.304837	-0.40059412	0.34730983	1.0958948	-0.21917544	0.7615134	-0.05757044	-0.49604413	-0.7350727	-0.53572786	0.44516987	1.1146775	-0.8365759	-0.87150913	-0.100958325	0.018825296	-0.03210192	0.18738669	-0.026622495	0.23521174	-0.39425278	-0.2689758	0.12164785	-0.37233904	1.2722931	-0.30534664	-0.9057578	0.7373407	0.411563	-0.15633385	-0.36289585	-0.1663301	-0.29397157	0.0522667	-0.62812436	-0.37009683	-0.25956947	-0.26323938	0.1757157	-0.5910546	0.5012211	-0.008437039	0.56247216	-0.67323554	-0.13752651	-0.8123001	-0.4986971
-0.27806836	-0.7441181	0.009731357	-0.7181633	0.34473634	-0.08220481	0.64933866	0.21796176	-0.6204565	0.01690489	-0.69794667	0.51800746	-0.19858724	-0.029638149	-0.87165993	-0.48706308	-0.566405	0.48177803	0.2777184	-0.052144676	-0.7333919	-0.10081095	-0.49390918	0.5196017	0.5973699	-0.7748136	-0.82873636	-0.10747041	0.014062985	0.37394693	0.7919605	-0.4267426	0.59432423	-0.37481263	0.5122089	-0.15205336	0.8680173	-0.43327275	0.02658741	0.29830047	0.81643164	-0.5494067	-0.20979407	-0.66382027	-0.20774	0.47523525	0.6910478	0.17416306	-0.9264659	-0.47054774	-0.022812232	-0.65133345	0.5102668	0.2069795	-0.1746328	0.55249876	0.071858175	-0.9147698	0.40112224	0.22882156	0.0281222	-0.31377426	-0.8617577	0.5623563	0.6833599	-0.44189787	0.45349154	0.6762575	0.12481832	0.34940004	0.12545449	-0.264716	0.12291166	-0.5244565	0.2763527	0.27666676	-0.44311786	-0.0037465948	0.07852413	-0.5683717	0.33935964	-0.7024407	0.35450017	0.9454802	-0.76191944	-0.062023193	-0.3988842	-0.0027850089	-0.34178597	-0.49920353	-1.3455654	0.10830031	0.47579074	0.5750692	0.48712352	0.23484893	-0.078537636	0.32466924	0.8454112	0.046657033	-0.5434219	0.70238936	-0.8141945	-0.14902893	0.12098883	-0.14281169	-0.3032585	-0.1841986	0.7318078	-0.39523852	-0.005418514	1.4053814	-0.29242304	-0.23552677	0.5795023	-0.23936187	-0.27948165	-0.5226185	-0.8589604	-0.43538395	0.6278406	-0.7489705	0.15345281	0.9403146	-0.15573044	0.16675736	0.16250041	0.15300968	0.12440913	-0.6468114	-1.2465719	0.7075233	-0.71027213	0.0642901	0.26194707	0.23666038	0.10136514	-0.5802536	0.41829464	0.5986391	0.006907821	-0.04784594	-0.24475391	0.4607105	0.69452256	0.48138943	0.08866859	0.24349938	0.15763766	0.9996083
-0.47817668	-0.5795008	0.089235775	0.68044925	0.6636636	-0.85717815	-0.27637464	0.68116677	-0.53474784	-0.047143757	0.6010066	0.27398035	-0.5648629	0.006751894	-0.19561055	0.49778104	-0.018844703	-0.10164341	0.05648841	-0.14527884	0.3812394	0.378318	-0.39456946	0.2247725	0.4145828	0.6647585	-0.8775732	0.8945388	-0.46004763	-0.32453415	0.34768492	0.23611571	-0.13071045	-0.18571165	0.43746936	0.39807677	-0.29010075	-0.17296772	-0.22752252	0.08325589	-0.2515129	-0.2926347	-0.20911196	0.23718421	0.05045188	0.156638	0.1976104	-0.55690664	-0.4488269	0.07744188	-0.56611764	0.6498582	0.14442407	0.043347515	0.05356114	0.3538441	0.5707531	0.1170054	0.13530935	0.32271206	-0.2914344	-0.11159827	0.03557857	0.81550676	-0.55323976	-0.09699041	0.34787995	0.046112023	0.09298372	1.0494441	-0.18250693	-0.6062665	-0.66268736	-0.20243122	-0.73878086	0.015309305	0.3318413	0.34120718	0.16626869	0.31310186	-0.79820085	0.10427844	0.64123935	-0.49846575	-0.46301305	-0.61694324	0.16210647	-0.9553451	0.11002813	-0.7047538	0.21682692	0.5981234	0.019177062	0.36831933	0.94185996	-0.819924	0.020599047	0.53317237	-0.8462441	-0.14055474	-0.043095924	-0.06238845	0.48206586	0.6146435	-0.107309684	-0.35029006	-0.69610316	-0.23259033	0.10983419	0.06613897	0.2014659	0.9638305	-0.20374113	1.0666964	-0.53603816	-0.49667555	0.43711394	-0.37403002	0.14207335	0.10859285	-0.3286007	0.5243464	-0.20544624	-0.9754378	-0.3828008	-0.11414437	0.34811002	0.07543136	0.4890344	-0.39701137	-0.86012924	0.2863133	0.07425824	-0.31071627	-0.061295666	0.49281606	-0.24573453	-1.0005623	-0.6767502	0.44587305	0.447878	-0.26556075	0.71117544	0.09405128	-0.007891541	0.4282427	0.030226653	-0.7079723	0.10087484	0.6119891
0.3323915	0.049588118	-0.06321942	0.33073932	-0.059036616	-0.8722767	0.5312024	0.48754707	-0.69795144	1.3002614	0.699944	-0.54311734	0.34935004	-0.86166173	0.6925564	0.22119504	0.29074323	-0.0725378	-1.1368108	-0.18583566	-0.03715961	0.13453257	-0.15541294	-0.21595089	0.30408227	0.32529363	-0.6658789	0.33844492	-0.3541217	0.36224532	0.27323744	-0.64798015	0.34969273	0.52561396	0.46681622	0.026814174	-0.18941575	0.174049	-0.058093447	-0.062322002	-0.5309888	0.01634423	0.83582675	0.6644743	0.33220005	1.0767115	-0.030279124	0.11998575	-0.49972594	-0.34394723	0.10421466	0.5436221	0.28034842	0.2989964	0.99800247	-0.17582713	1.0973161	1.1482443	0.29996753	-0.08641191	0.47632256	0.85504544	-0.124352925	-0.46854535	-0.90780634	-0.10401089	0.057167806	-0.5170415	0.31994197	0.88225114	-0.19991593	0.03704628	0.5356165	0.5311252	-0.6114086	-0.17400572	-0.46935123	-0.008221029	-0.69521946	-0.349116	-0.25204325	0.036760192	0.037314445	0.52519214	-0.24451748	-0.36560664	-0.32111436	-0.38889086	0.30956036	-0.823685	-0.1670606	-0.4522305	-0.07965819	-0.6771779	0.22519812	0.02354922	-0.4804133	-0.3538307	0.49126655	-0.49137875	-0.4941234	0.11244039	-0.5751227	0.06208893	-0.20474322	-0.70041287	0.4861757	-0.24402799	1.052796	-0.05405934	0.24232961	-0.5054548	-0.35524398	0.22202118	0.94248533	-1.280295	-0.5814734	0.4149299	-0.66167045	-0.07694831	0.16095288	0.23976159	0.3649478	-0.1263587	0.005554489	0.33985215	0.815434	0.09086958	-0.067334734	-0.33581778	-0.03003363	-0.29919142	-0.6650314	-0.25811085	-0.34990016	0.19761916	0.24722409	-0.17264897	-0.08765037	-0.11858091	0.32940063	-0.23570494	0.15465602	0.22077397	0.67625284	0.39598024	-0.06696851	0.35796884	-0.0187564	-0.24141638
0.22319162	-0.07108832	0.9829781	0.5261866	-0.3945926	0.0014955131	0.63462555	0.09830515	0.5814652	0.32468	-0.02391027	-0.19996133	-0.20407683	-0.17866962	0.35928178	0.41853637	0.453427	-0.013303166	-0.74317425	0.9782183	0.44168857	1.4867928	0.25355232	0.44609782	-0.12946984	0.5465149	-1.3701537	-0.06013589	0.21180965	0.14058813	-0.671635	0.085920885	-0.10319417	0.22312102	-0.15636285	-0.22197121	0.3052869	-0.681518	-0.61312187	0.68994987	-0.10860469	-0.2074892	-1.083132	-0.24098592	-0.14709044	-0.37940228	-0.0011483616	-0.6476702	-0.601025	0.07448143	0.56857634	-0.35602868	-0.15739848	0.07549007	-0.14808393	0.37107208	-0.65563536	0.51925844	0.31122836	-0.25046015	-0.05745419	-0.50885427	-0.8178187	-0.4081558	-0.42150903	-0.40429187	-0.53179824	-0.012054091	-0.3688139	0.25549725	-0.66187316	0.71231	-0.3860834	-0.38778389	-0.09968249	-0.90057904	-0.46104008	1.0968068	0.6627823	-0.7466077	0.06175125	0.42217067	0.5129668	0.64075005	-0.09455064	-0.7185551	0.0837879	-0.32181838	0.3636415	-0.22277588	-1.1749809	0.43071872	-0.27394933	0.17669035	0.8206237	-0.21179551	-0.39923885	0.890477	0.63172585	0.28228426	0.9762005	-0.6401146	0.3319768	0.77418226	-0.25164407	-0.8672525	-0.8917594	-0.5072899	-0.18932007	-0.689052	0.07524409	0.37188214	-0.10215638	0.40421683	0.9956409	0.19551173	-0.7024463	0.80758685	-0.5103853	-0.42156613	0.061224524	-0.3135706	0.00921843	-0.1927137	0.14648561	-0.028124094	-0.7401145	-0.5480669	0.4228807	-0.09613446	0.076834664	0.08238396	1.1096838	0.20485131	0.77125806	0.102815345	0.06437973	0.1861374	0.36361092	0.5512376	0.24468642	0.6696461	-0.12949017	0.5221734	0.17779082	0.78986835	0.041789327	0.2030676	0.64720726	-0.39640364
-0.24293995	-0.43802357	0.07643562	-0.758242	0.7642752	0.7351094	-0.2500249	0.59558433	0.09318564	-0.11427012	0.20787598	0.14510132	0.7201034	-0.8900849	-0.29082724	0.59649086	0.65202475	0.34190848	0.022907197	0.68668467	-0.45009637	0.06415125	-0.97053766	1.268695	0.36444855	-0.26240364	-1.0044225	-0.179295	-0.27575806	-0.17037012	-0.946314	-1.1847748	-0.62965775	-1.21428	-0.094184354	-0.08078137	-0.3164804	-1.0474641	0.22658035	-0.18947661	0.63759166	0.09075675	0.06286076	0.20766021	0.3112257	-0.49020723	0.036477167	0.1309756	-0.6817352	-0.42716578	-0.64590335	0.59043413	-0.31987238	0.33322975	-0.6841302	0.72488743	-0.29466552	-0.64630526	0.09619844	0.66142213	-0.7536547	-0.6061183	-0.26273736	-0.4865371	-0.3965093	-0.81725365	0.055129286	0.68147373	0.5353975	0.025220469	-0.22653826	0.19497325	-0.9054879	1.5392329	0.29519168	-0.27804443	0.007485776	0.48514965	-0.41565856	-0.17433342	0.10842271	0.3434115	-0.7674425	0.08739099	0.052922208	-0.67406625	0.8757914	-0.6413563	-0.13370825	0.62121075	-0.6696507	0.7725675	-0.35412693	-0.56534785	0.10858466	-0.7475325	-0.3612369	0.50189734	0.12476323	-0.028309776	-0.18011527	0.23091109	-0.041566536	0.48603827	-0.86729914	0.8955932	0.117563725	-0.46528292	0.30974954	-0.37183058	-0.32854503	-0.37616378	-0.57349074	0.45582864	0.23446053	0.09610735	0.56487507	0.5772005	-0.9347951	0.5789778	0.7176007	0.20583838	0.08969723	0.6086464	0.3304037	-0.15241668	-0.50703967	0.59000033	-0.617154	0.05993641	0.005543386	0.02398017	-0.2513313	-0.92044944	0.1386835	0.31147003	0.26475978	-0.32064563	-0.08145541	0.106927596	0.61787903	-0.6067829	-0.037647784	0.4960729	0.60730976	0.08746812	0.18579897	-1.0596883	-0.20255329	-0.28120524
0.2919439	-0.29826617	-0.272716	-0.6264735	-0.006118513	0.8879545	0.30816844	-0.5550018	0.04773874	-0.38754165	0.039000325	-0.40932414	0.15118238	0.10122736	-0.18201664	0.077281654	-0.25925094	-0.46198696	-0.33572525	-0.7526502	-0.773015	-0.63237935	-0.62127215	0.39894646	0.8242632	0.29702514	0.057001963	-0.9315806	0.15515979	0.50056654	-0.4454124	0.082192115	-0.6383483	0.45063937	-0.18296218	-0.56673497	-0.113374636	-0.5381898	1.3309081	0.6795194	0.10230777	-0.13326676	-0.1594741	-0.59451896	0.03045504	0.6840765	-0.1600554	-0.12913784	-0.113440745	-0.48712683	-1.1718986	0.21495968	0.057782244	-0.057300974	-0.048240107	0.59985673	-0.11361287	0.044452187	0.12761863	0.0054797977	-0.30030316	-0.38198936	-0.03195419	-0.02085244	-0.7392815	0.6239648	-0.073479004	-0.0601035	-0.50606126	0.6555384	-0.03889034	0.08259061	-0.6873395	0.16914189	-0.35246396	0.38046858	0.60754186	0.23190044	0.08316347	0.06451712	0.20990165	-0.78163946	-0.15927412	0.19753864	-0.6506369	-0.13277142	0.023372367	0.20489956	0.7524817	-0.8206102	-0.3269888	0.066300295	-1.4786413	0.0728154	0.50760555	-0.21351275	0.08388523	0.46587604	0.096307755	-0.3385528	0.24796379	0.02597956	-0.21293287	-0.22983974	0.2094091	0.2427545	1.0924478	0.74049	0.13376637	-0.13500197	-0.58523035	-0.42402914	-0.26164222	-0.2589982	0.8456757	0.84930927	0.18083812	0.40792197	-0.45893928	0.5151703	0.6399087	1.0209812	0.30620453	-0.5720026	0.49805173	-0.08760524	-0.47769126	0.07746998	0.043720137	0.103491046	-0.8699006	0.4894262	0.7458428	-0.64697033	-0.28776854	-0.8300817	-0.12605262	-0.52796876	0.7196362	0.1956807	-0.25837502	-0.32876793	1.4891754	-0.121652626	0.018677661	0.28100577	-0.32806367	-0.9502019	-0.6644742	-0.10033628
0.19469859	-0.31747374	-0.22409384	-0.8090876	-0.68043786	-0.78208905	0.16628015	0.687004	0.07995664	-0.4693259	0.024680296	-0.10915384	0.19511206	-0.2696683	-0.6168692	-0.2450949	0.038894303	-0.9331188	0.3477092	0.8723994	0.2733788	-0.86111706	-0.48220724	0.492648	-0.5068612	-0.28272435	0.036704186	0.2352677	0.81749463	-0.6815205	-0.819996	-0.65504235	0.25318974	-0.12598914	0.17831104	0.7132727	0.10662948	0.12205922	0.57206917	-0.09292659	0.15618241	-0.43327346	0.10699228	-0.5595368	-0.43283424	0.69635206	0.79213655	-0.08058208	0.020669369	0.17974022	-0.61515534	-0.45082214	-0.06081548	0.083663076	-0.19558196	0.25770003	0.64000684	-0.05665275	0.6694838	0.767114	0.19388102	-0.23672305	-0.07124463	0.83678263	-0.64089024	0.16209015	-0.089296535	-0.23201452	-0.25045946	0.6771233	-0.6912373	0.033463035	-1.0476531	0.6584782	0.48420423	0.34593767	0.67955273	0.58269805	-0.15829681	-0.19293468	0.39107847	-0.4012241	-0.15252234	0.3099257	1.1507678	-0.061846603	-0.14054847	-0.2852472	-0.78062385	-0.7233399	0.34045175	-0.2031259	-0.019156603	-0.42221323	0.7019962	-0.6716434	0.8719095	-0.18563157	0.2853861	-1.042261	0.19271027	0.53296435	-0.41231886	0.17046772	-0.1491194	0.15134	0.39926484	-0.41126403	0.58500576	-0.14079052	0.045042947	0.03765054	-0.46661338	-0.18665576	0.6357298	-0.76328826	0.15337048	-0.20463729	-0.5876037	0.73422194	0.101899214	0.4170881	0.19526136	-0.05557073	0.32562223	-0.88613725	-0.2935895	0.043740746	0.05866309	-0.30040798	-0.45058215	-0.045933582	1.0303965	0.0051890365	-0.010292426	0.6574917	-0.33175874	-0.1480419	-0.21697356	0.3831504	0.5216632	-0.2148536	-0.16533978	0.035696812	0.56725335	0.60895175	-0.85211486	-0.6771442	-0.23542103	0.50782603
-0.20842569	-0.87780344	0.61096966	-0.21022415	0.48843822	0.15959308	-0.1646101	0.739073	0.63346994	1.184362	-0.33225298	-0.29885194	-0.0224542	-0.1830848	0.28806686	0.23414	0.23299548	0.39861238	-0.12999156	-0.16458869	0.17015032	0.26178938	-0.27424175	-0.5492275	0.9380639	-0.6469343	-0.31532893	-0.10102706	0.41128254	-0.2505157	0.06380518	-0.21330439	-0.036934998	0.6173322	-0.26505214	0.8991519	0.0042603123	0.6717373	-0.54067135	0.34623662	0.3187738	0.70039207	-0.4542801	-0.6119516	-0.28598812	0.84288454	-0.018543815	0.76184356	0.4432851	-0.26657203	-0.4616971	0.22402324	0.37501392	-0.7794029	0.124210075	0.36075646	-0.8165754	-0.19185372	0.14280638	-0.7609655	-0.22604048	0.49098843	-1.7461863	0.26159808	-0.11210804	0.1932306	0.72586745	0.042513628	-0.5026855	0.077939205	0.15485504	-0.50262666	-0.3547176	-0.2093428	-0.88225013	0.26445875	-0.3330224	0.3537755	-0.37321928	-0.08281826	0.18033051	-0.4171167	0.33427525	-0.3397352	1.0088638	-0.12309423	0.77580994	-0.06268742	0.41065797	-0.36816356	-0.37516877	0.8168925	0.11473747	0.8416704	-0.29645428	0.5046827	0.30048653	-0.21545339	0.8883287	-0.5880874	0.03902679	-0.85107785	0.9153504	-0.8979089	-0.24787602	0.90575725	-0.20686913	-0.64797485	-0.26945093	0.379437	-0.008908949	0.6293055	0.030258331	0.42392045	0.7169662	-0.7633254	-0.06378269	0.41832906	-1.658527	0.65526366	0.32682943	0.14652556	1.0340881	-1.3210342	0.36613125	-0.18971671	0.9560049	0.32086283	-0.49209273	-0.79819447	-1.0423559	0.88279265	-0.5150088	-0.6541353	0.06505586	0.6296796	-0.7006543	-0.5335626	0.7405066	1.0223974	0.23713997	-0.21995734	-0.34058374	-0.42522532	-0.00038786244	0.40549603	0.4669158	0.120506786	-0.08911781	0.10138087
0.24079815	-0.697424	0.88411975	-0.38794637	-0.36452484	0.6547044	-0.08469742	0.02991248	-0.047705214	0.34450704	-0.55036074	0.009610975	0.689088	-0.25670695	-0.15053686	0.21330962	0.10408898	-0.3915401	-0.0971809	-0.1777231	0.31274536	0.40689862	-0.6149644	0.42258683	0.5000583	0.28159493	-0.07422434	0.15555169	0.4924623	0.07586889	0.17536499	-0.9152928	-0.010110234	-0.52204984	0.31077173	0.5768835	0.33876273	-0.26501524	-0.32556203	-0.19292548	-0.709725	0.12962377	0.1954065	-0.4384781	0.24034011	0.3261594	0.32995394	-0.036847815	-0.8032597	1.2414272	0.14503756	-0.6399882	0.1754053	-0.26790208	-0.7387471	-0.14281242	-0.30411008	0.6724262	-0.36263388	0.429214	-0.4330671	-0.33556733	-0.713273	-0.27523616	-0.6789568	0.2043056	-0.34779826	-0.28599924	-0.45733756	-0.36434335	0.12687792	0.61879784	0.32151917	-0.4192215	-0.0510591	0.029519964	0.35914958	-0.3007498	-0.29297993	-0.44827363	-0.2813318	1.0376728	-0.026040813	0.038153876	-0.18090318	-0.41057307	0.5954095	-0.17283522	0.5647136	0.3118179	-1.0493467	1.0275714	0.1116766	-0.5497097	-0.09435614	-0.7505494	0.13965333	-0.33374187	0.82046163	-0.041114967	0.14317326	-0.12027391	1.1170077	0.16908127	0.3862666	0.5019393	0.51145583	-0.15979432	0.36140868	0.11282011	-0.18593132	-0.25107467	0.050959937	0.24592277	0.26342672	0.5158369	0.11470651	-0.46254918	-0.73253065	-0.3650513	-0.017987719	0.19391488	0.2862981	0.8209584	0.42284778	-0.52287436	-0.33476633	0.6971954	-0.4941252	-0.25886774	0.48102602	0.3783357	0.39133188	-0.7498811	-0.00036521023	-0.39229715	0.3361986	-0.23394242	-0.100123696	-0.34428596	-0.1728069	0.37365857	-0.22943544	1.1298116	-0.59332037	-0.079648614	1.1552423	0.10726773	0.4159168	-0.38992807
-0.06426326	0.11208094	0.07298965	-0.30383474	0.36930612	0.45894706	-0.5591715	0.22080635	0.49834335	0.38856345	-0.7075982	-0.2393452	0.17662127	0.37201765	0.20128691	-0.26253283	-0.70072514	-0.5485778	0.15596922	0.07493987	0.088531	-0.12127171	-0.2776902	0.20545505	0.08620352	0.54410434	-0.8195582	-0.58821666	-0.55261797	-0.5132515	0.027657742	-0.450948	-0.32762736	0.113879666	-0.19581126	0.7608626	1.1432837	-0.7253443	0.5650939	0.851922	0.27099565	0.06325725	-0.27002406	0.3442907	-0.32135162	0.00021841648	0.09159152	0.1388124	-0.37921536	-0.4885356	-0.75302815	-1.1384774	-0.22021505	-0.5994291	-0.13386041	-0.13095161	0.43897483	-0.35625	0.15069142	0.04783992	-0.90517336	0.19970123	-0.8358052	0.92805415	-0.11206254	0.12794557	0.18424724	-0.32271904	-0.40563002	-0.293354	0.16480885	-0.9783058	0.3801898	-0.38441512	-0.20348686	-0.8747206	0.7030313	1.1172172	-0.4836629	0.25773278	-1.076018	-0.05888869	-0.5517425	-0.5654275	-0.1844851	-0.53303045	-0.18797183	-0.21175681	0.21347302	0.29016647	-0.2507575	0.089652926	-0.44385156	0.46139982	0.56525373	-0.7437263	-0.07551686	0.29817837	-0.3272541	-0.041771572	0.34272975	-0.55930066	-0.4460194	-0.29083943	-0.1356557	-0.4778221	0.2819036	0.5899328	0.36656865	0.20903735	-0.589563	-0.096035056	-0.28859437	-0.41957545	-0.3633933	-0.4222614	-0.23723231	-0.27634528	-0.7063631	0.3278271	0.4775091	-0.15261751	0.8040573	0.16013408	-0.25279322	0.13690904	0.44764104	0.9586915	0.25702158	-0.5791522	-0.5881646	0.3377526	1.4481212	-0.17574732	0.4554904	0.3619505	0.9220446	0.20912893	-0.02423183	-0.28825516	0.07155568	0.16244113	-0.28363302	-0.31461477	0.48242638	0.9853649	-0.5993441	-0.9717182	-0.58947724	-0.6275595
-0.41038945	-0.3319242	0.6835474	-0.16323121	-0.5373258	-0.42133018	-0.4975632	0.92019904	-0.05091366	0.453043	0.33660007	-0.31385323	-1.1057421	0.7115367	-0.17216635	0.8292547	-1.0188632	-0.017293941	0.7333632	1.0643276	-0.29079616	0.03980315	-0.19711086	0.7339913	0.639387	0.36674336	-0.9820816	-0.32813543	-0.94810987	-0.49834114	0.7771127	0.15219241	-0.49537596	-0.4092073	0.23522232	-0.0039665345	0.19271092	-1.3971746	0.78616714	0.31621185	-0.15426925	0.13593684	-0.36046407	-0.685349	-0.78565943	-0.5790135	-0.63022286	0.041249808	-0.79122335	-1.3582656	-0.5236082	-0.5966473	1.0702127	0.06906035	-0.31379446	-0.20685351	0.38682613	0.33216718	-0.013258179	0.8173488	0.059206836	-0.19087051	-0.6298644	-0.1839924	0.06100602	-0.7361699	0.7706395	-0.30419233	-0.04926087	0.1932689	-0.8049704	-0.080982246	-0.58775926	0.08416772	-0.7354987	-0.8655714	0.17067075	-0.025871105	-0.08809238	-0.23662828	-0.020837111	-0.8630379	-0.13099861	0.4968098	-0.056874365	0.19030014	0.50338733	0.77626795	-0.46243283	-0.9297566	-1.0594786	0.044519007	-0.7234143	0.64800256	0.46604133	-0.53728956	0.07058775	-0.13997662	-1.0129938	-0.17391096	-0.58268064	0.2785591	-0.128454	-0.28103694	-0.6808602	-0.20538448	0.10732972	1.2712476	0.14600945	-0.18580525	-0.3229414	-0.1374556	0.082805574	-0.3249421	0.033519432	0.09323549	-0.33451977	-0.40944263	-0.72075707	0.49850574	0.32992753	-0.2059211	-1.1359035	-0.115182	-0.33621934	0.84412307	0.19443744	-0.31271964	-1.0213882	-0.006238475	-0.2736397	0.82295626	-0.00078547595	-0.019281762	-0.13467836	0.4060621	-0.22576652	-0.06309312	-0.06215198	-0.4195424	0.45202938	0.034167614	0.16632798	0.7452595	-0.10029982	0.4334459	-0.008165433	0.19934615	0.5240784	-0.2101327
0.13251317	-0.1458728	0.030342057	0.7814414	-0.0012426191	0.2883841	-0.47094074	0.4689695	-0.73783934	-0.81981784	-0.15487751	0.51090306	-0.54884195	0.11487826	0.85476553	0.23342934	-0.375281	-0.06518921	-0.20299101	0.4362287	0.56919754	0.9666326	-0.34845796	0.41123882	0.86469924	0.31942773	-0.22993784	-0.2531106	0.03672739	0.013535805	-1.3331754	-0.26508692	-0.3733691	-0.9823469	-0.3401545	-1.106922	0.7347681	0.023292193	0.013753429	-0.23865256	-0.30377966	-0.020986065	0.8817431	0.1594343	0.17397131	1.2158473	-0.09649267	0.11467636	0.2146772	-0.2103152	0.8652483	0.55223113	-1.124475	0.30168486	0.18828794	0.3201795	0.10174658	0.69325006	-0.32041052	0.67307407	-0.46529114	-0.5302555	-0.29650465	-0.15991265	-1.0928087	-0.806633	0.76175743	0.2626455	0.2713638	0.77790886	-0.5272954	0.37455162	-0.21321003	0.1695281	-0.38896996	0.0061431425	0.015328827	-0.35921568	-0.3490119	-0.41663492	-0.020603647	-0.19139099	-0.6430956	0.6506659	0.3344352	-0.49017292	-0.4561282	0.2474494	-0.26959795	-0.8585551	0.095315464	-0.9361545	0.00044882688	-0.61393833	0.02602252	0.14718574	-0.95021516	-0.6767787	-0.4420949	-0.6898299	-0.7904018	0.0919395	-0.8940637	0.6194332	0.5328164	-0.24556483	0.78215766	0.5476722	-0.028321126	0.12392293	-0.07903922	0.16748793	-0.8738748	0.7107164	-0.5026083	-0.94876903	0.2110891	-0.21182367	-0.27440497	-0.18938063	1.6192353	0.6309593	0.2885028	-0.983025	-0.104300246	0.41885066	0.08537777	-0.71568424	0.28095713	-0.22772683	-0.30377254	-0.413427	0.6855669	0.52267593	0.51355773	0.9382238	0.051482122	-0.30147448	0.10254392	0.6739689	0.34186688	0.1777561	-0.32745907	1.0899478	0.38448018	0.2027942	-0.9742625	-0.044757124	0.7267035	0.4521692
0.107099675	-0.88456625	-0.18525994	0.6051072	-0.63563	0.46830603	-0.24586599	0.9322063	0.33226293	0.204617	-0.35447744	-0.3713428	0.44444975	-0.27983844	-0.9302531	0.037432987	0.2323783	0.28859782	-0.29793543	0.96985245	-0.22520596	-0.26640674	-0.32752144	0.21369906	0.2846278	-0.24171905	-0.36643535	0.23696025	-0.5449908	0.6963717	0.23896626	0.3160424	-0.13592443	-0.040290456	0.9617795	0.8508192	-0.9100489	-0.6597548	-0.6466947	0.53788406	0.054499436	0.68841	-0.47958925	0.14238894	-0.47936586	-0.00028781002	0.1445015	-0.59698045	-0.358583	0.14241876	0.07626415	0.19757856	0.761128	-0.99215883	0.11570025	0.3597648	0.19568925	0.46195167	0.15753879	0.663603	-1.1808593	0.717898	0.4194792	-0.13028213	-0.6544877	-0.053330652	0.2426963	-0.455647	-0.15723102	-0.15307705	0.048613645	-0.3125286	-0.1183498	0.82476246	0.5295764	-0.70977306	-0.6848851	0.3702643	0.06571048	-0.23632136	0.52933514	0.25684962	0.06492755	-0.28681368	0.30925122	-0.20152491	-0.6012363	0.20924409	-0.23960133	0.024150603	-0.27119324	0.5885316	-0.18760702	0.03721863	0.02711839	-0.22473533	0.06509174	0.36690176	-0.15568975	0.18884188	0.19164315	-0.08833976	-0.48912477	0.40567166	-0.20555027	-0.18794501	-0.04431072	-0.18429802	0.19061592	0.20363459	-0.58563143	-0.024503082	0.065688774	0.9307431	0.4959391	0.32105786	-0.070393026	-0.20520791	-0.37075952	0.005782519	-0.09605947	0.020607315	-0.3243476	-0.5154548	0.0069410023	-0.9864238	-0.74833757	0.2738968	-0.5559208	-0.3536096	-0.6792764	0.7490047	0.050001916	0.73332167	-0.39038867	-0.2543985	-0.101941004	0.12753586	-0.1950093	0.34224987	0.6945263	0.381812	0.5038592	0.13858001	0.35362652	0.45091164	-0.18269995	-0.071595736	0.101970315	0.18557061
-0.15351114	-0.45455703	-0.036629245	0.29323655	0.23977494	0.074204236	0.7884023	-0.147222	-0.6105245	-0.37832317	-0.7873987	1.193923	0.23292847	0.37313083	-0.4659644	0.42556295	-0.1730265	0.09051965	-0.4646195	0.018804	-0.09588312	0.33826682	0.3452733	0.11674964	-0.26604232	1.1005192	-0.06107374	0.02919902	-0.48448357	0.24121413	0.93534064	-0.0025997635	-0.229026	-0.75635034	-0.27264166	-0.46280968	0.16610058	0.47828782	0.9359757	-0.54756117	-0.368204	0.9721047	-0.50515425	-0.059538566	0.5402177	0.44262546	0.24841452	-0.18825018	-0.72930175	-0.17978439	0.05140929	-0.22357851	-0.5663267	0.6208405	0.13577297	0.10023659	0.64023334	-0.37440747	-0.53986216	0.24847421	-0.39671403	0.0014893975	0.2805164	-0.46115047	-0.25183868	-0.8480473	0.08817135	-0.24669959	0.6729028	0.521573	-0.5131188	-0.010823907	0.061420072	-0.049378593	0.53617746	0.46002507	-0.58819354	0.19701724	-1.0430208	-0.48456582	-0.14718348	-0.03338306	-0.23055685	0.22218126	0.5923314	-0.5999024	-0.07392646	-0.6550989	0.037006684	-0.5114534	-0.6849551	-0.24364369	0.32161826	0.31468993	-0.38905552	-0.69475615	-0.95005125	0.66503954	-0.23140825	-0.31676492	0.01409309	0.10958152	-0.8568488	0.27973023	-0.7330749	0.1684139	-0.08361768	-0.103309385	-0.37452507	-0.13842039	0.19248036	0.9776724	-0.8521234	-0.32801104	0.12305188	-0.75372404	-0.71721184	-0.36004636	0.22277522	-0.40705734	0.2624532	0.4517482	0.036487274	-0.41853467	-0.5432382	-0.8242728	-0.4847249	0.028891494	-0.661706	-0.80896497	-0.07079088	0.14312431	0.19125004	-0.74134266	0.5188032	0.44482666	-0.60012436	0.47990045	0.21129818	0.66886824	-0.09741464	0.48946324	-0.00972651	0.94033694	0.22497602	1.1352817	-0.17857577	0.025963916	0.07749778	-0.78971463
-0.24698742	-0.36175546	0.31809536	0.110043444	-0.23445565	-1.1867212	-0.24535485	0.62692934	-0.96382415	0.27705944	0.6359329	1.0128218	-0.7657588	-0.09460392	-0.31212848	-0.269864	-0.31677258	-0.27264285	0.0006974166	0.05404388	-0.29723144	0.082667865	0.013546552	0.116879486	0.045936093	0.6690411	0.20251198	0.26848418	-0.31630948	0.15161318	-0.028987883	-0.15306328	-0.2628886	0.7936719	0.25172764	-0.48604503	-0.070700586	-0.5324763	0.5404894	-0.6188619	-0.79903764	-0.28940555	0.10854457	0.30736765	-0.6924746	-0.048797954	-0.9733364	0.090717845	-1.0088272	-0.15219146	-0.6413699	-0.17501736	-0.061783597	0.6727945	0.9887265	-0.43090293	-0.34793347	0.46819597	-0.51608455	-0.07466249	-0.00035481248	0.65890473	-0.17881502	-0.5810907	-0.9924404	-0.18135923	-0.10207013	-0.782973	-0.51467687	1.0789995	-1.6038704	-1.1404817	0.36487076	0.35406616	-0.025477452	0.15642418	-0.80651605	-0.0831578	-0.27135503	0.22868918	-0.04064082	0.021867007	-0.36096093	0.3584845	-0.39559165	-1.1878936	-0.062363528	-0.44250843	0.1140679	-0.25939798	-0.27697027	-0.14943478	0.18196061	-0.47315755	0.047312666	-1.1054195	-0.21860898	-0.027694726	0.23894541	-0.5968043	0.061614066	0.2986196	0.50867516	-0.5960146	-0.4143372	0.19194134	-0.51557136	-0.94473064	-0.08098204	-0.1618234	-0.41591984	-0.18035579	-0.64380205	0.9020231	0.80352366	-0.25013545	-0.76184744	0.32323685	0.026461096	0.13820043	0.61645323	0.7514055	0.099969596	-0.6072447	0.60543513	0.16639641	-0.07135995	-0.566396	-0.35508752	0.33881807	-0.30701965	-0.61570436	0.43378636	-0.67633015	-0.073220596	0.6410725	-0.06808645	-0.13435003	0.22688437	0.05189656	-0.03412488	0.41407427	-0.120337285	0.44601783	0.09790338	0.21499494	-0.17959267	0.22961418	0.26779878	-0.22481766
-0.26663426	-0.8889661	-0.15619409	-0.38506612	0.12736538	0.15347181	0.015561858	0.50400305	-0.60893846	0.28424975	0.4742712	0.6032692	0.26250595	0.5417232	-0.14650191	-0.3516662	0.81487894	0.10444316	0.43142962	0.11327583	-0.2684924	0.7132316	-0.32979593	1.2877198	0.008045749	0.5207509	-0.11580633	0.493778	-0.047407072	-0.22608848	0.31529734	0.07404863	0.35844684	-0.17743008	-0.40591484	0.86398184	0.47327384	0.6454009	0.06842596	0.28144142	-1.0924302	-0.10648245	0.015884463	0.5919572	-0.4683269	-0.9649601	-0.8348131	0.2981125	0.38733748	-0.21989898	0.10055255	-0.9250196	-0.53286177	-0.33353278	0.14354974	-0.050307307	-0.21406151	0.68869865	0.19855984	0.7458644	-0.71694636	-0.3723522	-0.20917521	-0.59168863	-0.78865725	0.26346746	-0.17190857	0.6178966	-0.85560477	-0.3046902	-0.35092363	0.18924153	-0.67230713	-0.78571415	-0.6722906	0.0054673506	-0.30057728	0.98294693	0.017083682	-0.87185407	-0.11641858	-0.5363257	-0.14475006	-0.13549352	0.15085623	-0.5938026	-0.12021776	-0.008612239	-0.21271493	-0.054181498	-0.65185535	-0.055925783	0.4243876	-0.43085057	-0.083151184	-1.3191946	-0.12840565	-0.17351717	0.040861297	0.0776678	-0.0008899159	-0.94083893	0.26792276	0.111226805	0.69647956	0.22778909	0.24185804	0.25799713	-0.2819491	0.19368479	0.67312086	0.04061541	0.4532137	-0.2711923	0.08865682	-0.75356585	0.17640334	-0.1442829	-0.6139052	-0.1613877	-0.4211661	-0.34635034	-0.26747197	-0.8409108	-0.07985829	-0.07686097	-0.96537554	-0.4325727	0.6969884	-0.3008188	-1.00897	-0.035654105	0.14382069	-0.5246017	-0.17345226	-1.321638	0.5020364	-0.931616	0.37403324	0.02065783	0.48394823	0.33380792	0.64319766	0.011819286	0.024553178	1.732536	0.22282656	-0.5424723	0.08318827	0.031473733
-0.06741137	-0.35870516	0.69457257	0.071651556	-0.091852896	-0.2560001	0.24548042	0.7622377	-0.28737015	-0.9496605	-0.28029543	-0.6446661	-0.35885993	-0.42411277	-0.4094859	-0.7454698	0.06828748	-0.6107263	0.4249201	-0.60653317	0.41986898	0.9972036	0.7917004	0.9920791	0.64616174	-0.41117215	-0.5831487	0.35966292	0.33058578	-0.1680608	-0.14705923	-0.6926955	0.098911814	1.1291306	0.29810154	-0.3037569	-0.58047587	-1.3237332	1.1054493	0.26348734	-0.5895254	0.57817507	0.7511159	-0.44241187	-0.65263116	-0.35554773	-0.1575705	0.8506614	-1.2464775	-0.003341934	-0.34331003	0.18712418	0.10235695	-0.27289903	-0.0021096072	-0.13641913	0.5618597	-0.49488384	-0.017544135	0.06196777	-0.96578616	0.25940907	-0.4597608	-0.10394086	-0.88212925	-0.42223337	0.71509486	0.49450532	0.16596462	0.13384819	-0.24711238	0.3095299	-0.8254215	0.43165675	-0.4116918	-0.41082802	0.20353025	0.15904853	-0.27600414	1.3768414	-0.049217373	0.0137441745	0.16619197	-0.12734294	0.7888572	-0.3316689	0.3939526	-0.0877294	0.3018478	-0.706632	-0.17114246	-0.15517542	-0.026579935	0.014917778	0.36769277	0.35442567	-0.28883544	-0.10989927	0.79435146	-0.27015167	-0.02051446	-0.0038143303	-0.5215872	0.26534912	-0.04175165	0.7605245	-0.13728152	-0.5659478	-0.29511854	0.0857037	0.46977618	0.08652807	-0.94715977	-0.3482739	-0.007993017	0.3035879	-0.33046275	0.44645151	-0.5768758	0.4511222	-0.056734443	-0.5215107	0.26157084	-0.17512491	0.2253049	-0.0668791	-1.2236102	0.2723543	-0.27061278	-1.3905475	-1.2739115	-0.30124387	-0.74236465	0.12647599	0.3425096	0.5407953	0.7517145	-0.7537173	-0.5439894	-0.16666053	0.15857725	0.5173947	-0.09859665	0.1367838	-0.26993984	-0.072602294	0.1080633	0.15741056	-0.7708151	0.10358595
-0.61273175	-0.6080527	0.596576	-0.011031934	-0.016335301	-0.78281045	-0.18098179	-0.49123698	-0.24275376	0.06879897	0.035712615	1.0182346	-0.10765803	-0.36311004	-1.1128929	0.6361871	-0.35315725	0.6577282	-0.06680953	0.13506326	0.41140625	0.24510083	0.6475073	0.76892483	0.3737714	0.048421912	0.18297781	-0.28541487	-0.12735707	0.27284405	-0.41378483	0.4000785	-0.32699186	-0.46489587	-0.11358179	-0.2600538	-0.37581068	0.14294401	-0.4136521	-0.42098308	0.35010463	0.2581048	-0.097504064	-1.045395	-0.5553761	-0.40720412	-0.03999241	0.044409055	-0.35504505	-0.12526356	0.6892799	-0.442315	-0.5208288	-0.673494	-0.5742188	-0.24628814	0.26134235	0.87804985	0.1501415	0.35772952	-0.78188956	0.36147046	-0.030717904	0.8011113	-0.82971156	-0.5443261	0.8349471	0.49258226	0.66845953	0.2770467	-0.41342294	-0.5830179	-0.27016416	-0.8093233	-0.79283017	0.5450421	-0.040849574	0.84909785	-0.12591329	-0.69798803	0.90746534	-0.31073526	0.8586306	0.8885224	0.60662955	0.3885635	0.44821477	-0.489134	-0.2363822	0.24004824	-0.46870902	0.63771117	0.36684465	-0.72694635	0.17511123	0.1111187	0.44837192	0.5324681	0.17773516	-0.21766067	-0.23462573	-0.35467312	-0.63085914	-0.6128832	0.087647945	-0.05129392	-0.2926965	0.77758765	0.11497218	0.21333282	0.013966766	-0.7445266	-1.5416256	0.35218543	-0.18845546	-0.13063303	-0.18142982	-1.4564872	-0.35707432	0.8327031	0.45420268	-0.079900764	-0.64221704	-0.40876025	-0.39741534	0.83723783	0.03831004	-0.46072933	0.2864432	-0.056957275	-1.0111299	-0.657772	0.1403377	-0.9920586	0.7839278	-0.48888665	0.68520385	-0.78989667	0.3896293	-1.3684608	-0.20487984	0.58930844	0.2410301	-0.28930888	0.28251132	0.03303885	1.1315887	-0.2240601	-0.3196788	0.42522988
-0.0095894225	-1.4640564	0.9808052	-0.37037444	0.216528	-0.13172685	0.056960244	0.22588696	-0.4326972	0.39022592	0.3470735	-0.24772799	-0.22834441	-0.1855232	0.2864234	0.19851121	0.76099896	-0.95647717	0.67109096	1.0595701	-0.098163664	-0.15217502	0.04800092	1.3618885	0.12977931	-0.014528528	-0.2942303	0.1641993	-0.21495213	-0.18183419	-0.11632008	-0.03252149	-0.32353497	1.2490842	1.2055053	0.31961152	-0.27402428	-0.21361725	0.17870905	0.55714214	-0.13315913	0.19044188	-0.48044473	-1.3073827	-0.08292186	0.19993609	-1.4442866	0.09392288	-1.0651035	-0.25275552	0.12688753	-0.18597811	-0.7946499	-0.53493404	-0.96525854	1.1926305	0.7050585	-0.18207671	-0.7192712	-0.28029397	0.8465598	-0.56599736	0.5099172	-0.872417	0.11516826	0.88202864	-0.03817838	-1.2290529	-0.15075956	-0.6766678	0.0047284914	-1.1373427	-0.89454424	0.6231661	-1.1048061	0.67376685	0.15656404	0.85161036	0.12193887	0.700661	-0.17326434	1.0583951	-0.40526253	-0.58234537	0.7387987	-1.3169783	0.52840173	0.62616295	-0.13830109	-0.3423171	-0.98637205	0.5743507	0.505996	0.10666758	1.0703173	-0.8105725	0.26871902	0.27638292	-0.43445525	-0.26037973	-1.084164	0.23241855	0.138399	0.24349804	0.46575925	-0.31263515	-0.074236155	-0.045940418	0.24259984	0.6940111	-0.4798985	-0.062864855	0.13723615	-0.6146932	0.7639617	-0.8219011	-0.4960633	-0.27526444	-1.0474715	-0.09110204	-0.16004586	-0.45036778	-0.83298707	-0.47233218	0.860363	0.074716695	-0.19022216	0.34066835	-0.16275188	0.0767445	-0.25115785	-0.48220268	0.5920653	-0.3293855	-0.032806523	-0.35974717	0.23471497	0.011056601	-0.42812207	0.51866174	0.4780705	-0.23261751	0.40375105	0.38266695	0.84281445	0.102614015	0.119909965	1.3590803	-0.65360385	-0.2907155
0.030976279	-0.1472784	0.28194162	-0.15107857	-0.55635196	-0.49059322	0.524567	-0.63527775	0.85286987	-0.23200707	-0.09791975	0.49876836	0.51564044	-0.33887887	0.5517953	-0.84410447	0.028641807	0.47277033	-0.034052424	0.0997177	-0.08652267	-0.12122266	0.68434024	-0.05076464	0.465934	0.58392453	-0.68107635	0.32585272	-0.09081536	-0.6295722	1.0435855	0.118455194	-0.24317798	-0.30117962	0.29111418	0.3268357	0.27308673	-0.24295244	-0.17654504	0.113548614	0.05115985	0.96455324	-0.19328098	0.83450073	-0.30634767	-0.037579257	0.9102568	-0.08104474	0.27749237	0.58032906	0.369408	-0.8227975	-0.5742915	-0.26816434	0.14551583	0.33927342	0.34083772	0.5926922	-0.20682113	0.1535629	0.44693324	0.7139155	-0.6013765	0.60132253	-0.042221587	-0.40045342	0.5893078	-0.22034974	0.21299316	0.7913978	0.41050008	-1.1903075	-0.22961251	0.29829437	-0.1323599	-0.22265871	-0.2914765	0.76882166	-0.43305272	-0.41240135	-0.0992923	0.7533941	-0.14225678	0.2878758	0.64039564	0.569195	0.892406	-0.31458953	0.34803852	-1.3554012	-0.19025661	0.7642859	-1.1414177	-0.38910073	0.6750483	0.1316621	-0.35181192	-0.45411566	0.16168049	0.099221036	-0.39179692	0.19717811	-0.015759515	0.10803509	-0.45207986	0.28618237	0.006534366	0.94748265	-0.15626945	0.6981042	-0.08836138	-0.7047555	-0.4180824	0.46368784	-0.21974052	-0.024657173	0.53723794	-0.20040329	0.16621366	0.47131497	0.7774315	0.52390164	-0.41836798	-0.40163958	0.034166805	0.27304184	0.13964476	-0.045516778	-1.0208087	-0.37212107	0.3781062	0.057497323	0.17108947	0.06924143	-0.15897694	0.12376944	-0.0077462653	-0.4075172	-0.1929725	0.49033076	0.8319061	-0.15419137	0.78351253	0.3701767	-0.056568403	0.7107228	0.31246933	-0.1632608	0.51335317	-0.17335778
0.20087503	-0.12843943	0.9380502	0.78573006	0.082995206	0.54767096	-1.5116606	0.42846805	0.2735989	0.4456677	-1.2188458	-0.3939482	0.4495217	0.6363676	0.33684352	0.21200772	0.10287705	-0.10632065	0.4860308	-0.40745127	0.62248796	-0.009735175	0.46576187	0.06323929	-0.46618715	0.7903989	0.27660283	0.35752127	0.055446167	0.9893149	0.22634202	-0.34054112	0.25421673	0.51449496	-0.25105548	0.3759276	-0.2422606	0.24020334	-0.82139444	0.79716456	-0.6777913	0.8883257	0.21156515	-0.33847657	-0.030991027	0.32386857	-0.14883992	0.09149418	-0.5167828	0.4723521	0.2415893	-0.5044449	-0.2458257	-0.7000861	0.025030406	-0.44264054	0.29189423	-0.26360518	0.3350409	0.7677573	0.028478075	0.15587294	-0.92498064	0.58358026	0.04104202	-0.26403335	-0.24837081	0.6480835	-0.75407743	1.1575379	0.05534943	-0.6996037	-0.11272728	-0.36922294	-0.56998557	0.27877063	0.22504853	0.34767845	-0.36924702	-0.7307105	0.056282334	-0.4914112	1.0909727	1.0853726	-0.35326746	-0.57620126	0.036143992	-0.032699503	0.7132595	-0.63877386	-0.21877408	0.23718098	-0.5017127	0.078630835	0.11004284	0.17899181	-0.04288286	-0.31220824	0.6744607	-0.56711316	-0.08036323	-0.70988315	1.11643	-0.8403622	-0.45906085	-0.29580122	0.69785595	-0.055434532	0.128998	-0.05387232	0.5623026	0.4150242	-0.6241006	-0.16825758	0.4859535	-0.13340338	-0.25550345	-1.0257176	-0.18323134	0.49275425	0.3722328	0.18768483	0.06226672	-0.24364829	-0.28593284	-0.18564206	-0.49463752	-0.01391711	-0.3108588	0.19840257	-0.4126996	0.56687725	0.7356215	-0.5826767	0.7186841	0.12614015	0.74781555	-0.16189529	0.3404302	0.9070457	-0.26792395	-0.09081454	-0.5378369	-0.2285941	-0.37195635	-0.12754965	-0.64080703	-0.48510477	0.42854822	0.2026811
-0.81656545	0.01898772	-0.5487931	-0.29828474	0.40006375	-0.24125683	-0.2950856	-0.46536404	-0.08381261	0.5763082	0.09746384	1.081072	-0.19548866	-0.16760337	-0.32982814	0.8035818	0.45184642	-0.4367373	0.70907164	-0.27720273	0.06814921	0.013418545	0.031756632	0.9622868	0.39115277	1.1152034	-0.036329586	-0.22833228	0.17958719	0.32717448	0.5478798	0.0789669	-0.14049676	0.16389076	0.6931003	-0.45493025	1.0945475	-0.37238753	-0.22442493	-0.42615396	-0.4152131	-0.02724873	-0.34559947	0.05359258	-0.59140086	1.7391268	0.33501765	0.5901378	-0.90907705	0.46517304	0.048602942	0.4545469	0.43805447	0.22160096	0.068973444	0.37505695	0.64134586	-0.32774508	0.6014829	-1.0939317	-0.006936984	-0.5378057	-0.00881762	-0.0106527135	-0.7610655	0.17721353	0.003267457	-0.9257637	-0.7294131	0.9572056	0.6296051	-0.46761286	-0.34089285	0.9307467	-0.15091692	-0.2447841	-0.68857795	0.8659537	0.8395466	-0.115674414	-0.40008572	-0.08422611	-0.47925222	-0.3152973	0.11911214	-0.29059914	-0.002789174	0.12134379	-0.59878194	0.09460039	-0.9972644	0.36944285	-0.23957932	-0.66381496	0.3493541	-0.7174551	-0.62466586	0.13555653	0.2981126	-0.42429802	-0.26457474	-0.09315007	0.39877474	-0.044736404	0.35459656	0.29315996	-0.5114334	-0.36398274	-0.5883579	0.067551665	-0.57378197	-0.33666316	-0.43923587	1.2178101e-05	-0.47558576	-1.0950255	-0.0027477862	-0.1899329	0.24632649	0.12454033	0.45573828	0.84243184	0.29415706	-0.9598955	0.6674385	0.57603335	-0.44352698	0.37962526	-0.3205223	-0.8485397	0.04689945	0.1450683	0.31798708	-0.5038019	1.5670997	0.032053407	-0.9229326	0.15496689	-0.4117878	0.3911465	0.13712452	0.55686486	0.51559526	0.17032497	-0.4974874	0.5106967	0.75179976	-0.3832402	-0.106957	0.16677716
-0.5959526	-0.025108682	0.45926842	0.048387155	0.6385609	0.00013338734	-0.5624558	-0.37365428	0.29223132	0.91554517	0.19181979	0.07330881	0.89673257	0.24661107	-0.086291716	0.7437815	0.10270315	-0.078050084	-0.649083	0.13580664	0.5584338	-0.2743664	-0.69948447	0.34296888	-0.39099947	0.9228527	-0.26367444	-0.6664049	0.14485693	0.15770733	0.17248198	-0.010634095	0.05814045	0.67248935	0.06314711	0.577108	0.44197085	-0.78192484	-0.617777	0.8008566	0.18230419	0.4816798	-1.1777722	-0.72692585	0.21298553	0.9525509	0.17649004	0.8641311	0.086827874	0.32738662	0.2333653	-0.49243048	-0.53635657	-0.018988673	-0.6097705	-0.18455686	-1.1184562	0.27531475	0.07714448	0.3695821	-0.36110434	0.12928593	-0.4775009	0.63085604	-0.5037583	-0.20151925	-0.5049212	0.27346674	0.47982547	0.75027674	-0.72451127	-0.5143501	0.33758068	0.41205588	-0.49971244	0.055068858	-0.79179287	0.118572354	0.18978015	0.56671125	0.46801153	0.10174699	0.06990311	0.8289083	-0.06572379	-0.032242917	0.56788224	0.74263906	0.041330535	-0.81866205	-0.10928442	0.0932742	-0.07959566	0.39670253	-0.03600382	-0.42450434	-0.3562437	-0.063482605	1.1054	0.078532785	0.5063532	0.08359972	0.146863	0.48404443	-0.09504159	-0.27352312	-0.31838587	-0.35552606	0.32688665	-0.4537989	-0.71660984	-0.08662507	-0.067564584	-0.22716363	0.4571899	-0.16618676	-0.1656989	-0.41965413	-0.3357019	1.2625792	-0.49185085	-0.0013628086	0.04219635	0.093243025	0.49266413	-0.15882295	-0.10746843	0.55191946	0.13560285	-0.50555235	-0.3546586	-0.3874876	0.44364682	-0.14912932	0.30690536	0.2620534	-0.106369115	-0.6453364	-0.035263766	0.12534831	-0.08445547	-0.401886	0.74017864	-0.20695543	-0.07144722	0.39036155	0.3488212	-0.031013712	0.6966765	-0.6105117
0.73429775	-0.62295026	0.3667809	0.5057896	-0.5993956	-0.3946429	-0.12455748	-0.8429006	-0.8057737	0.71009225	-0.13864523	0.05062951	-0.018132757	0.45484048	-0.94216454	-0.7302584	-0.34911215	-0.46479908	-0.238449	0.8989243	-0.03613643	-0.18885525	0.4930807	0.5355455	0.16215968	0.59579045	-0.50048244	0.040582966	0.04061837	0.23526134	0.29148933	0.2741027	-0.044654086	-0.0234619	-0.5579411	-0.14462723	-0.198162	-0.9101418	-0.09504518	0.15277727	-1.040653	-0.88579094	0.3461697	0.21823882	-0.3996388	-0.82017195	-0.21068656	0.6295784	-0.30624196	0.13504937	-0.2858911	-1.2770586	-0.43963516	0.08039852	-0.19861665	-0.026273157	0.7707945	0.046140667	-0.17258981	0.38396353	-0.20569672	-0.4573804	0.14143717	-0.48068148	-0.51812744	0.3527925	0.033404622	0.7674942	-0.50161386	0.18239896	-0.949111	0.27659124	-0.18259238	-0.40291917	0.2412671	-0.56701076	-0.61603165	-0.45410705	0.17575167	-0.14783706	-0.41500536	0.5205953	0.32780105	0.28122035	0.46579456	-0.37388578	0.2424025	0.05486587	0.17786704	-0.574092	0.14961769	-0.45856196	0.105902806	-0.36542445	0.87765336	-0.38030756	-0.41050342	-0.2942421	0.3070832	-0.9143719	-0.15567966	-0.25512582	0.10584527	-0.17008223	-1.1912905	0.32909396	0.0069768974	0.9668767	-0.29170945	0.24956685	0.29760507	0.7221734	0.4494202	0.0066479137	0.365721	-0.7439763	-0.38707048	0.02787745	-0.72473747	-0.007734016	1.2643732	-0.27020118	0.35149738	0.0375132	-0.3303003	-1.083625	0.28514865	-0.06154805	0.21945934	-0.40066755	0.12775397	0.21820511	-0.098282695	-0.3889166	-0.7110862	0.4794369	0.11478538	0.2714825	-0.67151207	0.6061056	-0.11941934	-0.48660958	0.40748268	-0.27431554	0.09415405	0.119098805	-0.15157378	0.06455438	-0.45889854	-1.1652303
-0.37396872	-0.9938621	0.5324776	0.32475016	-0.3255246	-0.21535027	0.0044448916	0.17951576	0.28972656	0.8607739	0.05292572	-0.19678062	0.57495475	-0.4408268	0.33586124	-0.32655644	-0.6435156	0.018938558	0.3203005	0.025815958	0.53872883	1.3852305	0.34904575	-0.34287477	0.12542617	-0.5002455	-0.12351167	-0.42810732	0.37237796	-0.28022975	-0.049999263	0.2535757	-1.0123591	-0.217875	0.5848054	0.09846671	-0.1070666	-0.061872732	-0.04303928	-0.21181239	-0.22994703	0.3529898	-0.22601405	0.11286564	0.6795151	0.16065438	-0.64551663	-0.32881007	-0.33318987	0.13282128	-0.30195093	-0.6527006	-0.15487319	-0.16282476	-0.18200475	0.0986935	-0.3058917	0.026328657	1.0839106	0.12067471	-0.1586043	0.67013484	-0.1345455	0.3548121	-1.3386246	-0.34058425	0.50378704	-0.4913383	-0.085695066	0.17056744	-0.4992959	0.78815156	-0.021059245	0.8568383	0.19160086	-0.54430753	-0.3486512	-0.41680557	0.030592596	0.2796842	0.3673671	-1.0355313	0.49277216	0.76521105	-0.01652042	-0.1314547	0.9150852	-0.38729784	0.60776913	-1.0613277	0.3925038	0.8796664	0.37272003	-1.1440588	0.6125263	-0.44440192	-0.060635548	-0.5745577	0.37923524	-0.4498701	-0.29515556	0.37337446	-0.769122	0.46900338	-0.32119036	0.014018299	-0.83437806	-0.40645322	0.1855898	-0.50629354	-0.24275362	0.23468563	-0.1326019	0.09765573	-0.22285797	0.49601516	-0.3171001	-0.33684582	-1.1372812	-0.011312279	0.58583075	-0.051284976	0.110667475	-1.1027647	-0.10765219	-0.32799485	0.26644865	0.5062171	0.9460706	-0.2703665	0.078456804	0.8410069	-0.24109867	0.8257822	0.61022127	1.5250242	-0.3141042	-0.2146354	0.26437715	0.026707387	-0.063936196	0.012850488	0.5629241	0.08440331	-0.046081997	-0.5943518	-0.084832	0.055293936	0.21055256	-0.98155594
-0.028841713	-0.79384613	0.76404274	-0.56000286	-0.04171382	0.5603687	-0.21330947	-0.36640394	-0.7165246	0.42242923	-0.09470913	-0.6216797	-0.028795226	0.5625944	-0.27323636	0.60938776	-0.58613735	0.3086292	-0.12722011	-0.15243693	-0.437178	0.11719842	0.47668982	0.24214864	0.9072588	0.5116433	-0.07153894	0.4859511	-0.6576737	0.5161277	-0.16146138	0.5778768	0.0075527667	-0.51540124	0.19083339	0.18776068	0.6360587	1.1039249	-0.21683155	-0.50354123	-0.30907428	0.33401272	0.085712984	0.18380353	-0.23216455	0.8043977	-0.036637615	-0.28013897	-0.43507117	-0.38198572	-0.18826267	0.16428731	-0.22618026	-0.55087143	0.64731544	-0.09176083	0.13424443	0.039112754	0.10847737	0.78476185	-0.2583794	0.43950874	1.1787835	0.08428302	-0.15316427	-0.8193604	0.38744694	-0.12421063	0.23739932	0.31583115	-0.5403098	-0.94248945	-0.25919044	0.17463104	-0.20022176	-0.67419	0.06483405	-0.45740926	0.26206553	-1.130769	-0.121036544	0.3108424	-0.3661158	0.75215685	-0.09357741	-0.080322556	0.77599937	-0.5333455	0.13222408	-0.98100984	-1.0000634	1.0042585	1.3225287	-0.36878774	0.89319825	-1.1091963	0.6192591	1.1495308	-0.50242794	0.38400117	1.318283	-0.05186608	-0.22205707	-0.65462476	0.017719992	-0.608765	-0.18465248	-0.064517714	-0.31787944	0.43830296	0.9598238	-0.39145166	-0.864091	0.2623753	-0.396832	0.64864254	-0.20433578	0.13983974	-0.40070468	0.022087853	0.43394324	0.24889894	0.25324082	-0.9437591	-0.70939237	0.69258636	-0.97629577	-0.115746245	0.898488	0.31311512	-1.1534327	0.2975088	-0.11775918	0.6573358	-0.44896016	-0.08507306	0.012578514	-1.2632278	-0.572977	-0.45648396	-0.08905214	0.16729102	1.1417636	0.22894819	0.3988121	0.87398535	-0.61217594	-0.49514386	0.26870763	-1.0467204
0.8584921	0.14751507	0.07358158	0.017144417	-0.3939246	0.18144254	0.043974835	-0.12539737	-1.4113283	-0.7425396	-0.16226867	-0.2890631	-0.07408019	-0.1251217	0.4111827	-0.20702712	0.082016826	-0.240908	0.43393347	-0.6334449	0.34076536	1.0339386	-0.6270516	-0.20137529	1.1187073	0.034630246	-0.50362664	0.5442149	-0.008074408	0.21929336	0.093874305	0.19276203	0.3083938	-0.04407769	-0.78566974	-0.9151683	-0.27488953	-0.3286341	0.010862339	0.12624408	-0.74725145	0.20710683	-0.19140899	-0.5286827	-0.27368668	-0.46303907	-0.3435273	0.9712398	-0.5548193	0.26517582	-0.70947886	-1.0405502	0.23171562	1.0330188	0.09615975	-1.1060808	0.07035814	0.71526116	-0.29237288	0.08664086	-0.45109266	-0.1752324	0.010998995	0.4751155	-0.44748256	0.2583932	-0.2017386	0.044190995	0.07658681	0.19245185	0.054456677	-0.16745871	-0.3492483	-0.34334463	-0.6926874	0.97897303	0.026304921	0.66775274	-0.5770827	-1.5338964	0.36412168	-0.35078922	-0.6548032	-0.14958324	-0.3846531	0.04622371	-0.78238285	-0.7097895	-0.20506726	-0.49080706	-0.043962102	-0.3361774	0.751043	-0.18904276	-0.1508185	-0.4421566	-0.37457305	0.8279337	0.7805147	-0.8148969	0.10870761	-0.20493776	-0.012407044	-0.09282126	-0.4032276	0.4032246	0.19911589	0.18044229	-0.13869603	-0.46713	0.16383106	0.17433825	-0.4186617	-0.6313211	0.26543093	0.45789427	-0.26532447	-0.6607633	0.1820261	0.39761597	0.65299684	0.030785386	-1.0844144	0.12877803	-0.76038665	-0.15918024	-1.0084661	0.7021592	0.14964332	-0.41516107	1.0550221	0.17511737	-0.19300489	0.53383875	0.09483882	0.40285113	0.38987485	0.20730776	-0.3444497	0.92262125	0.9318175	0.63403666	0.5584963	0.31821045	-0.83242166	0.011764328	-0.73316133	-0.6037233	0.15580745	-0.5597153
-0.25187927	0.012403259	-0.118257426	0.013001464	0.18027495	0.6761665	0.8738356	0.30175537	0.35607082	0.547344	0.97437567	-0.19745663	0.22716169	-0.52393687	-0.13679282	0.58333343	0.7791276	0.29124987	0.43627697	-0.4216442	-0.7683207	0.47449315	-1.0077217	-0.9700164	0.11859141	1.1608504	-0.36444178	-0.12087669	-0.051040985	-0.6950702	0.38149202	-0.5097898	-0.16846469	0.13855107	0.8849092	0.042943727	0.5174528	-0.6817923	-0.29683113	0.0007795029	0.21455172	0.42266852	0.032011878	-0.32488737	-0.48807767	0.71973556	0.4006731	0.34631708	-0.43768027	-0.43039954	0.1978793	-0.41804475	-0.745921	0.1400444	0.35276374	-0.47611082	0.485038	0.29766256	-0.16888148	-0.04794664	-0.03532204	-0.67795736	0.26392674	0.30452546	0.3104168	0.36626348	0.1875244	0.3924165	-0.33011556	-0.11570974	0.17881893	-0.12048165	-0.078730695	0.8909248	1.0200527	-0.34131265	0.0006486657	-0.16538292	0.7065562	-0.30094308	0.43802062	0.043315515	-0.046181966	0.52368087	0.1486248	-0.9616255	0.48261124	0.64888006	0.04313685	0.46339756	-0.8012591	0.053570174	0.85193264	-0.87429625	0.33331412	-0.12417847	-0.09596541	0.60371196	0.5927998	-0.7128533	0.43516362	-0.6307294	0.6259675	-0.17648375	-0.1825157	-0.16701323	0.17798358	0.32341912	-0.072700076	0.25233462	0.16268858	-0.40804705	-0.4353363	0.2273202	0.34806263	-0.5212613	0.034276314	-0.079746835	-0.46099406	-0.46629456	0.4209348	0.1328707	-0.5422633	-1.2653773	-0.022112606	0.11142951	0.6212021	0.50838757	-0.11119	-0.56214845	0.09512862	0.40438476	0.7571642	0.30808172	-0.73023206	-0.05924586	-0.23822133	-0.017109443	-0.10385117	0.14736854	0.7615215	-0.1933745	0.1406882	-0.110656664	0.55176914	0.18979593	0.16075657	0.25592005	0.10443512	-0.037139624
-0.05178986	-0.20344475	1.0216585	-0.47098634	-0.089974046	-0.0012556447	0.8482774	0.7071923	-0.51307756	0.07600748	-0.6514023	0.71943194	-0.277666	0.2049353	-0.08408063	0.465377	0.5738967	0.023855565	0.6736187	-0.45465592	0.014133268	0.00018109039	-0.95989	0.04514885	0.6702745	0.6643556	-0.42920685	0.3336116	0.824177	-0.7068943	-0.4033041	0.095032394	0.30049378	-0.07027486	-0.63883054	-0.4643242	0.8458767	-0.928298	0.24653906	0.06579454	-0.1538896	-0.31375474	0.32379505	-1.2739093	0.94046324	0.118932195	-0.6241517	-0.6094109	-0.4134368	0.28474423	-0.9364049	-1.1634511	-0.53963375	0.7566899	0.118577644	-0.55425876	0.24940833	0.21248722	-1.0408753	-0.6741786	0.15475495	-0.49589542	0.46182257	0.55925494	-0.74194413	-1.412314	-0.2788689	-0.5180818	0.8139082	0.21473001	-0.5669069	0.06833165	-0.40439835	-0.55503523	-0.28012538	0.15574919	0.7049001	-0.15679128	-0.6966731	-1.0978485	0.26717103	0.0017009288	-0.29120132	0.38477218	-0.15832989	-0.5075304	1.0400163	-0.40588343	-0.21456756	-0.242456	0.013328147	0.21339537	0.47115856	-0.61328375	-0.06278825	-0.2971203	0.69249004	-0.1640983	-0.048623715	-1.0147344	-0.49199867	0.072580904	0.49283713	-0.9752231	-0.21400088	0.061668623	0.5162783	-0.5697669	-0.7261631	0.25970206	-0.75714546	-0.030850112	0.5623209	0.07409223	-0.46428874	-0.61757517	-0.6678246	-0.16017169	-0.6286271	0.2936819	0.2599546	-0.100899845	-0.98260194	-0.6096482	0.009788459	-0.6700436	-0.10385427	0.016575156	-0.27378082	-0.261098	-0.8593871	0.32150444	-0.15665057	-0.119411826	0.88541347	-0.98655486	-0.33431527	0.6890642	0.30916741	0.5975783	1.142676	0.69047064	0.38769978	0.2575301	0.36421376	0.84895504	-0.39490405	-0.6181033	0.20941699	-0.14947283
1.1729059	-0.093884975	-0.14214686	0.024238313	0.5124387	0.01827264	0.34507847	0.10575024	-0.83336985	0.3194988	-0.24467836	-0.56540364	-0.064523704	0.45476547	-0.44234037	-0.46694773	0.023488516	0.10496707	0.33150575	0.01438084	-0.46645024	0.26238728	0.12120294	0.16110629	0.24787793	-0.068510205	0.09475737	-0.124609135	-0.14274615	0.1637957	-0.4427383	-0.09025165	-0.8017971	-0.004391067	0.5868476	-0.27192274	0.08711794	-0.2592814	-0.09949745	0.18719079	-1.1089121	0.25038952	0.29748657	-0.1767083	-0.16871285	0.19216022	0.5118436	0.97396666	-0.29893064	-0.3779791	0.012186785	-0.40443474	0.12903899	0.025656143	-0.07843647	-0.15746376	-0.3375075	-0.31865528	-0.04314799	0.4973768	0.15233797	0.3383317	-0.25794116	-0.12638648	-1.0059769	-0.24644317	0.5189544	0.34178868	0.083897606	-0.2624756	-1.051733	-1.3109455	-0.22167554	0.58738256	-0.30402386	0.541948	1.0730445	1.5515294	-0.16284667	-0.1984563	0.062402662	-0.77221453	0.4075509	1.1155936	0.7638941	0.27902433	-0.39799678	0.44620594	-0.106654555	-0.67900705	-0.66272384	0.09041502	-0.28302145	0.47465435	0.1468543	0.45472068	-0.08431018	0.93884027	-0.1544304	0.66446316	-0.17341647	0.3351917	-0.38774619	0.5761815	0.017952105	0.19168301	-0.13193426	-0.064745635	0.049355	0.7895788	-0.8412375	1.2525585	-0.034022063	0.6074406	-0.004934846	-0.89806294	-0.4693733	-0.5294882	0.37770456	0.4846374	0.15918049	0.37215155	0.5529691	0.025102338	0.6935815	-0.3508087	0.24752685	0.45961404	-0.21587627	-1.2939256	-0.8827073	0.98035747	0.40120816	0.2740692	-0.8747774	0.3005369	0.059682794	0.7685499	-0.33572146	0.3504888	0.043286465	1.1079407	0.1392352	-0.41198966	-0.06537246	1.1075406	-0.04216466	-0.070700444	0.2176724	-0.2877697
-0.9948598	0.25128683	0.20993744	0.092124335	-0.38721925	-0.63520646	0.37813225	-0.055648994	-0.57909185	-0.42902365	-0.58758384	0.56561667	-0.29238987	0.07044635	-0.18726982	-0.10252981	0.13620576	0.67354256	0.4001284	0.5698223	-0.48855948	0.766057	1.0433143	-0.13421851	1.1818784	0.7981257	-1.3875223	0.44811788	0.27384567	-0.01080988	0.5595629	0.122655064	-1.1482402	-0.5403185	-0.24162984	-0.37214214	0.21283959	-0.057491288	0.49766895	0.9446452	-0.37512663	1.2227415	0.5124641	-0.09627843	0.05192424	0.55579543	0.036109608	0.304977	0.0022593648	0.47043508	-1.0187682	-0.0842569	-0.63792354	-0.086758874	0.24072969	0.14404897	-0.6359037	0.29661548	0.25394368	0.8784957	-0.5004062	0.27533713	0.7492064	0.4305363	-0.42058277	0.23610702	0.37045178	-0.71623135	-0.028010018	-0.43441767	0.11290141	-1.2989392	0.23283982	-0.44044542	-0.30041885	-0.17892605	-0.20684811	1.1749595	-0.7779536	0.50328785	-0.14917861	0.56972736	-0.48689273	0.28070012	0.66404146	-0.7915862	0.5646235	-1.0734502	0.13382946	-0.5118981	0.029839296	0.05049338	-0.17115381	-0.3511002	-0.6914453	-0.18362519	0.061043013	-0.57650197	-0.4507945	-0.061233535	-0.26523927	0.10790283	0.084613994	-0.2390197	-0.029595366	0.87318546	-0.80269146	0.55047005	-0.11049165	-0.232305	-0.018579155	0.40854603	-0.35938603	-0.34632137	0.4728088	-0.84181404	0.8781466	-0.5413157	-0.71326864	-0.8662246	-0.20553617	-0.21398525	-1.4314439	-0.84371287	0.30834728	0.69041425	0.33949494	-0.1399315	0.02327548	-1.5118096	0.75220376	0.12261969	-0.3486075	-0.015884176	-0.35698766	-0.2312842	1.4558189	-0.21328004	0.4070703	-0.4432892	0.60626733	-0.09491101	-0.09721441	0.15874399	-0.48690504	0.8074861	0.31258145	-0.5237387	0.21261859	0.3730331
-0.31412503	-0.21519212	-0.49016804	-0.9819961	0.7041329	0.12887223	-0.33161435	-0.3514839	-0.023740234	0.13826849	-0.22115004	0.46622372	-0.4597039	-0.55984104	0.14995876	0.5852694	0.43093643	-0.9077019	-1.0151696	0.3733666	-0.57057804	0.23611857	-0.25384018	-0.27119443	1.2554755	0.89269114	-0.43412632	-0.42595395	-0.39168358	0.4827159	-0.021038681	-0.3919417	-0.059514157	0.42867437	-0.05001208	0.2274171	0.4317495	-1.3409911	0.363947	0.4569002	-0.220654	0.26583937	-0.4884264	-0.43283346	0.3798517	-0.10846842	1.0706767	-0.29170036	-0.12464464	0.27389723	0.0024990048	0.29258272	0.4508675	0.11824923	-0.3789384	0.7585395	0.046587396	-0.24827075	-0.8166519	0.32732818	0.017461699	0.0061571687	-0.08508927	0.15536317	-0.1534079	-0.15964001	-0.03506573	0.27578232	-0.7077565	0.23450568	-0.22120054	-0.6217363	-0.26035717	-0.30568853	-0.58497375	0.72470486	-0.41607648	0.048678063	-0.6228013	-0.4166971	-0.11679145	-0.22533107	0.8314065	-0.4906999	0.057351116	-0.33521768	-0.73289293	-0.08278389	-0.15069199	-0.43774876	-0.46576813	0.4777296	-0.0073488257	-0.823071	-0.018668897	-0.04819732	-0.99357307	0.6053701	0.025168257	-0.5058332	0.26538938	-0.7182777	0.105030075	0.06620839	-0.36602688	-0.4784397	1.1132063	-0.13756964	0.4592946	0.4868127	-0.4741586	0.7929206	0.4643184	0.26319447	0.37410787	-0.6352933	0.08412228	0.17029619	0.24050008	-0.4227314	0.31923932	-0.26400608	0.33156016	-0.24199502	-0.21570271	-0.064497605	-0.32860282	0.583536	0.09613049	-0.42762047	0.7076468	0.052546833	-0.18000287	-0.25699785	0.14042467	-0.20325436	0.81536096	0.30759785	0.4828052	0.026808409	-0.31063676	-0.6059645	0.39284137	0.14821716	-0.2609262	-0.2759216	0.25793505	0.28165996	0.50109273	-0.7573244
-0.16451797	-0.2666051	0.049765278	-0.21002926	0.46008548	-0.31902194	0.3588813	0.1360617	0.019314341	-0.6272592	-0.033036206	-0.7094822	0.6472597	0.38514107	0.39341977	-0.8482161	0.33171102	-0.25703984	-0.32959867	-0.9775417	0.3409717	0.617597	0.03623686	-0.4105025	0.17679125	0.6435175	-0.9486463	0.34625027	-0.035235945	0.19311428	0.16902326	0.7176785	-0.020256007	-0.2729616	-0.27373746	0.2222793	-0.21782121	-0.8334986	0.29740328	0.3487373	-0.17633113	0.6784938	-0.64125353	0.6491011	-1.1106955	1.1295049	0.6435199	0.873574	-0.120375454	0.1945295	-0.5869104	-0.23547992	0.113342375	0.26580262	-0.6721047	0.074179955	0.5499408	0.25973728	0.35144702	-0.1927324	-0.69158393	0.26703697	0.410845	0.056225568	-0.08436494	0.017049428	0.3132723	-0.18097405	-0.36102983	0.53227353	0.4036086	0.45374373	0.40611756	0.3581966	0.26683104	0.2897351	0.3748913	0.14800213	-0.29934543	-0.7217927	0.59151226	-0.90890765	-0.058208276	0.4915196	0.7946708	-0.61091214	0.19342723	-0.76738304	0.25416064	-0.009720674	-0.33890083	1.180762	-0.665383	-0.6641638	-0.024392823	-0.087579824	-0.11366257	-0.32570848	0.098871775	-0.24847214	0.25717875	-0.78847444	-0.27520916	-0.428572	0.48000184	-0.17287661	0.48976412	-0.4645423	0.9840029	0.11183614	-0.6770623	-0.62462664	0.37176177	0.046943787	0.005300326	-0.52151966	-0.28713706	0.14078626	-0.41181645	0.13543922	0.38599426	0.08699194	0.57793206	-0.4641406	-0.05299563	0.37926736	0.2002341	-0.48996982	-0.48360536	-0.2037269	0.12163838	0.58575577	-1.0427436	-0.7273729	0.4103631	0.6629549	0.82543635	-0.59360856	-0.4229808	-0.037554964	0.292378	0.26632977	0.63215524	0.121875994	0.20797552	0.7432839	-0.13849005	-0.3836473	0.2174651	-0.9606017
0.083354004	-0.39037913	0.33754608	-0.8342769	0.32467598	0.1403477	-0.28254682	0.18646619	-0.65650374	0.10987567	-0.30813664	-0.86085653	0.6241739	0.008730916	-0.8225597	-0.48022527	0.9941935	0.11836856	-0.8139976	-0.5523491	0.036074057	0.7956704	0.49984688	-0.37828803	0.60295767	0.6981614	-1.20909	-0.13565236	-0.70729697	-0.12545274	0.10652678	0.2448134	-0.013279524	0.42129785	-0.3068448	0.19104916	-0.09362089	-0.7166567	0.25951716	0.010493498	0.5151161	0.2537861	0.21584836	-0.19974273	0.50560504	-0.033192765	0.54721427	0.7670186	-0.10585086	0.089206435	0.052042827	-0.11346227	-0.1609277	0.46734384	0.5630226	0.12836447	-0.7329636	0.5165373	0.49117172	0.5683947	-0.30857676	-0.31881326	-0.31209227	0.14318132	-0.42635214	-0.25141588	0.44820556	-0.52240264	-0.12568007	-0.62852615	0.15482147	-0.3623942	0.21343982	0.49509278	0.22014779	-0.18255669	-0.35555935	0.37696698	0.46798095	-0.97898096	0.29226202	-0.09000695	0.44045708	0.8682749	0.2420306	-0.31657133	-0.08341236	-0.004591126	-0.35251302	0.25067112	0.45024532	0.2382291	-0.520516	-0.32910386	0.94940245	-0.124443494	0.10249028	-0.81059533	0.9590306	0.5749547	-0.030583182	-0.2459661	1.0046333	0.54589766	-0.46452338	0.2674232	-0.03384302	0.11342555	-0.5781535	-0.4676384	-0.3374698	0.4523952	-0.39643055	-0.30858478	0.5678926	-0.4734091	0.2890604	-0.7201574	0.58273184	-0.55914026	0.5534753	-0.7303633	-0.33154592	-0.008331181	-0.75321627	-0.34139693	-1.2407887	-0.69644594	0.19568424	0.41190583	-0.32228574	-0.66003036	0.7689999	0.07009156	-0.32074013	0.33926994	-0.66019464	-0.117345974	0.013386852	0.05690821	0.85584354	-0.23961124	0.63321066	0.1432223	-0.45223588	0.33025384	-0.5007724	1.3843068	-0.008133447	0.1159431
-0.49668145	-0.58663714	-0.48092738	-0.36979845	-0.6300604	0.6704292	0.22216156	-0.2938485	-1.353083	0.20789798	0.0019461054	0.46551657	0.0076585454	-0.26704165	0.30681103	-0.6282	-0.18906339	-0.21604286	0.41414797	0.2776289	-0.6494931	0.66757214	0.13050893	0.3419723	-0.9674261	0.058245543	-0.63719535	-0.40756005	0.16071023	-0.74703336	-0.46843803	-1.0686375	-0.63988185	0.6452412	0.37897533	-0.0040398194	0.29109237	-0.84686685	-0.10570343	-0.35829517	-0.4724925	0.36307317	-0.057550922	-0.33170167	0.45885056	-0.026219333	-0.28070596	0.75330925	0.0780192	-1.2805377	-0.04161181	-0.9295307	0.6259017	0.15938252	0.47078496	0.11241019	0.6054629	1.3023624	-0.2971263	0.009228197	-0.18008026	0.05217496	-0.32827765	0.9464283	0.02121635	-0.42586312	0.61495346	0.024851168	1.006388	-0.18372832	-0.65169376	0.38185424	0.11724218	1.2395269	-0.13744786	-0.37460378	0.40916443	0.74597794	0.18967111	0.19778757	-1.024949	-0.35706788	-0.35372826	-0.3243524	-0.24689959	-0.9141941	-0.11001813	-0.40037116	0.16416752	0.13471727	-1.0246161	-0.018037524	-0.031076292	-0.43575242	-0.48293954	-0.750383	0.27318078	-0.28334677	0.31841698	-0.13867258	-0.31469652	-0.119532935	0.12684904	-0.16679941	-0.27531022	0.0912889	-0.3202965	0.17224447	-0.2526631	0.843156	-0.6593278	-0.53636664	0.0680576	0.6726572	-0.055243086	-0.5071494	-0.046569746	-0.4352576	-0.67627215	-0.8748964	-0.2661775	0.21269009	0.47283408	-0.8873726	-1.3538094	-0.16547027	0.0061876765	-0.6443062	0.94214493	-0.0669196	-0.2779264	0.84776443	0.21265619	-0.83670145	-0.63484174	0.5612789	0.18807893	-0.29225758	-0.62923366	-0.19834358	0.025272572	0.17961548	0.1713568	0.24305905	0.0712386	0.28450644	-0.3339557	0.6643178	0.29693595	-0.5970576
0.36803806	-0.6503635	0.76737976	0.1319175	-0.1780437	0.052541047	0.2475792	-0.065834634	0.042021517	-0.6837175	-0.88969976	0.4859504	-0.75685555	-0.5451474	-0.35387757	0.16555423	0.3814912	-0.15368575	-0.57528734	-0.20357487	0.17865627	0.5451952	0.05829198	0.7068967	0.7313702	0.9298707	0.09487937	0.020042107	1.5086972	0.40152875	-0.25388157	-0.22586152	-0.33374274	1.1790497	0.64129263	0.44447297	-0.2622038	-0.70199054	-0.40985274	0.0039808424	1.1629206	0.3690058	-0.19735628	-0.14940086	0.29249084	0.7122141	0.43723208	1.3692036	-0.6956564	-0.35463113	0.0596295	-0.71189004	-0.85299754	0.84098744	0.06589134	-0.79363424	0.5794964	0.25884962	0.7546309	0.11644103	-0.14324625	-0.5833416	-0.36148039	-0.39925262	-0.10728257	-0.24177429	0.4914353	0.032901816	-0.6087394	0.44620198	0.062729925	0.2903673	-0.505495	0.43901595	-0.37481502	-0.6170644	0.5040253	0.12675837	0.094367534	0.06588526	-0.41656175	-0.061601818	-0.19221127	0.15041278	0.18059579	-0.47880417	-0.46436006	-0.37656346	0.115512274	-0.15308696	-0.20670402	-0.1449866	-0.21072513	-0.47222194	-0.2432296	-0.07109891	0.3743902	-0.120195985	-0.08138409	-0.11677058	0.40748855	0.057405572	-0.042499952	0.0023420025	0.132647	0.27154046	-0.23484492	0.52775455	0.5845533	0.22758958	-0.6067349	0.16696753	0.2312265	1.1325518	0.52479935	-0.043917485	0.09569378	0.29212952	0.27128914	0.7268765	0.4469853	-0.1080025	-1.1806477	-0.44663432	0.24961324	0.26181337	-0.47191203	-0.3279914	-0.3469276	-0.21920799	-0.64646995	-0.6789765	-0.20702597	-0.29728067	0.073823996	0.261249	0.46710664	-0.62815666	0.3828991	0.022822836	0.14611375	0.54360336	0.260778	-0.013394564	0.3049131	-0.008463754	-0.6121742	0.19466394	0.643388	0.075482175
-0.07879164	-1.0047432	0.24934356	-0.25850868	-0.50831884	0.4356726	0.06457099	-0.341772	-0.6726932	0.07871993	0.4050813	-0.33522654	-0.19328125	0.82970953	0.52880466	0.520729	-0.7646256	0.062000528	0.55640835	0.4144762	-0.4709297	0.3091182	0.43839613	0.72572047	0.33236	0.38169807	-1.142028	-0.3884223	0.060298238	0.17086397	-0.042100295	-0.21890587	-0.20915022	-0.06754097	0.61113274	0.23760952	-1.011748	-0.54468924	-0.9298917	0.72810584	-0.740099	0.93995667	-0.3671391	-0.64303154	0.5947843	0.2985869	0.22713585	0.40303224	-0.100749895	-0.59909785	-0.44135427	-0.1475102	0.42653003	0.05715185	-0.06416051	1.0982544	-0.6377545	-0.15822825	0.020075612	-0.5887692	-0.3256289	0.69541705	-0.43001124	1.2162851	-0.7975765	-0.28846756	0.35692057	-0.1204237	0.9414425	-0.27602726	-0.02517942	0.46244937	-0.1498537	1.1323935	-0.47128704	-0.31577304	-0.038051195	0.11031839	0.90048164	-0.31273904	0.05662427	-0.6164987	0.80452466	0.81197566	0.80569136	-0.3184097	-0.21225905	0.38301167	-0.2782317	-0.13818908	0.06042161	0.39201546	0.040555973	-0.5169351	-0.19963062	-0.11144854	-0.95944154	0.3565911	0.2293938	-0.14078502	-0.60622936	-0.20450509	-0.39427727	-0.603819	0.55966413	-0.046937786	-0.48667637	0.1498644	0.77419716	-0.3588371	-0.7713906	-0.100223094	-0.27086833	0.30520698	-0.23704503	-0.4767905	0.05398359	-0.7126104	-0.122072026	0.3817442	0.05010937	0.5840441	-0.21725568	-0.119977996	0.6437862	-1.0613817	-0.3230477	-0.755438	0.33320868	0.16249649	0.18807754	-0.31496584	0.12951681	0.66695476	1.2854565	-0.5778993	-0.4893497	-0.2567208	-0.37520882	1.3287008	0.82593	0.042826455	0.95484185	-0.41027978	0.6544616	-0.09978966	0.561166	-0.16951902	0.07054911	-0.6151979
0.2674832	1.057808	1.1907648	-0.1543366	-0.32026848	0.61696625	0.28368762	-0.12978	-0.3489446	0.49540544	0.25072387	-0.30922613	0.27764046	-0.9766582	0.216794	0.14971063	0.24066393	1.1111748	-0.19933246	0.74956477	0.20784165	0.33659855	0.33114162	1.0815327	0.35711214	0.14052333	-3.809527e-05	0.15973699	-0.14647776	0.074861646	-0.21651518	0.40434527	-0.20894675	-0.1615208	-0.897114	0.5274336	0.52378786	0.037598763	0.43790063	-0.6040839	0.041222233	-0.21200533	0.75410527	-0.5899838	-0.61975455	0.6679458	-1.1639291	0.026969794	-0.40629458	0.4961131	-0.47146985	-0.14400864	-0.13137811	0.3142291	-0.1367122	0.6460117	-0.26441047	0.7483258	-0.58286035	0.53343445	0.14992993	-0.22987422	-0.60057217	0.7062162	0.006759951	0.40337598	0.6220642	-0.32211214	-0.4036321	0.084987	0.15056704	0.16867772	-0.6338838	0.8115204	0.46405753	0.52150434	-0.03969451	0.16178116	-0.0656234	0.5918209	0.9763381	-1.1190909	-0.13145292	0.32019866	-0.45356983	-0.56615424	-0.18552896	0.08401242	-0.055395097	0.4100179	-0.7025453	-0.022586219	-0.15738533	-0.54081	0.7807243	-0.41223106	0.8536983	0.14825748	0.17847118	0.326885	0.22718678	-0.23960045	-0.14998685	-0.8638192	-0.47334492	0.08677471	0.05741002	0.8912568	0.12996238	0.6105981	0.46375254	0.59520656	-0.014253118	-0.26036093	0.88310087	-0.29474628	-1.3752607	-0.28992108	-0.32056224	0.4411177	0.21660328	0.40951234	0.2760869	-0.97214586	0.90175563	-0.23085742	-0.5803473	0.8152677	0.3983119	-0.30313542	0.06807272	0.0752681	0.11958924	0.44857055	-0.21311596	0.5981552	0.26654783	-0.16265368	0.27347118	-0.2831995	0.3112486	0.40188867	-0.06426843	0.55730885	0.4883748	1.0008407	-0.48974448	-0.40668523	0.102768876	0.29215094
-0.509082	0.25550783	0.47280556	0.32446688	0.26949346	-0.6281122	0.14391935	0.34660384	0.008799245	0.27545592	-0.47171238	-0.32478952	0.29965666	0.2966459	0.3826875	0.58218324	-0.3678575	-0.060059194	-0.67338586	-0.14724591	-0.32538974	0.78510165	-0.100242026	0.4178661	0.5525382	0.43049076	-0.051149845	-0.022601994	0.34786385	-0.030642087	-0.7349524	0.14729817	0.03225259	0.0783672	0.5333247	-0.48489097	-0.124434836	-0.58910424	-0.26164615	-0.033152405	0.1830307	0.19660197	-0.37623903	-0.59952885	-0.3735732	1.3800999	-0.15000501	-0.25914463	-0.99620837	0.04059942	-0.33875048	-0.04600049	-0.56535494	0.43928322	0.3167564	-0.7277911	-0.0114382785	0.9016133	0.3174304	0.16498628	-0.22918388	-0.7689034	0.30035102	0.3650861	-0.30222037	0.95398206	1.0015274	0.70187736	0.27837095	-0.15235709	-0.2995132	1.2173631	-0.2567312	-0.3034266	-0.6589204	-0.06511563	-0.01415674	0.046760846	0.18947735	0.12557602	-0.038557965	-0.13913096	-0.832784	0.85623455	-0.31482115	-0.3675347	0.16921163	-0.32098687	0.2662578	-0.45962527	-0.22639404	-0.08350992	-0.06331414	-0.6297356	-0.55172473	-0.4884356	-0.06329459	0.80753595	0.4693069	-0.41107064	-0.23932329	0.07824355	-0.0735616	-0.15260395	0.46890476	0.43768835	0.35131335	-0.16838141	-0.01894508	-1.394409	-0.1580742	-0.22739035	-0.3630088	0.33131674	-0.10762789	0.13998114	-0.23486434	0.067130506	-0.06576644	-0.72292984	0.550381	-0.15682983	0.23820896	-0.38716778	0.36647394	-0.05235177	-0.115027845	0.08504033	-0.40093827	-0.5788442	-0.3143723	0.7799264	0.3372548	0.10313186	1.3351973	-0.18244563	-0.11881585	0.2591899	-0.5194791	0.8508778	-0.83620393	0.23343204	0.019627737	-0.03511132	0.2816575	-0.056820683	-0.07041742	-0.34851724	0.05804657	0.5969678
0.06303128	-0.09556389	-0.56537193	-0.91862315	0.8837718	0.057233147	0.22300762	0.014002387	-0.42320895	-0.13010125	0.5025312	-1.0109769	0.39429516	-0.5197154	0.408889	-0.01927375	0.25438198	-0.013485308	0.16037862	-0.024469484	0.072947614	0.562365	0.5052651	0.43735236	0.29673025	0.6809746	0.41280064	-0.17933796	-0.5730514	0.7627562	-0.3769926	0.17748307	-0.2220222	-0.65820456	0.024054283	-0.54419565	0.31171978	-0.23136808	0.34327525	0.082799576	-0.6529353	0.5598471	0.06501637	0.33512038	-0.31535918	-0.29554743	-0.17550078	0.109828934	-0.5262907	-0.7000096	0.8939035	-0.62485033	-0.75701964	0.4346695	0.20008938	0.18625984	-0.34388348	1.2649134	-0.67306167	-0.18319602	-0.7949847	0.69273967	-0.30464977	0.9150599	-0.7693546	-0.08625935	-0.36579415	0.5928679	0.6246052	-1.372115	0.299087	-0.11443827	-0.32464927	-0.4068818	-0.10470367	-0.047269	0.22533445	-0.6906338	-0.46900672	0.73626906	0.17145807	-0.2014557	-0.50368094	0.018634144	-0.25391337	-0.719119	0.117206655	-0.15922505	-0.3462735	-1.021262	-0.3645185	0.28140497	-0.42222154	0.070351705	1.0441079	-0.046526328	0.3178618	-0.28628588	-0.004485327	-0.18650913	-0.10649378	0.6939154	-0.4604828	-0.40880802	-1.2389319	-0.116011895	-0.08211296	-0.48569685	0.6933774	0.57583034	-0.11711908	-0.20673099	-0.29252425	0.588986	-0.09585463	0.20810905	0.4255125	0.64279604	-0.22840391	0.00353926	0.70823026	-0.006636974	0.05360111	-0.6079023	0.3751955	-0.7337538	-0.06682275	-0.50762254	0.10604542	-0.25653666	0.5090084	1.4312487	0.5973022	-0.03453516	0.888885	0.22964244	0.16694842	0.03562236	-0.20278199	0.90467495	0.91604936	0.24883606	0.75372106	-1.5927696	-0.83157057	0.5348615	0.39311397	-0.46795145	0.92518896	-0.97097576
-0.49662685	-0.4430072	0.44285598	0.1711222	-0.32567966	0.34260762	-0.9954522	0.5061827	0.2257201	-0.087192975	0.13910232	0.06417136	0.37817425	-0.030570224	0.3810195	-0.73478717	0.042300064	-0.0708905	0.43987453	-0.056788668	-0.4503016	0.95484006	0.4920294	0.83782417	-0.13261843	0.3531819	0.23844734	0.5170367	-0.034463096	-0.5662828	-0.08172727	0.9926691	-0.31141296	-1.0226649	-0.07126464	-0.14268157	0.44749245	-0.023557309	0.49849615	0.26048324	0.28327885	-0.012042338	-0.69584036	-0.6868331	-0.539584	0.09628396	0.0530678	0.25310388	0.14225486	0.22116888	-0.45835176	-0.2835703	0.06919783	0.14067325	0.32098144	-0.14709698	-0.0067893583	0.6947687	-0.23831783	1.1213266	-0.5609913	-0.00027696107	0.88334686	0.0037161624	-0.22681277	-0.03671957	-0.20566821	-0.57760954	0.18619043	-0.04268243	0.19359869	-0.63678145	-0.21087551	0.3440785	0.110157095	0.02087169	0.7765391	0.4920608	-0.32542634	-0.64347553	0.9147992	-0.17724612	0.74883425	0.06842503	0.5570887	-1.0409523	0.10113825	-0.057784766	0.4122148	0.25956234	-1.3195106	0.8686709	0.016809233	-0.295277	0.71347433	-0.75182813	-0.0015106939	0.44500786	0.052868374	0.4321441	0.1785285	0.31440037	-0.37660876	-0.86210465	0.24039175	0.9392154	-0.06738314	-1.0035461	-0.11367483	-0.2985912	-0.2110006	0.19477853	0.17648171	0.8265713	0.08329997	0.24321364	-0.67914337	-1.0329509	0.519635	0.087228335	1.0748385	0.6308289	-0.3069609	-0.1313942	1.0339413	-0.02022709	-0.56457347	-0.5068935	-0.8342434	-0.85534996	-0.17477979	-0.24684884	-0.49362192	-1.0284736	-0.56897295	-0.10046208	-0.14838994	-0.2873571	-0.1066364	0.12296792	0.5089069	0.08386592	0.7039692	0.46453527	-0.035048418	-0.117243335	-0.23258144	0.4077814	-0.21942705	-0.6706442
-0.22976643	-1.2986748	-1.0207314	0.061923757	-1.0362186	-0.45286947	-0.091398135	-0.69998616	-0.39246055	0.7338658	-0.75369585	0.39146826	-0.13594879	0.7689253	-0.41851148	-0.22148515	0.43420368	0.83686125	0.038584314	-0.13124931	-0.2147227	0.26553294	-0.49790034	0.7280288	0.16110057	0.61514944	0.35353824	0.0024521684	0.26689345	0.4146468	-0.2539053	-0.29583925	0.47324905	-0.22053148	-0.20976506	-0.3059118	-0.67060876	-0.49600434	-0.3873128	0.10735083	-0.027594551	-0.035187192	0.18418753	0.87995416	0.6883925	0.7226752	-0.54112005	0.7704294	0.21324004	-0.048558917	0.06638486	0.01186537	-0.9710274	-0.0074336613	0.43778208	0.1856797	0.1766279	0.13014802	-0.22319499	0.26994878	-0.069119275	0.33244842	-0.30428243	-0.12900454	-0.7160406	-0.0328668	-0.51327294	-1.1516744	-0.9043283	0.2967333	-1.0065153	-0.35742855	-0.55303746	-0.7781319	-1.2069758	0.30800423	0.52728707	-0.43596274	-0.8456383	-0.118815966	-0.14370707	0.21174647	-0.21432938	0.47562522	-0.15555887	-0.10931182	0.16326185	-0.5099855	-0.28667083	-1.1539634	-0.55149317	-0.6892696	-0.053892612	-0.9516027	1.1081038	1.0088711	-0.21452151	0.46584806	0.18978319	1.5718892	0.080081694	0.6650886	0.9872582	-0.16581076	-0.3209884	0.3897882	-0.120424666	-0.52830285	1.9219835	-1.4953128	0.98695403	-0.8251378	-1.2556499	0.24797255	0.054233182	-0.6111995	-0.15868703	-0.9841023	0.16935888	-0.8464935	-0.058894195	0.92947155	-0.05409051	-0.3496856	0.6291069	-0.43291706	1.19891	-0.29636073	0.47401488	-0.5549063	-0.6904033	1.3449601	0.97496444	-0.98690623	-0.3537992	-0.37566698	0.76796055	0.4579743	0.29032493	0.6269128	0.46768486	0.363037	1.3633871	0.8356895	0.31431243	-0.11923616	0.682871	0.9958858	-0.46623296	-0.84085774
-0.23018657	-0.028424587	-0.15240464	-0.38461396	0.1308639	-0.60944235	-0.47335494	0.46699303	-0.17041072	0.5253716	-0.2878744	0.6644366	-0.390942	-0.065692835	-0.106720775	0.07715683	-0.32533896	0.5668318	-0.41600776	0.07830554	0.1393317	0.46124962	0.34211284	-1.0002773	-0.13739662	0.864484	-0.74356705	0.027233293	-0.23608954	0.5211111	-0.17411429	0.063201986	-0.02861539	-0.59954715	-0.35542235	0.8583685	-0.25735247	-0.46232677	-0.68817866	0.11211372	-0.42793313	-0.3574183	0.03785673	-0.048290897	0.9497419	0.70124215	-0.18755415	0.0012791097	0.18914752	-0.39373088	-1.4434574	-0.51783854	-0.41819915	0.45246848	-0.97779226	0.016669292	0.38929513	0.5633139	-0.44319943	0.3522817	-0.78776795	-0.35409904	0.0708294	0.16519591	-0.48526338	0.14634663	0.0062291715	-0.2617027	0.15533702	0.71556383	-0.10764242	0.07865649	0.07520546	0.12146995	-0.24202748	0.8747206	-0.5228421	-0.54889226	-0.0634801	-0.52017796	-0.46909818	0.7742651	0.33341676	0.22622594	0.43793184	-0.42016315	-0.44670478	0.4039836	-0.67697406	0.35496292	-0.7413293	-0.16288446	-0.4856296	-0.03651772	0.062124275	0.31460986	-0.101976946	-0.04836057	1.4029963	-1.5985993	0.93507844	-0.18635584	0.2677602	-0.57563055	0.001964944	0.54956204	0.3532144	-0.0132721355	-0.17881721	0.6650276	-0.07208227	-0.23526907	0.14217365	-0.024152707	-0.95847756	0.10527467	0.47550872	-0.5941997	-0.8235171	0.2122281	0.54561156	0.07174826	-0.27058372	-0.67869085	-1.120375	0.13308434	-0.2227775	-0.09611445	0.7688047	-0.20583995	-0.48895803	-0.17551477	0.25486645	-0.72156054	-0.060151964	-0.4355851	0.72622484	0.24342318	-0.15680905	0.10105465	0.34864524	-0.2535845	0.039835148	0.03100714	-0.5353007	0.039545853	0.34027797	0.2777259	0.37929252	-0.18997627
0.30315763	-0.44395038	0.9495016	0.16720612	0.07867717	-0.10651707	-0.33583763	0.043075852	0.03394165	0.23500738	-1.1997086	0.28419515	-0.68365866	0.57439935	0.49634728	-0.56167036	-0.9057108	-0.5221391	-0.24358842	0.62962896	-0.2443343	-0.1187871	-0.3852241	0.24649253	0.40932214	0.8609777	0.5265298	0.1512696	-0.37389898	0.52778876	0.29632732	-0.5877067	0.8378121	0.1268898	0.4318919	-1.0460571	-0.46416056	-0.58815587	-0.25131616	-0.1377185	-0.43323165	-0.1840726	1.0648929	-0.3181031	-0.21475999	-0.6224563	-0.16411988	0.0070497696	-0.4861015	-0.21068552	-0.226465	-0.31165424	-0.15649691	0.29381594	-0.028289124	-0.578219	-0.36682382	0.4638199	0.4975009	0.23441958	-0.19840822	-0.32470748	-0.64487547	0.33611664	0.058531556	-0.5649517	0.18302727	0.70079225	-0.29650068	0.6748973	0.35990626	0.15244418	-0.53643245	-0.5182687	-0.053753912	-0.27403456	0.88809264	-0.0403882	-0.93368894	-0.020854218	-0.34881777	-0.46742025	-0.05933866	0.5844591	0.88674384	-0.2177478	0.42037663	-0.33197215	0.92128986	-0.6765795	0.28802317	1.3017312	-0.8809801	-0.88198733	0.38197023	0.8428803	0.5119874	-0.1416175	0.42035708	0.06369801	-0.82003325	-0.7972648	-0.738596	0.43156588	-0.5809096	0.1459458	-0.58424544	-0.46639904	0.12058838	-0.17574202	0.1306596	0.18743818	-0.3560039	-0.17583935	-0.14313349	-1.0606971	0.47419608	0.033083916	-0.4707136	-0.56387585	0.8338845	-0.35119212	0.32707644	-0.11661522	0.279439	1.4612001	1.0012707	0.30093056	-0.810748	0.012775042	0.716794	-0.50350314	0.85046077	-0.17017084	0.59159535	0.2082246	1.4087634	-0.22191659	0.38558963	1.113189	-0.31401232	-0.13428625	0.75763834	0.31930092	-0.604287	1.4666737	-0.76799005	0.37122717	0.22714217	-0.26531622
-0.074130274	-0.7239383	0.123441	0.664069	-0.22996846	0.6817166	-1.1148578	-0.041508064	-0.7918192	0.47033098	0.31017414	-0.091089636	-0.5630666	-0.8625691	0.47612363	0.5480173	-0.07652914	0.48234767	0.7303998	0.09578282	0.23809041	0.12946685	-0.17584495	-0.49598238	1.3530183	-0.17251004	-0.6219358	0.36308968	0.41318277	-0.26036716	0.17055358	-0.08516072	0.10030106	0.70089525	0.51410747	0.47919235	-0.40985596	-0.29534355	0.036649436	0.17786539	0.008037533	-0.28223333	0.031575866	0.5529729	-0.13405195	0.9529173	-0.4168777	0.01823456	-0.50330466	0.26919553	0.067693874	-0.6368425	-0.15317982	-0.38849765	-0.29946765	-0.0064382595	-0.46507698	0.1481331	-0.016242506	0.072332256	0.16736248	-0.045215234	-0.4515078	0.087121315	0.35230353	0.058169555	-0.4993175	0.17280507	0.044337396	0.63884443	-1.0160213	-0.24792221	-0.46399087	0.0669115	-0.32069927	0.05035592	0.43527544	-0.32545543	0.28460777	-0.4999336	-0.011113374	-0.42847303	-0.3344984	-0.0101092225	-0.21163607	-0.17754424	0.6026114	0.039833106	1.1825088	-0.10495525	-0.15712464	0.3140135	0.07922148	0.039491463	0.4426222	-0.52289826	-0.7850428	0.10422897	0.8309673	-0.21016908	1.0883368	-0.23645112	0.429947	-0.27732074	-0.24586694	-0.4646419	0.5137409	0.720576	0.8136387	0.6782539	-0.5921768	0.3487377	-0.08607377	0.511323	0.9171885	-0.38209116	-0.30701196	0.081695415	-0.75656784	0.067939	0.4080491	0.016108522	-0.29162353	-0.6711053	0.4863069	0.39441907	0.05618962	0.117426164	0.17113784	0.3553715	-0.20408283	0.6514317	-0.17965202	-0.623357	0.18549193	0.5867448	0.30815053	-0.44073138	0.54263234	0.1211543	1.3511119	-0.040161498	0.14837605	-0.08399497	-0.5344065	0.6147645	-0.13165633	-0.60143185	-0.29788458	0.044945013
-1.3027468	0.17855021	-0.25492275	-0.31251165	-0.023189118	-0.47396982	0.5201348	-0.43430823	-0.57071966	0.31607202	0.50799954	-0.33129162	-0.5162212	-0.08960711	0.22819671	-0.06714172	-0.028935695	-0.4228438	-0.32535622	0.5452057	0.0159242	0.93466246	0.29378527	0.3839467	-0.1083541	0.5696959	-0.19311434	-0.56080925	0.38741034	0.7140252	0.25942492	-0.7023476	-0.022460286	0.33424747	0.11803462	0.08840145	-0.007764664	-0.15057318	0.39621827	-0.34641835	0.119994216	-1.0579617	1.2641624	-0.5806885	0.41705853	0.38603643	-0.09161293	-0.057072308	-0.8692243	0.20531626	-0.23054983	-0.6975588	0.7641668	0.15450673	0.39585415	-0.05309415	-0.31630754	0.5649545	-0.050913792	-0.11140958	-0.09197052	-0.20581082	-0.74740505	0.5881404	0.08819568	-0.6941978	0.6108521	-0.39115024	-0.5254227	0.7062818	-0.45506668	-1.081932	0.28826123	0.16523904	0.25255376	0.27421027	-0.141479	0.6490921	-0.6405449	-0.31162655	0.07286877	0.4559771	0.39658445	0.22455938	0.22161312	-0.3900266	-0.90203226	0.35742268	-0.5875648	-0.49298492	-0.60637057	0.93962944	-0.46280608	0.035592776	0.6489124	-0.05758473	0.21168897	-0.6022982	0.051680304	-0.48699415	0.45416334	-0.8705675	0.23018633	-0.17731324	0.40546507	-0.17822777	-0.92861074	-0.22820115	-0.4523955	-0.35887823	-0.3238523	-0.5455236	0.029675825	1.0090834	-0.09298488	-0.27741274	0.43915227	-0.28996414	0.14662974	-0.036300592	0.54190916	0.08632616	-0.3704461	0.11790323	0.19957948	-0.97444	-0.907877	-0.4858432	0.1644726	-1.0949509	-0.16169319	0.8879582	0.0723608	-0.395664	0.797521	0.4152237	-0.7243337	-0.019028716	-0.4098506	-0.48023275	0.5002725	0.39317504	0.1124681	0.38613304	-0.6537538	-0.04997945	0.0778938	0.24756743	-0.47629684	-0.0645081
-0.50877446	-0.12135284	0.071015455	-0.9122237	-0.030066507	0.55275476	0.08412361	0.46360952	0.0966661	0.28057677	-0.22018807	0.41659135	-0.43265152	-0.59850943	0.15687795	0.18477164	0.41848156	0.23628798	0.1620172	0.35031822	0.57246697	-0.035932302	-0.45305097	0.3475533	0.49789575	0.83194995	-0.38783556	0.29327407	0.075214654	-0.25378218	-0.44925684	-0.024640996	-0.5045131	-0.5434157	0.39688948	0.47888458	-0.07397084	-0.56058806	-0.15640327	0.11753821	-0.7752467	-0.746181	0.36147344	-0.80255204	-0.02147206	0.52879137	0.2730409	-0.08852068	0.6121334	-0.019612577	0.32765102	-0.59758127	-0.672179	0.3765236	-0.07983471	0.27321902	-0.34133145	0.7534584	-0.30542493	-0.54231733	0.07369312	-0.19596785	-0.25286388	0.073149316	0.03821637	0.02646624	0.12426953	-0.5669649	0.6162888	0.22328635	0.47030193	-0.2963957	0.00073501904	0.041227728	-0.23138231	-0.28337374	1.0204948	0.18182282	0.13946341	-0.36152872	-0.2945576	0.074044175	-0.40401804	-0.08363595	0.2956455	-1.1516567	0.88087714	-0.6084073	-0.36868435	-0.33108485	-0.56394196	-0.17018561	-0.46501943	-0.13338643	0.36162663	0.1982574	-0.51789284	0.4581302	-0.22323096	-0.05609492	0.26446927	-0.021242067	0.2863584	-0.03898147	-0.6110519	0.5448035	0.5628447	-0.22530665	0.3423573	0.02788003	0.00443981	0.11999127	-0.14476033	0.17396492	0.15849745	0.35198495	-0.66417915	-0.62076753	-0.3503923	0.20316422	0.39994732	-0.5847855	-0.13504305	-0.9742733	-0.6468209	-0.84508157	0.4420783	-0.12211738	-0.014305142	0.12003395	0.2698394	-0.049811635	-0.101579085	0.032499284	-0.19750775	0.6009991	0.1562987	-0.20888111	0.66640717	-0.7489494	0.1870561	-0.39756432	0.7585102	0.23018196	-0.15037979	-0.19505544	0.61290604	0.01083655	0.69366753	-0.10859899
0.31973565	0.0696204	1.1286157	0.2076619	0.23401557	0.030818922	-0.7464692	0.22688445	0.2705706	-0.0433991	0.005537892	-0.4812786	-0.32616472	-0.063174784	-0.9512453	-0.13936877	0.557199	0.09833131	-0.7426221	0.1377385	0.45385772	0.11220811	-0.8499199	0.638193	0.31094986	0.6864414	-0.9007889	0.5662943	-0.81424814	-0.18898702	0.51060617	-0.16983502	0.119850285	0.4298324	-0.15276723	-0.18353292	0.19402914	-0.5097392	-0.048059795	-0.4398557	0.6329605	0.3153601	-0.14121597	-0.38737378	0.4537763	0.40056401	0.64237714	-0.64165807	-0.228574	-0.29003906	-0.19511546	-0.54761547	-0.4172104	-0.36947286	-0.04300926	0.047527216	0.14382371	0.35089037	-0.024639653	0.6838198	-0.5619786	-0.32112184	-0.3626475	-0.039356023	-0.058017608	-0.5597617	0.2170008	-0.30945602	-0.08390301	-0.5520687	0.023487292	0.12103917	-0.54677254	-0.004662604	-0.56106436	-0.21697772	0.67310613	-1.136704	0.9553452	0.25393364	-0.027194828	-0.09084137	0.37685603	-0.35846752	-0.7588263	-0.019822506	0.77057785	-0.7094157	0.5231508	-0.75725013	-1.0637633	-0.48366797	-0.44254082	-0.61947906	0.37851062	0.07059106	0.5387422	-0.27567032	-0.2631417	-1.0668815	0.6371411	0.03837962	-0.7566881	0.67469704	-0.9471321	0.23285025	-0.71922636	0.38305128	0.39681944	0.48669314	-0.7531768	-0.046344563	-0.79067945	0.32126424	0.9352147	0.4154805	0.003754321	-0.16560327	-0.32336098	-0.004982181	0.45544887	0.11842158	0.051044274	-0.38698936	-0.95515406	-0.10706309	-0.15234426	-0.27604434	-0.4371955	-1.4617838	-0.40891925	-0.17781673	-0.7961069	0.81994087	0.35234037	-0.46078718	-0.34829015	-1.0049219	-0.5004116	0.16989999	-0.22474225	0.27769512	0.3865911	0.057337068	0.40195176	0.3318399	0.4677167	-0.14572749	0.35712874	-0.40974897
-0.61532444	-0.63412476	-0.14045124	0.066143766	-1.3852677	0.41751498	0.14104922	1.1137341	-0.5507705	1.2628812	-0.9268008	-0.46583408	-0.355613	-0.11258269	-0.93240494	-0.2892534	0.0067434544	-0.98510826	-0.32861355	0.9277006	0.03647335	0.1250215	-0.16097471	-0.8628153	0.31238455	0.35203987	-0.28565112	0.24236876	0.36514428	-0.22900535	-0.32495058	-0.3177122	0.16534999	-0.86918586	-0.60459834	0.5498675	-0.48953518	-0.011057145	0.053089216	-0.45428437	-0.71711224	-0.0086352555	0.21790332	0.1692548	-0.33122993	0.1573895	0.33049878	-0.27885437	-0.39808273	0.35440928	1.1453347	-0.17799844	0.48521328	-0.13039996	0.014632412	0.3415466	0.031981803	0.14619164	0.1765891	1.0157653	-0.5685405	-0.40499875	0.6783756	0.5038952	-0.8803379	0.10435109	-0.19151431	-1.0797945	-0.23701543	0.3311891	-0.71830606	-0.55756605	-1.3376728	0.06307891	-0.11449243	0.54255164	-0.6065161	0.5865578	0.6123492	-0.3698877	-0.3632537	0.47185194	-0.17857362	1.0889024	-0.45238897	-0.036245435	-0.093123294	0.36796036	0.09491724	-0.82475936	-0.6075247	0.2527228	-0.18363972	0.0059160567	-0.5085279	0.15982494	-0.11360169	-0.1503475	0.04132185	-0.11308361	0.5025706	-0.24392784	-0.52656364	-0.32434568	-0.61195976	-0.29474837	-0.06519614	0.36083138	1.0516295	0.2581764	0.21218653	0.29366052	-1.0256075	0.6758876	1.0935756	-0.026997995	0.20607346	-0.8568467	0.26194593	-0.54119384	-0.7288594	1.2484447	0.3709283	-0.33518004	0.59481895	-0.18498972	-0.4930983	0.8585469	0.8131641	-0.28260708	0.15021697	0.53009146	-0.16103996	0.19588818	0.04041509	-0.4605602	0.04934331	0.45286855	-0.658848	-0.27582183	-0.34672526	-0.28065833	0.03132414	-0.11180535	0.18535216	0.9608022	0.20667714	0.46656787	-0.36051214	-0.525965
0.3462344	-0.61650765	-0.788013	-1.2010068	0.08848918	0.13833132	0.040125504	1.0510551	-0.7365634	0.44757837	-0.51351863	0.423667	-0.51113856	-1.3382224	1.0863863	-0.49111685	-0.10281911	-0.45178932	0.80325925	-0.2607071	-1.155935	0.40481776	1.4811984	-0.2991012	0.1127053	0.12904339	-0.2648043	-0.20773864	0.4957798	-0.17508891	-1.089548	-0.04551205	-0.13732588	0.5198612	-0.26590657	-0.5443785	-0.036762387	-1.1370926	1.0943823	-0.39112845	-1.000615	0.45627046	-0.010341864	-1.5604411	-0.45391637	0.5352502	-0.36734694	0.5222231	0.16050275	0.16286512	-0.75627124	-0.9454622	0.20156485	-0.8550888	0.7414366	-0.2538067	0.2363583	0.82553387	-0.5907064	0.6509807	0.58571965	0.9835533	-0.36219507	0.23694739	-0.83185285	-0.08078867	-0.11066941	0.25092754	0.0473196	-0.03231983	0.29272518	-0.67263126	-0.5978659	0.18414299	0.4875479	0.54300827	-0.5147769	-0.42300296	-0.19747362	0.5162127	0.5134732	0.01354377	0.49043915	-0.13081586	0.2787274	-0.90978163	0.32644376	-1.002897	0.11302435	0.057326715	0.9140782	0.1660977	0.368284	-0.49077135	0.0010496086	0.016163634	0.16114067	-0.8774668	-0.9302965	-0.6612044	0.35439238	-0.020450914	0.44102955	0.14377208	-0.45698565	-1.0162624	-0.993617	-0.2098492	0.46138263	0.5299917	0.14113681	1.020652	-0.057498794	0.13567773	0.667533	-0.989542	0.61518586	-0.29982543	-0.671956	-0.1953211	0.12867674	-0.14752112	-0.0024940728	-0.40775278	-0.7843658	-0.10928518	-0.029050635	-0.24986948	-0.48245743	-1.3851242	-0.18173333	0.03670645	0.59295756	-0.37260652	0.15100531	0.47714147	0.6046615	0.10287807	0.068620056	-0.22416309	0.52952194	-0.68892616	0.31192982	-0.6135443	0.5075377	0.6599643	-0.082789786	0.4528679	0.40362749	-0.5153318
0.01067204	-0.5184459	0.64491767	0.015470458	-0.45181328	0.5158874	-0.60309464	-0.42477477	-0.1018222	0.7890964	0.7397819	0.04579507	0.031022577	0.26784787	-0.39035445	0.2385303	0.20922191	-0.12826796	-0.21959208	0.64990294	0.09341708	0.536254	-0.24801475	1.1328286	0.6959864	0.5484108	-0.57616115	0.18790735	0.38713387	0.53229094	0.10285179	0.4392445	0.4408739	0.19852549	0.4045376	-0.990924	-0.36227715	-0.5839707	-0.3490037	0.03769645	0.57906663	0.16005448	0.9604999	-0.24331912	-0.62044036	1.2477288	0.48186386	-0.056933183	0.05959182	-0.062494244	0.30794498	-0.24985515	-0.7709631	-0.3873073	-0.08155585	0.16960254	-0.13542815	0.6241468	0.87719876	0.29893607	-0.05033436	-0.24004056	0.51943386	-0.052474454	-1.3185343	-1.3970985	-0.35394636	-0.55690986	0.477524	0.007764862	-0.6614611	0.94524825	0.027286131	0.17078097	0.19338188	0.7773094	0.5140655	0.3189468	-0.17426576	-0.70830786	-0.21221873	-0.22201923	-0.34217685	-0.06581037	0.43902946	-0.15045641	0.6630586	-0.10195149	-0.05770293	-0.54073006	-1.0030903	-0.071286246	-0.27833265	-0.57019556	-0.81687385	0.37258786	0.107389346	-0.25090778	0.06392377	-0.39385554	0.63477284	0.056973703	0.18371648	1.0515257	0.17843084	-0.088268034	-0.20846567	0.014040009	0.6042176	0.21684483	0.55867094	0.8316371	-0.7009052	0.17183016	-0.24677725	-0.08347897	0.40828842	-0.99485284	-0.30684546	-0.30712116	-0.278195	0.28069302	-0.4385479	-0.12910175	0.23055758	-0.9881926	0.13217448	0.030335175	-0.11121846	-0.3779524	-0.19778305	0.11199501	0.25679043	-0.6169027	0.3792267	-0.09140374	0.16561276	-0.4709916	0.652639	-0.14986809	-1.1282774	0.10707482	-0.74449974	0.15428305	0.25022683	0.8834444	-0.12186936	-0.5308389	-0.7353373	0.48964852
-0.23989987	-0.069629334	-0.46504432	-0.04335609	0.65136373	0.5865836	0.20968089	0.7233551	0.045726027	0.56049937	-0.037992433	0.7340502	-0.13090049	0.15956187	0.007258185	0.36426815	0.38970685	0.7554535	0.5782137	-0.30394325	-0.78473425	0.5873227	-0.861632	0.83904225	-0.07043615	0.47511744	0.8925255	-0.26233745	-0.53934777	0.3314824	0.50442654	0.98129106	-0.30039963	0.32921904	0.57093376	0.4763852	-0.33833924	0.6149957	-0.58656776	0.72671336	-0.12809725	1.0363545	-0.7065174	-0.5522876	-0.8058123	-0.96783555	-0.37109342	0.9490138	0.47914025	0.32391262	-0.7889197	-0.87871116	0.37425405	0.78328615	0.025574932	-0.2450202	0.20391901	1.5243163	0.30757397	1.0770123	-0.6950423	-0.45049328	-0.95308346	0.3294626	-0.46726412	-0.7430906	-0.35163808	0.040380105	0.6036197	-0.1382981	-0.6328509	-0.52076596	0.7565903	1.5884789	-1.0870508	-0.15120953	0.0805158	0.032613676	-0.4521921	0.9880302	0.3974447	-0.0528346	-0.8462523	-0.0044703595	0.94004494	-0.07616289	1.1147695	-0.9700754	-0.17461726	-0.75427866	-0.9050327	1.2549787	-0.02923571	0.069332294	-0.35806507	-0.39443806	0.31785563	0.049252883	-0.6499065	-0.9207157	0.16613263	-1.3960319	-0.38026696	-0.09982404	-0.2522784	-0.49191672	0.5548778	0.04772547	1.1303538	-0.43071952	0.70868057	0.1410301	0.5729617	0.95304483	0.091506235	-0.20997953	-0.6577687	-0.28919503	-0.4989927	-0.39594582	0.94396037	0.32020053	-0.3791636	-0.3151396	-0.4491233	0.016374383	-1.5450404	0.18056461	-0.11732772	-0.3052924	-0.08105283	0.4649502	0.87105054	0.68780345	0.019345365	0.33234763	0.5079085	0.27928475	0.6237556	0.45567968	0.75212926	0.47407144	0.07685013	0.6209703	1.3435124	-0.4522919	0.5379661	0.3189769	-0.62139606	0.9463144
-0.30682033	-0.6694612	-0.26808572	-0.7822599	-0.932185	-0.008416023	0.26715386	0.50925696	-0.44701123	-0.1658967	0.71893436	0.42398888	-0.0475586	-0.99779904	0.45607096	-0.93260235	0.67968225	-0.27972162	0.41279545	-0.49514008	0.15412235	0.07044432	-0.60165876	0.4361042	0.59903747	0.46223453	-1.6742457	-0.13132389	0.906798	0.19609188	0.100669704	1.1571325	-0.02212721	0.52790433	0.69156814	-0.60314494	-0.69985646	0.23977976	-0.42512006	0.39585122	-0.25535434	0.5857299	-0.6860755	-0.15874988	0.77442867	0.27283671	-0.2932139	-0.10158281	-0.014018046	-1.4402728	-0.29817942	-0.6799975	0.6177837	-0.46962294	0.09001565	-0.6747295	0.86628485	0.05168581	-0.15336724	-0.36519125	-1.2467712	0.43736503	0.062390268	0.28380567	-1.0969491	0.20508714	0.8733923	-0.054489013	-0.64501095	0.25133753	-0.5727369	-1.3062917	-0.31159663	-0.37554818	-0.2300898	0.8576703	-0.24210612	0.80333614	0.27596608	0.7790567	-0.10092903	0.2010399	-0.13227215	-0.2103015	-0.15868102	0.07949314	0.30309898	-1.0705599	0.12806211	-1.4706156	0.01384145	0.97853714	0.8260247	-0.886851	0.09544833	-0.64101315	1.0527388	0.18211137	0.21598522	-0.39306566	0.42207566	0.86782545	-0.56521875	-0.734683	1.2216117	0.17181158	0.12377819	0.64686817	0.19889887	-0.6462123	-0.3626843	0.4604092	-0.035567433	1.0106736	-0.12979816	0.29147053	-0.7177047	0.0038213027	-0.9743404	-0.7881852	0.6725593	-0.34071156	-0.017814802	0.07377337	-0.53905505	0.75615215	-0.1668042	-0.18686925	-0.1572363	-0.84339976	0.27651775	-0.40120664	-0.3022722	-0.03255052	0.069751024	-0.15485536	0.27119812	-1.0697634	0.75982916	0.6469255	-0.7582939	0.025136473	1.0779127	0.98397434	-0.091356024	0.43634486	-0.09796489	0.425943	0.7148869	0.273617
0.24195816	-0.8266933	0.10819927	0.23766801	0.0023168006	-0.38544127	-0.32463077	-0.7929268	-0.6393361	0.019222843	0.27937213	0.41893798	0.20237207	-0.055877935	0.7643226	-1.5055602	0.5953164	0.045541342	-1.1443942	-0.387536	-0.6524823	-0.26041585	0.28941983	0.4967071	0.8995786	0.1926393	-0.05197489	-0.6338495	0.2934112	0.31853604	0.61373454	0.2332833	0.08782855	0.430275	0.29329592	0.022535864	0.7898618	0.0023180912	0.7029192	0.74686426	-0.535467	0.20977397	0.91849214	0.26615217	0.5144066	-0.41038796	0.29462743	-0.22329555	-0.20977668	0.027394379	0.1049909	-0.09092477	-0.5866243	-0.17520283	0.1451931	0.08347104	-0.73828083	0.31994757	-0.13957147	0.74737734	-1.6199262	0.7675138	-0.52711135	0.8857721	0.18308528	-0.24769703	0.33616504	-0.0070683653	-0.96327895	0.60744226	-0.37294838	-0.47281438	-0.08893987	0.28715745	-0.33378085	0.06985559	-0.46380165	0.42555842	0.3299308	-0.108850695	0.77891994	0.11877904	1.0993199	-0.4426856	0.75768685	-1.2849705	-0.2486219	0.34772348	-0.34623733	0.7685827	-0.57746714	0.4991063	1.5839754	0.089161366	0.1866895	-0.116830155	-0.21901742	-0.17511535	0.6206829	-1.4347787	-0.5579762	-0.45057848	0.5414728	-0.5138534	-0.2837899	-0.3534422	0.3949046	0.18506649	-0.12822253	0.31294617	0.9272374	0.29421285	-0.6223985	-0.6854914	-0.33236802	0.04775287	-0.029209483	-1.3757248	0.1216603	0.47010332	0.15187001	-0.40971753	0.36068082	-0.33456275	0.39920065	0.110772945	-1.2649946	0.7077136	0.009306453	-0.37912387	-0.4262616	0.4160822	0.021099132	-0.5868232	-0.46437457	-0.1628733	0.055702474	0.36386284	-0.33675405	0.5959421	0.2467413	-0.1983856	-0.056477033	1.6274542	-0.42363718	0.20921478	0.25028318	-0.2484499	-0.4446583	-0.40927157
0.16196631	-0.5006028	-0.4705398	0.16933651	-0.16470985	0.2849606	0.317139	0.7593044	-0.8397955	-0.16288134	0.2919213	0.099627264	0.32753053	0.3108951	-0.6722147	-0.15317424	0.51368886	-0.18008867	-0.5068343	0.52922	-0.24714658	0.1744349	-0.6454801	0.08172459	0.99822974	0.19039541	-0.11210889	0.2670156	-0.028443953	-0.16436464	0.22531101	-0.059400655	0.028960785	0.07227486	0.6187928	0.21933268	-0.9015208	0.20408101	1.0272974	-0.37429306	-0.8034896	0.12769268	-0.27648288	-0.06652582	-0.49724656	-0.34766108	-0.20424885	0.119851016	0.014706877	-0.61689365	0.19787815	-0.15156756	-0.118802615	-0.8608612	-0.09797654	-0.47551027	0.83187145	-0.13052286	-0.024613295	0.16767079	0.448477	-0.22676143	0.61729085	0.65916455	0.4405577	-0.14762239	0.73203665	-0.7393858	-0.26425904	0.9019283	-0.079509884	0.3460707	0.8284574	0.39464754	0.28639773	0.2965972	0.30946654	0.9957254	-0.21161385	-0.5008864	0.046214245	-0.26069543	0.66669804	-0.73312515	-0.39673892	-0.2733201	0.24646811	0.14024568	0.7258534	-0.65456927	-0.7071933	-0.61052495	-0.4833686	-0.40439045	0.8443788	-0.5898089	0.591635	-0.35551536	0.23355724	-0.62610763	0.8044093	-0.3864307	0.7354667	-0.060457878	-0.31967932	0.51196736	0.028726729	-0.40999863	0.2856733	0.13137403	-0.01279384	-0.7817358	-0.3151311	0.77242255	0.95478	-0.1902405	0.59599227	0.23382764	-0.48190954	0.28163323	-0.3160339	-0.1092311	0.22051357	0.02245522	1.027685	-0.19642213	-0.0076556164	0.023565393	0.111151285	-0.71065193	0.19425902	0.700194	0.49763322	0.75412345	0.5582029	0.1516072	-0.23427589	0.19807267	-0.1251647	0.5503252	0.9169742	0.1105271	0.074891046	0.19258222	-0.43210888	0.21083508	0.5527857	0.6985353	-0.23803096	0.07982239
0.08583103	-0.5566269	0.20525038	0.7314992	0.14503689	-0.6255106	-0.7918651	-0.29848012	-0.76125616	0.03060532	0.8592671	-0.28952426	0.14496732	-0.9628206	-0.44764784	0.059511583	0.30413154	0.26121596	0.33185372	0.04751111	-0.7564079	-0.00027726026	0.42150557	0.15799752	0.34455281	0.42377	-0.005729589	-0.4029623	-0.35799277	-0.34490633	0.6417788	0.6111291	-0.23365626	-0.82211655	-0.35861844	0.37681386	-0.030018967	-0.71534646	-0.08207835	1.0225574	-0.47005057	0.07744273	-0.38339117	-0.018578602	-1.3662785	0.17440976	0.46473813	0.070235565	-0.34569803	0.14768837	-0.11513626	0.1579986	0.14028278	0.092983186	0.28411195	0.12016511	0.34469226	-0.26611578	-0.95628667	1.135607	-0.660573	-0.27676275	0.3805326	0.46097064	-0.68409985	1.0021548	0.070199765	-0.46891093	-0.58218247	0.1978592	-0.096845694	-0.3757557	-0.37306473	-0.7220515	0.06236716	-0.14094679	0.43258244	-0.27083516	0.272598	-0.27153346	-0.008996144	-0.1607249	0.90773547	1.0644777	0.31870806	-0.8950044	0.5087556	-0.5186481	-0.7293197	-0.122539155	-0.22072957	0.05617457	0.55673116	-0.5245127	0.1999987	0.018987339	0.3392355	0.6474164	0.108471654	-1.3552996	-0.5168374	-0.5567172	0.06460321	-0.29966933	-0.5503679	0.49657625	0.30445924	0.7640714	-0.27012482	0.4985304	0.081309155	0.2898602	0.053831533	-0.8668306	0.38192543	-0.7005322	-0.04137762	-0.7996813	-0.23870726	-0.14482008	0.54967946	0.48082814	0.12337905	0.02784907	0.11831874	-0.35129657	-0.16814123	0.38206434	-0.27168113	-0.052658856	-0.14044134	0.1865436	0.004287272	0.15201785	-0.12369082	1.1394469	-0.2215561	-0.023233209	-0.6010138	-0.059530728	0.3485189	0.0077133016	0.42140472	0.6677808	0.19749744	0.12833185	0.15636183	0.7390076	-0.4531565	-0.09651566
0.05975677	-0.12292736	0.7132066	0.30510485	-0.934124	-0.6294195	-0.43700784	-0.30562398	-0.543075	0.6820964	-0.69833034	0.024576684	-0.12608437	0.42490846	-0.27690166	0.25524664	0.14192133	0.1735122	-0.16789916	1.098703	-1.2389946	0.40490097	-0.7993892	0.07317042	1.0064576	0.9466937	0.46894646	-0.84069514	0.24512075	0.18655533	0.08079867	-0.584953	-0.058659524	-0.8142751	-0.99214125	-0.39121982	-0.36093283	-0.41466764	0.33628088	0.15402795	-0.7636553	-0.20988983	0.39463708	-0.6986443	0.6245842	0.1334678	0.08582346	-0.632976	0.29822806	-0.44609728	-0.2806189	0.09031448	-0.8190216	0.49251345	-0.33476588	0.14045775	0.5839686	0.34204546	-0.13810949	0.6175322	-0.67119014	0.29923484	0.13708994	-0.40463823	-0.11458193	-0.20958684	0.15365726	-0.8080806	-1.029938	0.2605838	-0.6540848	-0.074276336	-1.0564638	0.62170255	-0.20123631	-0.9048408	-0.58670455	-0.18405172	-0.5833747	-0.1850308	0.25722173	-0.7103943	0.6500417	0.9482037	-0.6777434	-0.7156397	-0.3334421	-0.46647137	-0.09711164	0.29946834	0.15888985	-0.17757122	-0.15478238	-0.1352643	0.39765066	-0.35207522	-0.35351205	-0.17810291	0.3348994	0.5224778	0.31950778	-0.36570483	-0.14581808	0.28205964	-0.440222	0.49440914	0.455449	-0.09150142	1.0721911	-0.028855717	0.37565234	-0.16620797	-0.68317485	0.9004498	0.42477912	0.014182622	-1.1711774	-0.121811256	-0.2872763	-1.1192045	-1.0060467	1.2202969	-0.2298544	0.5214251	-0.020358974	-0.49820575	0.8366626	0.16465645	-0.62220794	-0.8325029	0.256096	0.26157612	0.18898378	-0.5090537	0.47702205	0.26425964	-0.048162077	-0.79181486	-0.41288427	0.74409086	1.1307367	0.35981905	0.09834379	0.4241706	0.26938602	0.40432024	-0.14119348	0.2842501	0.2749056	0.34450108
0.3713695	0.12684353	-0.61562216	-0.8019618	0.11807004	0.24520929	-0.6907543	0.12191897	-0.33399704	0.9936018	-0.467984	-0.23540953	-0.31946206	-0.05035008	-0.089651726	0.18872108	-0.24530178	-0.21807592	0.05337794	0.42397368	0.17765443	0.3152594	0.2331686	0.97750694	0.20045827	-0.26049638	-0.65675163	0.0881745	-0.35648927	-0.012070884	0.004043954	-0.041522108	-0.50991964	-0.29274616	0.2853171	-0.82174224	0.5374595	-0.27697757	0.45744914	0.44515675	0.063191704	0.22342072	0.3735617	-0.17734125	-0.42996135	0.04040739	-0.38529506	0.33333647	-0.17437984	-0.39380738	-0.6393148	0.5847725	-0.9227594	-0.00588751	-0.11857011	-0.060174417	0.2574587	0.28448874	-0.09010526	0.27738902	-0.3914606	-0.59123886	-0.7936384	-0.097460285	-0.25886527	0.36653256	-0.39114368	-0.29890054	0.16277203	0.47321814	0.19645272	-0.2791517	0.1343112	-0.075606324	-0.41494125	-0.6635737	-0.79672366	0.56683576	-0.7229633	-0.51744574	0.15132225	-0.58981884	-0.25238034	0.13616754	-0.031191355	-1.4655912	-0.3432206	-0.5517373	-0.02404312	-0.18290848	0.31511477	0.6902009	0.053055484	0.04011694	0.8002264	0.4774883	-0.07696195	-0.05242454	0.63345325	0.13005199	0.3376724	-0.5279436	-0.009912437	0.046480164	-0.13096066	0.06568048	1.2899896	-0.48019746	0.29253623	-0.3506637	-0.0018024397	-0.9786512	-0.10479488	0.12971924	-0.44399214	-0.12868567	0.4764058	0.30533472	-1.0091784	0.14379793	0.21015172	-1.2565894	0.30693308	-0.21240397	0.24064489	-0.46852532	0.40377846	0.38319138	-0.5386888	0.09539916	-0.15222938	-0.18777718	1.0152392	0.41795862	-0.8874039	0.07815803	0.55362004	-0.7652471	-1.1368934	-0.52631366	0.5968236	-0.09480501	-0.298684	0.3530625	0.38010693	0.052555505	0.7878894	0.35854158	-0.48325714	-0.51940763
-1.1184447	-0.11018086	0.1203982	-0.32119563	-0.32198885	0.8272194	-0.69813466	-0.009262579	-0.6647786	0.8202277	-0.055915296	0.26667774	-0.26672614	-0.60867274	-0.7606576	0.22089753	0.16772693	-0.5249466	0.23761821	0.5345674	0.16088197	0.114484854	0.112367004	-0.49910653	-0.20291518	0.7578837	-0.843615	0.32343936	-0.09005275	-0.22792274	0.03236831	-0.69873023	-0.73415697	0.3040637	0.27941	0.15760739	-0.10065583	-1.3895847	-0.10215995	0.26083654	0.13940811	-0.028584503	-0.44189924	-0.8168657	0.30869946	-0.41421285	0.27180526	0.25229493	0.36476484	-0.3808346	-0.56451577	0.17502485	0.06091246	0.12732594	0.52512574	-0.57848454	0.33017644	0.011956867	0.38774598	-0.0385162	-0.7363095	-0.46625146	-0.4227877	-0.4203693	-0.57983816	0.3581392	0.4528137	0.1838928	0.3905066	0.42983368	-0.5760317	-0.90740705	-0.9844242	0.7706361	-0.6372793	-0.16931783	0.4310089	0.83356756	-0.40584257	-1.0268587	-0.042568363	-0.41500962	-0.294963	0.18865341	-0.51954955	-0.86848754	-0.061425157	-0.25797412	-0.39406416	0.23777652	-0.009690511	-0.42324597	-0.86021733	0.49720684	0.7182455	0.20511922	0.15084289	-0.32198656	0.19454294	0.124947414	0.1745697	-0.13208927	-0.7245308	-0.7559218	0.165249	0.34038794	0.11499512	-0.19347149	0.38353476	0.91915864	-0.35992473	0.7107404	-0.21530257	0.13535245	0.35124454	-0.99286026	-0.21885866	-1.1007946	-0.68227816	0.60089046	0.71674013	0.5809455	0.8434879	0.16659363	0.6878442	0.53413665	0.22847645	0.2704591	-0.9836552	0.19148627	0.8167452	0.6424912	0.20462294	0.07722434	-0.37706858	0.85045743	0.4562228	-0.3688683	-0.048874296	-0.1290093	0.23088394	-0.07793072	-0.07692959	0.23705977	-0.20252097	-1.0357571	-0.25161025	0.09660624	-0.120859884	0.07489994
0.47974256	-0.49916905	-0.09932339	-0.31812006	0.52291864	0.4431713	0.47948924	0.7082262	-0.9975595	-0.2309687	-0.17923757	0.44582954	0.3931764	0.11039392	-0.104438275	0.59156656	0.41163993	-0.5539987	-0.7715487	-0.40722442	0.5981977	-0.3106015	0.7168549	0.6487688	0.4341335	0.5103332	0.5622293	0.6354118	0.24720338	-0.05022933	0.4033309	-0.62765354	0.42754748	0.6835524	0.16360644	-1.4385308	-0.41020942	0.20793636	-0.20885263	-0.37852523	-0.89308125	0.03332376	-0.3948758	0.38089937	-0.81254894	-0.36308682	-0.04015091	0.005041533	-0.15162209	0.5809333	-0.43962836	-0.4673323	0.3948345	-0.78030163	0.65988183	-0.008499124	0.10293079	-0.18166912	0.07605107	0.41314244	-0.8702051	0.45866054	-0.32768363	1.4193873	-0.18855718	0.15586597	0.35446087	-0.18441862	0.364831	0.57505983	-0.23933794	0.36800775	0.17183726	0.80948055	-1.3893659	0.5522392	0.05501629	-0.28640032	-0.6738484	0.27363372	-0.91819507	0.02829836	0.9997896	-0.37508416	0.31347188	-0.42675495	0.2397425	-0.11018996	-0.21582177	-0.22717652	-0.7219545	0.22993937	0.25551528	0.109131664	-0.67343783	-0.38327125	0.142214	0.2791018	0.18357708	-0.94439197	0.36493865	-0.40122724	0.721311	0.23166163	0.19578543	0.060018264	-0.40324977	0.45217422	0.20536587	0.3985323	-0.62283206	-0.9896027	-0.02540912	0.48352692	1.1300099	0.31977165	0.37585235	-0.32724932	-0.09197135	-1.2139392	0.22888957	-0.24336185	0.26484877	-0.70779324	0.13440965	-0.8788736	0.29811075	-0.22324178	0.17403191	-0.5158233	-0.061139785	-0.4678562	0.5757697	-1.2954774	0.6630835	0.0596893	0.0017840643	0.8213852	0.656239	0.31998208	0.448501	-0.9246967	-0.004906071	0.8251564	0.68931353	0.013298644	-0.015545729	-0.020722678	-0.7550296	-0.914471
-0.21603203	0.1928373	0.32098672	0.006634817	0.86862046	0.017412446	0.29700553	1.3059804	0.5789957	0.3020376	-0.50491613	0.6460267	-0.57386243	-0.17560403	0.25997877	0.29401717	0.22303256	0.38126886	0.8452004	-0.6970354	-0.1201292	-0.48966932	0.41323698	0.2837018	1.2093703	-0.115869105	-0.75972086	-0.37602043	0.026333597	-0.16028497	0.11389444	0.8252389	-0.28957435	-0.6883241	-0.41164374	-0.15788321	0.4530227	-0.6488258	0.11769199	-0.26049563	-0.2429557	0.7616805	0.22360297	-0.8468655	0.5867141	0.32948756	-0.32331452	0.028823152	-0.99315876	-0.024973253	0.22544256	0.16566868	-0.5010885	0.6452485	0.36133194	-0.4433526	-0.31661567	-0.8519545	-0.2335611	-0.024447571	-0.77905816	-0.1811568	-0.41969475	-0.0427294	-0.6677429	0.4672416	0.4710943	-0.37939903	-0.28657204	0.6625587	-0.10414568	0.124460384	-0.1721774	-0.8134873	-0.33629334	-0.4709239	-0.39959183	-0.67990625	-0.7316081	0.41433737	0.36838704	0.25169408	0.7698681	0.08787896	0.9706115	-0.68746185	-0.016508088	-1.7104818	0.4258191	-0.070935	-0.26265454	0.71959364	0.18508388	-0.03364001	0.7879576	-0.1909209	0.02626193	0.95833725	-0.78037834	-0.5199675	-0.19101247	-0.3535929	0.6404162	0.34312177	0.49654534	0.21931584	0.6959663	-0.08359597	0.32792297	0.6338235	-1.2757075	0.2811839	-0.3238173	0.52877176	0.23282547	-0.7038965	-0.34072292	0.12624833	-0.4544865	-0.58172816	0.010824595	0.20896776	0.31982464	0.26258236	-0.36165226	-0.33858353	-0.29309845	0.040045943	0.71205443	0.5531251	-0.6869879	0.98126334	0.2713226	0.11171753	0.18006243	0.80681634	0.59948385	0.1573263	-0.82324064	0.059858784	0.23692535	0.33906934	0.47162038	0.40264708	0.2324446	0.58384424	-0.011000994	0.0034561213	-0.089095026	0.541999
-0.2020316	-0.47856125	0.049628012	-0.98253334	0.009675126	0.17092252	0.23198201	1.301173	-0.89514846	0.21956548	-0.19144146	0.47098574	-0.3073304	0.30758786	0.105756715	0.4045594	-0.20745187	0.13578853	0.15810412	-0.06259291	-0.15528768	-0.6593174	-0.17906108	-0.21566479	0.47524604	0.008125587	-0.45545676	-0.12070135	0.18409958	0.30025795	-0.08842994	0.017273065	-0.22606951	0.2710232	0.22199394	-0.82270926	0.52602017	-0.25042024	0.1979364	0.07700273	-0.78580195	-0.5409856	0.48688906	0.16659088	-0.33103383	-0.2134406	-0.6066886	-0.46252567	0.1129211	0.1465531	-0.33306256	-0.48781255	0.005618005	0.11317288	-0.4232717	-0.5625013	0.26487944	0.6899397	-0.7414843	0.6543598	-0.46508518	0.01581098	-0.22596261	1.3782774	0.07191844	0.25183067	-0.16920109	-0.0037185238	-0.09642509	-0.094804436	0.1641359	-0.31728768	-0.9307313	0.06809225	-0.8764773	-0.8024842	0.16537964	-0.057969626	-0.07078019	-0.6677824	0.3485633	-0.37392825	-0.74720687	0.69922465	0.7878607	-0.27793616	0.53149223	-0.31485242	-0.57566243	-0.14319754	0.14065914	0.5678657	-0.40947387	0.2596905	0.21502946	-0.07711038	0.5637331	-0.4522965	-0.27887288	-0.469377	0.92061275	-0.28039947	0.089693464	-0.55644506	-0.027836962	-0.2866382	0.042900447	-0.7510191	0.2943923	-0.054576498	0.34219566	-0.25401574	-0.30289817	0.3618008	0.59639907	-0.1541457	0.2950107	-0.4515999	-0.22736923	-0.35756335	0.007480864	-0.7920409	0.22341473	0.45756075	0.4017221	-0.34311923	-0.23861608	-0.23936287	-0.23536892	0.3471124	-0.010241658	0.8058714	0.16554525	0.15674359	-0.2597966	-0.15503287	0.013808323	0.3420922	0.087357774	-0.043156557	0.4137702	-0.36336255	0.16383941	0.21784282	0.56486696	0.27455488	0.43794188	0.13240145	-0.15334772	-0.9105529
-0.22891875	-0.582809	-0.29287568	-0.7507353	-0.48795173	-0.10784085	-0.42481723	0.3370408	-0.1898629	0.067093804	-0.69881284	0.28561142	-0.56956804	0.9616325	1.1880236	-0.43798164	-0.13787732	0.35647947	0.08183271	1.1139548	0.012469251	0.15904398	-0.011844601	0.170251	-0.1416088	-0.2934344	-0.45428053	-0.0743159	0.20621425	-0.18838686	-0.207081	0.06505469	-0.22313927	0.7306051	-0.013772335	0.4677623	-0.25494593	-1.1884669	0.10256103	0.518161	-0.047148027	0.11897016	0.27966458	0.013141336	0.17508928	1.2367611	0.25153983	-0.52063435	-0.13860698	0.3556072	0.42495403	-0.24438894	0.123446055	0.0570353	0.24518451	-0.13005544	0.42487726	0.6845537	-0.96306866	-0.53845406	-0.2679128	0.007314144	0.26800054	0.51213485	-0.26473364	0.15210177	-0.4800709	0.22989987	0.43593732	-0.05379384	-0.3928652	-0.066202775	-0.18533464	0.35469127	0.33272657	-0.2862779	0.06274415	0.6244788	-0.2586915	-0.38081735	0.43522778	-0.12877804	-0.26151252	-0.067803375	0.34888124	-0.21724162	-0.4461984	-0.33660397	-0.87519807	-0.223211	-0.057861198	0.10915811	-0.35674205	0.28175905	0.06358264	0.093738005	0.37497753	0.53432447	-0.18029974	-0.52339125	-0.23248851	0.39165923	-0.4941184	0.23835762	-0.045149114	0.3421709	0.59239316	0.9639783	-0.2563532	0.021240167	-0.290426	0.7805345	-0.60342073	0.2334278	-0.054403245	-0.18153511	-0.522352	-0.44621718	0.5622068	-0.42839375	0.8708342	0.08582058	0.13431184	-0.47675854	0.26380152	-0.5682966	-0.081052236	0.46388143	-0.42857516	-0.43810472	0.45810333	-0.00023827096	-0.018791692	0.06011005	0.18913628	0.46220294	-0.029977966	-0.044717748	-0.39294526	1.076665	0.40812638	0.40087068	0.6923921	0.14866994	0.5909357	0.4207262	-0.40037072	-0.092524216	-0.53296745	0.24015856
0.24674545	-1.1187572	0.3084753	1.0156156	0.8981978	0.020346783	-0.3099183	-0.2007604	0.4032215	0.49499935	0.0066803964	0.052161403	-0.4958889	-0.0075303386	0.75466156	-0.89900714	-0.8322543	0.3640926	-0.23576845	0.9726583	0.30935806	0.002843483	-0.01844412	0.10520318	0.16843235	0.76716197	0.094607204	-0.7758351	0.29328808	-0.1347381	0.43074286	0.51540023	-0.70878446	-0.5430254	0.43411258	0.63006866	0.5915441	-1.0969844	-0.75321615	-0.68339354	0.5432425	0.35993102	0.17993513	-0.13899656	-0.32318637	0.8000119	0.28320214	0.5634614	-0.80167943	0.50055873	-0.27842832	-1.0577854	-0.5541378	-0.67251956	0.16357234	-0.13531452	0.59786296	0.21780182	0.27148047	1.163229	0.5355542	0.8137414	0.2699895	0.28788725	0.37540948	-0.3138226	-0.12592264	-0.18961196	0.7175328	0.43772784	-0.74613434	0.19586125	-0.23891662	-0.6463131	-0.0141690485	-1.1156609	-0.09793867	0.47603136	0.34576574	-0.09804015	0.22374628	0.08957353	-1.19622	0.90303606	0.9363419	-0.45418814	-0.5914277	-0.697217	-0.52782726	0.31532773	-0.25328162	0.69641984	-0.22395086	-0.24022889	0.2505787	-1.3150532	-0.35895357	-0.28707454	-0.03463804	0.49301088	0.28335673	-0.045675304	-0.0025831691	-0.02650574	-0.21065904	-0.058721222	-0.19448778	-0.2765603	-0.7260341	-0.25796258	-0.27550048	-0.31654307	-0.5065052	-0.5085146	0.5178162	-0.5572823	0.33956993	-0.46564797	-0.21200794	0.76460516	1.0899365	0.049920075	0.27039966	-0.068663634	-0.3823581	-1.2800976	0.30072656	-0.0097101275	-0.1815287	-0.0748767	-0.046359066	-0.9893072	0.75528926	-0.50143147	-0.45722467	-0.31477693	0.29816663	0.1807292	-0.36321735	0.49803364	0.5434375	-0.2458656	-1.0903136	-0.16568732	-0.27328548	0.07137712	0.64094895	-0.8183855	0.27153984	-0.57291144
-0.1929614	-0.06915702	0.30415788	-1.063722	0.20474388	0.35977355	-0.18082345	-0.57643056	-0.046204027	-0.53439265	-0.3750672	-0.5845632	0.25709867	0.15716743	0.34483895	-0.26017264	0.12029905	-0.8411835	-0.35958776	0.22670554	-0.2002392	0.09000122	-0.6138579	0.9629403	0.24839494	1.135948	-0.7724402	-0.66931546	-0.11405777	0.13967165	0.19945739	0.17982452	0.5173874	-0.036674898	0.03921727	-0.124841355	0.33658692	-0.3786908	0.63759285	0.5763487	0.15055388	0.65606534	-0.49138078	-0.5116292	0.89734936	0.7207865	-0.021864928	-0.3762977	0.42984268	0.32962993	0.15191506	0.2639397	-0.9367907	-0.60527647	0.2721664	-0.62338585	-0.3282216	0.31809342	1.0743704	0.3334449	-0.06600969	-0.32310677	0.09839298	-0.7640516	0.16734935	-0.5617867	-0.055156436	-0.9065844	-0.6453025	0.5421174	-0.2305653	0.47115988	-0.5518681	0.42657495	0.6418771	-0.25371453	0.31244463	0.42586368	0.23474135	0.3265103	1.0936419	0.06985114	-0.18478388	0.1905501	-0.31308568	-0.45843408	0.36391363	-0.09904131	0.28356484	-0.6512924	-0.5626539	-0.082559355	-0.1810317	-0.1759281	1.1605973	-0.20712654	-0.45564944	1.2146127	0.6235602	-0.8246774	0.14290985	0.118776776	0.5571724	0.21070366	0.5061746	0.33659643	-0.118200585	0.48369196	-0.11735909	-0.23613001	-0.022745881	0.00705827	-0.39058003	0.35073885	-0.25567374	0.5114043	0.08385525	-0.54905546	-0.41140372	0.20377254	0.7828154	-0.33005694	-0.23586275	-0.75651604	-0.2814272	-0.49074933	-0.45019138	-0.94712687	-0.38622704	0.070323646	0.03867238	-0.455943	0.1413882	0.019075591	0.05217166	0.48070103	0.5142467	-0.37856212	0.5600627	0.11735312	-0.10848262	0.05809123	0.5191827	0.028141407	0.60679436	0.13238332	-0.24304515	-0.33788282	-0.21819715	0.025036465
0.37926126	-0.28014126	0.38181672	-0.7566842	-0.1267034	-0.47030202	-0.31471005	0.18518427	0.11998038	0.63484013	-0.091601074	-0.075941704	-0.09204338	0.37880492	-0.66429824	0.1977252	-0.13228501	0.48090237	-0.86595637	0.18298562	-0.38504457	0.3996301	-0.14827122	0.08914071	-0.32477996	0.016708994	0.15196465	-0.78372097	0.15892456	0.46116638	0.4695777	-0.0047210846	0.014255569	-0.28077543	-0.9608426	0.14096808	0.23552284	0.11966574	0.104744196	0.68244326	-0.17738028	-0.15370028	0.14789765	-0.07444392	0.8643106	0.18953715	-0.46090972	0.31063512	0.06516493	-0.34665287	-0.28168553	-0.40877175	0.6931475	-0.43394142	-0.4546094	0.9748095	-0.09796549	0.050705977	0.34518924	1.2492437	-0.46114352	-0.062430922	0.3648226	0.38801724	-0.75552887	-0.07069801	0.6974209	-0.17194429	0.3707746	0.8487889	-1.2173266	-0.35076904	-0.28048593	0.006581328	0.03697787	0.03731027	0.28168738	-0.3374138	0.9577738	0.39581767	-0.21268216	-0.4676552	0.8894728	-0.2470641	0.37865412	-0.5917467	0.18935634	0.12842047	0.28371918	-1.2045237	-0.42408565	0.33584657	-0.3269469	-0.30200726	0.55315316	-0.32163554	-0.47491384	1.1757262	0.37001085	0.7382686	0.21432914	0.11213704	-0.09212133	0.5648358	0.53516877	0.44485533	0.42138714	0.5054198	0.5409335	0.034352638	0.2767207	-0.015934205	-0.78202313	0.16057637	-0.27843055	-0.89106375	1.0934329	-0.05401433	-0.4941459	-0.017951667	0.6919489	-0.08911675	-0.3553847	-0.454972	-0.43838653	0.36896148	-0.6800314	0.82927287	0.13659987	0.4089582	-0.4879914	0.23275936	-0.59919757	1.0308715	0.553566	0.032217015	1.1065367	-0.28754905	0.7956194	0.97962856	0.053291243	0.39609277	0.093231164	-0.15211278	-0.7153564	0.6684778	0.042653535	-0.20381227	-0.9540557	-0.12044739
-0.66123503	-0.38641003	0.18769047	-0.8526156	-0.2576067	0.27048373	-1.2384522	-0.1899707	-0.51835537	0.5636857	-0.2464966	0.62599826	0.2561126	-0.17031613	-0.50909704	-0.314319	0.12746291	0.16982792	-0.1198818	-0.4850672	0.066730045	-0.27830932	-0.9900978	-0.10070427	0.3302239	0.310837	-0.4519693	0.49405223	-0.784468	-0.1703896	-0.5131291	-1.2982411	-0.66835696	0.17532507	-0.16879606	0.40132347	0.9172711	-0.76268077	-0.6674334	0.35884905	-0.1801552	0.57341164	0.004120961	-0.11969736	-0.44868156	-0.031213082	-1.0677559	0.30492964	-1.2292284	-0.36434162	-0.67955333	-0.20212762	-1.1927321	0.22259979	0.038582914	0.009793071	0.26474044	0.23430778	-0.09776513	-0.31712413	0.51069015	-0.074698575	-0.5958996	1.263677	0.29349017	0.094726816	-0.9391841	-0.8732364	-0.5601449	-0.0085417405	0.329587	0.13032858	0.050752018	-0.54237664	0.53598267	0.2425152	-0.27083832	-0.092137195	-1.1371336	-0.13776447	-0.02148109	0.051013276	-0.8711955	0.26699692	-0.015572948	-0.013684405	-0.040716805	0.48809934	0.0020192075	0.020344036	-0.68428767	0.000725474	-0.37234694	-0.37409893	0.38796538	-0.039699253	0.039002385	0.2626374	0.27984524	-0.049610615	0.1350699	0.45142493	-0.28222564	0.6360428	-0.20358196	0.84772897	0.50658363	-0.16699827	0.15341108	0.5482764	0.075432025	0.5375496	-0.4628127	0.16886482	0.30872148	-0.38620996	-0.30831987	0.036353994	0.35845524	0.120188035	0.86071247	-0.19860256	-0.15905209	0.3955002	0.61912054	0.10248712	-0.36254722	0.44707906	0.17054966	0.1835661	-0.26240402	0.2026759	-0.30033696	0.89601016	-0.702513	0.29508358	0.6751712	-0.16283883	-0.70108926	0.25695193	-0.40005678	1.029668	0.1032316	0.027771384	-0.15181199	0.534865	-0.02574974	0.31949174	0.8222244	-0.8877241
-0.3852405	-0.96602494	0.19298302	-0.3050538	0.5307937	0.6506258	0.28708532	0.008500409	-0.43680584	0.3508855	-0.4607863	0.28538033	-0.018474711	-0.24167761	0.2755568	0.49080926	-0.0091611855	-0.32418972	-0.45491198	0.58041936	0.02101181	0.5576581	0.85816824	-0.053850096	0.23808368	0.3229289	-0.32541397	-0.2530122	-0.97223383	-0.28588387	0.15067692	0.13344486	0.14332502	-0.018710742	0.49747878	0.07262256	0.2469399	0.02643424	0.2680269	0.27259752	-0.30245683	0.27200118	0.48655745	0.07178891	0.40113205	0.6158213	0.5271042	-0.09539521	-0.44226423	0.38011062	0.46437007	-0.6414585	-0.20746794	-0.25521058	0.4438246	0.48202956	0.45087042	0.45143878	0.13317257	0.069515154	0.32116094	0.20394997	0.12518653	-0.047736846	-0.5022819	-0.19542311	0.009034177	-0.7719279	-0.4882821	1.2535915	-0.1283352	0.77047443	-1.126158	-0.061490156	0.11424963	-0.9735805	-0.7780541	0.46315613	-1.2113808	-0.23171973	0.34737173	-0.8573161	-0.485441	-0.34800062	0.2498266	-0.32039142	0.88584286	0.559444	-0.34176415	0.40906107	0.11939135	-0.18329324	0.48014933	0.22758365	0.41120535	0.5729821	0.045656793	0.28371146	0.5230909	0.06710302	-0.20708072	-0.08183919	-0.3824119	-0.35124257	-0.75169885	0.17671716	-0.17095633	-0.41726282	0.23636992	0.1102257	0.66012144	-0.43033046	-0.48166484	-0.39126614	0.44389978	0.36967632	-0.016546853	-0.08977261	0.5663391	1.1133	0.08058063	-0.3517588	0.0008692841	-0.692486	-0.68253267	0.12021232	-0.9184667	0.12013109	-0.08315591	-0.5734244	0.2357067	0.506811	-1.073794	-1.5689131	0.39303827	0.8983732	0.3350813	0.20279118	-0.15576968	1.0359341	-0.55697405	-0.3102402	0.3370878	0.4103545	-0.031749953	0.20573238	0.41224852	0.7704037	-0.40614378	-0.57766944
-0.67593193	-1.0169866	0.35999414	0.23780888	0.13606076	0.5922813	-0.10631472	1.1773591	-0.27728382	0.75166094	-0.4440479	0.4675424	0.27376863	0.70582604	0.81462306	-0.30840087	0.45340666	0.5464526	0.30476844	0.34878525	-1.4103498	0.45907947	-0.0814323	0.8791675	1.7839259	0.36463967	-0.42375496	0.009741598	-0.1935866	-0.1171511	0.062382556	1.5846846	0.21642916	-0.23417114	-0.67613626	-0.0906909	-0.19344534	0.16009814	-0.756357	-1.6268748	-0.66903836	-0.3229857	-0.32990363	-0.22394389	-0.8173684	0.31272504	-0.18536657	0.103248276	-0.6940136	-0.1846663	-0.6257542	-0.29157716	-0.09478669	-0.21487449	-0.32187033	0.7246513	1.1270802	1.7193992	-0.036596358	-0.08250052	0.58279276	0.43549076	0.20305826	-0.5937795	-0.13733372	-0.3687595	0.48585328	0.066288516	-0.3526013	0.13045788	-1.0282171	-1.138841	0.38010603	-0.2401306	-0.54813814	0.17964366	0.24272688	0.69234306	1.2725561	-0.81831986	-0.48468298	-0.30351222	0.11639336	0.071178444	0.26115847	1.3302207	0.35632446	-0.039263204	0.69363445	-0.34589395	-0.57314056	0.54485214	-0.15742521	-0.7214235	-0.527657	-0.5996698	-0.22432281	-0.22257245	0.6681146	0.11298917	0.37931362	-0.1148909	-0.36397877	0.27871373	-0.5778024	0.19642492	-0.46713275	-0.2913691	0.024801431	0.15463763	0.2515259	0.4518232	-0.45759025	0.11839843	1.5301172	-0.5298962	-0.48307937	0.2332083	-1.4453018	-0.34621993	1.080281	0.68911517	0.13202253	-0.491268	0.019525355	-0.021476034	-0.13127856	0.30481216	0.47942215	0.1930172	0.49211726	0.03726707	0.2889558	-0.32194406	-0.07072545	0.10646379	-0.57519835	0.3162712	-0.3959117	0.85206026	0.4915597	0.4517687	-0.12478762	-0.74293566	0.67738205	-0.3449975	-0.004408238	0.34628975	1.0226629	0.11743572
-1.0626411	-1.0638999	4.035597e-05	0.6011157	0.3843322	0.23774484	0.000984815	-0.117680795	-0.6840744	1.3277594	-0.7729416	-0.44187027	-0.006212622	0.25599796	0.19973797	-0.28874603	0.046478193	-0.49563172	-0.6118105	0.29699093	-0.77606624	0.80511945	-0.4249746	0.46593165	0.94287866	-0.50266886	-0.048863884	0.3582021	-0.7823732	-0.30269915	-0.0039631925	0.3951804	-0.24626164	0.603002	0.22576958	-0.5488893	0.41639984	-0.598823	-1.0998037	0.5320874	0.030207206	-0.32341102	0.11437514	0.104961045	0.74070185	0.079367	-0.6987584	0.86119425	-0.58925986	0.22558667	-0.5470866	-0.07066862	0.09673069	-0.66252273	0.6116419	0.045598146	0.02165824	0.33062813	-0.7848389	0.24626674	-0.13959882	0.26524767	-0.5838975	0.22755684	-0.2424543	0.19315277	0.18274422	-0.21889111	0.44167715	0.5398591	-0.23839295	-1.30541	-0.40863615	0.098510265	0.6449079	1.6325717	-0.7543841	-0.9071572	-0.4861882	-0.29046893	-0.026399776	-0.5652133	-0.10077673	0.23927943	0.7422833	-0.033806425	0.4918276	-0.4950133	-0.12753703	-0.14066976	-0.224835	0.8690697	0.9061815	0.6124568	0.53860056	-0.19986984	0.51462734	-0.043746036	0.21183372	0.047846492	0.31920153	-0.31301537	-0.365224	0.2924908	-0.2803977	-0.51767343	1.012024	-0.21804889	-0.21302566	0.4462368	-0.28096184	0.3658184	-0.4037311	0.024992364	0.8522077	0.35020608	0.05484733	-0.71798456	0.31570867	-0.20834213	0.3041611	-0.22211036	-1.239451	-0.43488845	0.58770746	-0.66613764	-0.724965	0.3205989	0.22893575	-0.06654311	-0.44755477	-0.25286484	0.08726221	-0.9530087	-0.06967853	-0.117151774	0.3691857	-0.5440008	0.39057085	-0.5074633	-0.133936	1.2478405	0.019469814	0.25174662	0.12130092	1.3430988	0.43750188	-0.12664361	0.6948056	-0.82877713
0.6973106	0.24258724	-0.20011514	0.12412267	-0.085708044	-0.19102341	-0.25141785	0.683269	0.075598694	0.1317761	-0.2828617	1.1330181	-0.19565599	0.13282272	-0.18889046	0.3316528	0.07945449	0.04229058	-0.11581434	0.1281721	-0.18959953	0.26041013	0.964177	-0.23002446	1.1355629	0.23263024	-0.76490873	-0.24686322	0.3760558	0.6149638	0.19567263	-0.5673186	0.32132512	0.4817138	0.09366756	-0.47613645	-0.07225141	-0.41283235	-0.71847844	0.34732303	0.06709402	-0.30867124	0.7935358	-0.30052292	0.26098418	-0.3242036	-0.044086628	0.09449817	-0.37531507	0.07183072	0.2420474	0.22091572	0.49955666	-0.51752543	1.0571388	0.8251461	-0.0004823521	0.5736215	0.18872885	-0.35201946	0.1612068	-0.11066667	0.5948322	0.9768436	0.33091012	-0.109235905	0.4069243	-0.8168816	0.78413516	-0.739897	-0.22010274	-0.3591821	0.04722879	-0.07177023	-0.37171924	-0.3996254	0.17456134	-0.043383714	-0.15224828	-0.7334241	1.0447012	0.011010797	0.46440986	0.44677833	0.45800468	0.22352979	-0.4178554	0.3936	-1.3640304	-0.44141427	0.51605636	0.83116287	-0.7155245	-0.88941777	0.7471393	-0.37838364	-0.28933075	0.3030274	0.8855515	-0.8668631	-0.010190366	0.035308894	0.86351025	0.03782839	-0.35785046	0.45088956	-0.8237786	-0.32567814	-0.40416494	-0.18842545	-0.20785727	0.3332371	-0.37969086	0.024263775	-0.05147388	-0.43600816	-0.06750379	0.2931867	-0.8227942	-0.038294464	0.5044989	0.34418848	0.5665122	-0.11162552	0.1169508	0.27377245	0.66981745	0.39582208	-0.3170596	-1.0317723	0.24170321	0.4433541	0.09213314	-0.21594854	0.5399722	0.6145121	-0.21276084	-0.6347883	-0.5644681	-0.26468304	-0.2580138	0.6124234	0.42450556	-0.34660926	-0.3697143	0.59686863	-0.42434573	-0.9919937	-0.28967696	0.41743764
-0.48926282	-0.7722116	0.35463378	-0.028850522	0.19996342	0.512571	0.55081564	0.95764744	-0.14726472	-0.029870354	-0.2976799	-0.38339764	0.37169656	-0.7159787	0.2897077	0.75586027	-0.65138686	-0.15161254	-0.588899	0.79826015	0.34819162	0.46044913	-0.048590023	0.5960641	0.043376982	0.67139953	-0.61225957	-0.05694373	-0.5678811	-0.14215812	0.52546626	0.35712415	-0.09862005	0.4353774	-0.37761423	0.11149131	0.133525	-0.1695658	-0.1516313	0.14430712	-0.11514682	0.09233774	0.38934138	-0.7574462	0.27882004	-0.22582942	-0.08136225	0.49917245	-0.5361504	0.18256694	-0.36677572	0.45272923	0.5393683	-0.12643118	0.51047635	0.38138285	-0.43679008	0.23927683	0.287475	0.17972441	0.29687646	-0.15183169	-0.3844058	0.27789146	-0.009920156	0.13952631	-0.05030891	-0.103887856	-0.5441292	0.3159254	-0.12912525	0.2206678	-0.2069261	0.58899164	0.12085316	-0.02571696	-0.19959418	0.49165255	-0.5833963	0.44552934	-0.14742425	0.0643011	-0.33020908	0.11820624	-0.2612498	-0.23741348	-0.6982694	0.21490468	0.47763562	-0.53725374	-0.34506235	-0.13540123	-0.503122	-0.74476355	-0.053886514	-0.20689012	-0.37055212	0.10442112	0.2567838	-0.4124133	0.59305084	0.070017315	-0.56795245	0.61687183	0.54728305	0.15638813	0.10394479	-0.22877596	0.39111093	-0.6518106	0.394251	-0.043749865	-0.15795694	0.7229829	0.42690358	-0.64566743	0.54127145	0.25450793	-0.332464	0.34304377	-0.1214726	-0.3335726	-0.8361306	0.2420848	0.591595	-0.13484927	-0.3983647	0.11178689	-0.23786704	-0.5314879	0.05364318	-0.033743307	-0.32132965	0.13425821	-0.42266423	-0.061868332	-0.0056274813	-0.0892916	0.16732281	-0.26274982	-0.40282157	-0.114026345	0.48226708	0.59294206	-0.37037575	0.31699583	0.5388955	0.13558224	0.39078793	-0.22168237
0.6410751	-0.71120566	0.061896052	-0.31350857	-0.32395548	-0.32744825	0.013806471	-0.21239832	-0.17672129	-0.19216703	-0.30343446	0.29899368	0.40718296	-0.3478479	-0.47563732	0.31453794	0.057743166	-0.55527854	-0.31232053	0.23752809	0.18513082	0.07344456	0.61449176	0.77389	0.5812369	0.20551668	-0.56559277	0.005754964	-0.40300858	0.6614655	0.17477219	-0.45479345	-0.06965529	-0.32997602	0.5461683	-0.3260593	0.78524286	-0.7645329	0.030738961	-0.84522	-0.033373557	-0.16728817	-0.36933672	-1.0184958	-0.55944747	-0.30125654	0.25446317	0.34433326	0.4691151	-0.10926013	0.13880755	0.264386	0.36944285	-0.066251114	0.3676617	0.0045963326	0.016196925	-0.638771	-0.14666472	-0.26360705	0.84696186	-0.04283544	-0.5722326	0.664431	-0.7512166	0.8260361	0.679766	0.65362465	-0.038464747	-0.07064633	-0.2746287	-1.0746413	0.027650835	-0.2742761	-1.020875	-0.20451736	-0.120833434	0.8108159	-0.039037343	-0.51083153	0.3875144	-0.22823998	-0.53958046	0.12879594	0.36303154	-0.020754328	0.1325794	-0.022454252	-0.4925405	-0.86829245	0.02146246	0.046667133	-0.2058301	0.2130583	-0.12957425	0.2835758	0.001525233	0.28387454	0.03890773	-1.4931465	-0.14473407	0.039214175	0.087086126	-0.13175379	0.19378471	-0.28148487	0.45494878	-0.9745331	-0.22739896	-0.06503183	-0.9733862	0.04633706	-0.12763704	0.0020768296	-0.024906538	0.19143228	0.36854044	-0.124076314	0.120383486	-0.0666104	0.0025639273	-0.34642974	0.67345	-1.0379136	-0.32363784	-0.25095403	-0.14318	0.15583813	0.30389988	-0.48048046	0.45797747	-0.1221461	0.5373511	-0.48788485	-0.61618793	0.103567645	0.6635588	-0.24123353	0.6910029	0.62582266	0.40851372	-0.7391368	0.6373689	-0.08884837	-0.21372837	-0.115217976	0.8186476	0.80399835	-0.9144832	-0.44061968
-0.27580708	-0.23117557	-0.3508534	-0.08678034	0.1378389	-0.041075528	0.42574197	-0.22101466	-0.45114923	0.46882436	0.0046234108	-0.11539985	-0.47586632	0.40593484	-0.06202575	0.21185264	-0.51531386	-0.8683192	-0.7112441	-0.11421645	-0.38003817	-0.092835374	-0.3649515	0.43816203	-0.35959768	0.5030501	0.4627899	-0.049984466	-0.38527733	0.45515913	0.4906877	-0.9997827	-0.020477105	-0.42646402	-0.24052884	-0.31278706	0.26918828	-1.1807826	0.5168209	-0.48370433	-0.25020847	0.0698739	0.13130207	0.26870638	-0.19174567	0.2131906	0.07284093	0.43157905	0.37761167	0.51592636	-0.60499275	-0.30395156	-0.0878838	-1.1771833	0.13215606	0.18366218	0.20605153	0.59709054	-0.15084359	0.045806974	-0.13034897	0.78755176	-0.26412705	0.47753888	-0.7682856	0.3127938	-0.44461796	0.79158545	-0.4233012	0.62530774	0.3121244	-0.32026395	-0.8611828	-0.58099484	0.31126958	0.25979897	-0.10779579	-0.44587466	0.09691125	-0.05906667	-0.54133654	0.9472775	-0.095858015	0.5275459	-0.29772922	-0.12806553	0.38499904	-0.036663495	-0.05091239	-0.65473926	-0.6897295	-0.08199922	0.36064157	-0.31564236	0.9127726	0.09914949	0.07896895	-0.5307288	0.6074157	-0.18714872	-0.12927724	-0.8989708	0.58650196	0.16597296	-0.24493442	0.57885337	0.042152498	0.043394674	-0.026398247	0.7171517	-0.27339894	0.27065045	-0.59505385	-0.0523657	-0.2209774	-0.5922207	-0.08566021	0.06323269	0.14530109	0.19119126	0.70174444	0.80477613	0.56112725	-0.1528442	-0.56017995	-0.03256978	0.09428046	-0.26121056	-0.22800252	0.072365746	-0.15050457	0.9302751	0.30949548	0.50884455	0.29405218	-0.19867589	1.3060275	-0.5733919	-0.22834456	-0.12056168	0.659196	0.20269942	0.90533584	0.46838224	-0.4617109	-0.22703873	-0.17562494	0.35860378	0.1817427	-0.6280926
-0.66645265	0.48118854	1.0436804	-0.3675085	0.12024604	0.46483144	0.04052143	-0.19964342	-0.38203192	-0.3656783	-0.062640384	0.24328893	-0.54295975	-0.40132162	-0.06914696	-0.65348905	0.28868505	-5.191317e-05	-1.3642412	-0.28335008	-0.61483705	0.43264	0.69047695	0.44609898	0.94104534	-0.10863668	0.12784684	-0.38978332	-0.54646575	-0.7882029	0.83818996	0.2580206	0.89209586	0.23673433	0.45630273	0.26898494	0.044734523	0.15409365	-0.790868	0.7464873	-0.56918144	-0.39486012	-0.16127013	-0.6734051	-0.47940838	-0.21756701	0.06851115	-0.114216626	-0.26760486	-0.35474616	-0.2509745	-0.19612245	-0.034261297	-0.17103283	1.0248393	0.28168792	0.29645342	0.17147091	-0.09568627	0.12934318	-0.71358174	-1.1567868	-0.29074544	0.15991168	-0.22904132	0.32833523	0.08040596	-0.22305365	0.08230422	0.08001713	-0.14469898	-0.36513826	-0.25478703	0.21738915	-0.008461254	0.1284657	-0.644026	0.5192802	-0.7724304	-0.65651697	0.48694047	0.5559602	-0.23109302	0.71055925	0.014784068	-0.6488207	-0.69577545	-0.0967859	0.2950742	-1.0198344	-0.23791979	1.0932492	0.30629313	-0.6299282	0.5636499	-0.5245288	-0.31839794	-0.40370542	0.68730146	0.39409733	-0.23758993	0.015680192	-0.60933393	0.10383942	-0.59094477	0.22519812	0.21679729	-0.6848358	0.24141799	-0.15804532	-0.32715192	0.023540465	-0.52137876	0.054184426	0.40425456	0.80656534	0.8366332	-0.60919124	-0.17610213	-0.37174338	0.54683346	-0.9719095	-0.44460863	-0.60273814	0.024586994	0.055028588	-0.32887632	0.019359173	0.64463866	0.04870851	0.5335367	-0.6852058	0.35168847	0.66412896	-0.5592833	-0.3830299	-0.106078684	0.72817224	0.074140735	0.7538051	0.4233644	-0.5000332	-0.07717223	0.36335394	0.36900464	1.1236564	-0.4446302	-0.4512318	0.97915745	-0.4813289
0.34118342	-1.0002661	-0.16454071	0.07126733	-0.34120533	0.4697354	0.14571373	0.2919991	-0.24210824	-0.14409897	0.4106084	0.20140612	0.4886616	0.09000004	0.5198653	-0.20330963	-0.6323059	0.97715014	0.27899712	-0.330437	0.15975113	0.04113937	-0.43072367	0.89122427	0.2843484	0.68826586	-0.6086976	-0.38118047	-0.22323164	0.7103356	-0.5118968	0.0670804	-0.29641327	-0.11998964	1.0286463	0.71159446	0.44584993	0.037100676	0.14197953	0.27300888	-0.11961604	0.45857304	-0.15140343	-0.06457835	-0.21278548	0.6125134	0.8951483	0.8195984	-0.6229316	0.6140659	0.63205564	0.2628034	-0.26806238	-0.06399562	-0.7807612	-0.84459394	0.08509037	-0.0707282	0.0014573776	0.5140206	-0.24980955	-0.8697007	-0.051259227	1.7287209	-0.057050705	-0.35484192	-0.08278654	-0.70235765	-0.03639972	0.6452176	-0.64443403	0.074037366	0.4276266	0.51184803	-0.24815597	0.7230326	0.41007555	-0.0051799845	-1.0048991	-0.25048152	0.68879706	-0.22575998	0.73426294	0.41242546	0.3484229	-0.11987862	0.178776	-1.0053934	0.114394516	-0.26238865	-0.9404929	0.04543186	-0.38435245	-0.34279838	0.9667887	-0.05276765	0.4020555	0.21507688	0.74357724	-0.4722135	-0.07537309	0.45149764	-0.40561157	-0.54763985	0.19155297	0.19603029	-0.5761025	-0.31300512	-0.28839228	0.48973963	0.35703623	0.5008743	0.31069517	0.72780156	-0.06957346	0.5239406	0.011140458	-0.3458806	0.13000058	-0.059876468	-0.45044303	0.49904463	-0.79092175	-0.1698417	0.3195161	-0.4309029	-0.022303084	0.8387276	-0.67252725	-0.49278793	-0.18315284	0.061838195	-0.19550884	0.39440343	0.68066233	-0.6561479	-0.55380446	-0.26103914	-0.65758127	0.5799421	0.7724928	-0.036010373	-0.07310386	-0.26839784	0.23238575	-0.26367745	0.02364106	0.018969836	-0.0037064892	-0.18995543
0.2430804	-0.37471253	0.2787393	-0.67901087	-0.20854096	0.49205458	0.87221	-0.19892953	-0.5244451	0.5453161	-0.67955875	0.42857447	0.09571591	-0.577992	-0.2010938	-0.28618163	0.06580564	0.68026537	0.7508294	0.20728458	-0.56611454	-0.03855764	0.33865073	0.3822922	0.44700858	0.046348453	0.16270588	-0.20368654	-0.11103037	0.07689706	-0.50629526	-0.31088185	0.2886587	1.1223184	-0.21671948	-0.55308956	0.12698841	-0.6945816	-0.35920924	0.17705417	0.5625178	0.3815783	-0.62943	0.14746608	-0.66009015	0.50245863	-0.14649327	-0.46137083	-0.3187263	0.23783849	-0.03296159	0.10808698	-0.6189025	-0.19798204	-0.23032914	0.13949496	-0.116229415	-0.6385945	0.07473462	-0.06981692	-0.6339771	-0.9779847	0.07075269	0.32100067	0.65020806	-0.20041472	0.07198126	-0.42401093	0.05648622	0.11531121	-0.5525744	-0.036263723	-0.15994444	0.8784383	-0.5435961	-0.17959882	0.07928752	0.74544394	0.56564516	-1.0211253	0.14817126	0.5089164	0.84541774	-0.32231525	-0.40162572	-0.85429394	-0.32042676	-0.4767492	-0.17962962	-0.49075666	-0.5212052	-0.5390021	-0.015151304	0.2350757	0.43296495	0.56996185	0.18977812	-0.12929606	0.68902886	-0.6176002	-0.7313963	0.28470346	0.16340216	-0.32963577	-0.010625576	0.041287355	-0.046213727	-0.3970082	-0.21273535	-0.39596084	-0.15598193	-0.57357115	-0.2855373	-0.061509773	0.16983826	-0.8238406	0.4047195	-0.20093566	-1.3712149	0.22007838	0.2371034	-0.24872561	-0.0027418593	-0.5081056	0.35521406	-0.88464	-0.72450536	-0.37829074	-0.6256477	-0.35404763	-0.5582327	0.1951595	0.20598891	0.042520024	-0.20280533	0.39633563	0.16098253	-0.46321473	-0.6717675	0.35031936	-0.38075924	-0.63511586	0.42369643	-0.23662725	-0.29070923	0.8747195	-0.106044866	0.18625079	-0.9105137	0.07600612
0.90102684	-0.25185826	0.8092457	0.5625902	1.5570114	-0.09575879	1.1066442	-0.6730231	-1.0084022	1.7479731	-0.9095444	0.29670894	0.6531865	0.28377196	-0.2838266	0.6321786	0.6506155	0.030927053	-0.5932238	0.68815535	-0.36578798	2.224428	-0.46136585	0.29203817	0.60024637	1.0629547	0.3025701	0.344029	-0.27452943	0.6818305	-0.032749552	-0.67825276	-0.3070209	-0.1793241	-0.77527887	-0.32917768	-0.32574597	-0.9893089	-0.37067688	-1.6726117	-0.17542538	-0.27139187	0.31344947	-0.6612369	-0.14882238	0.8211535	-0.67052734	-0.31514946	-0.12478211	-0.10841323	-0.62771875	-0.38403213	-0.37946692	0.28191838	-0.8817974	-0.26174042	-0.0055045253	0.15323924	-0.27329558	-0.024646766	-1.3264352	-0.3337966	-1.0106695	0.6134494	0.14845373	0.08309847	0.084541135	-0.7682852	0.4206824	0.38931847	-0.45089313	-0.15959327	-0.027854916	0.32871553	-0.29217216	0.27069336	-1.3004509	-0.008219211	0.09410957	-0.8723983	-0.9086797	-0.04009489	1.0396954	0.6652371	-0.3526776	0.54718786	0.49939445	-0.61708283	-0.00039844433	0.43689135	-0.7713321	0.15102972	0.85998356	-1.2554151	0.20372325	-0.13178034	0.29693788	1.0362053	0.9780013	-0.5337608	-0.16020101	0.521362	0.8211087	0.19267407	0.38978797	0.73371345	-0.69114256	0.45640552	1.151863	0.08353841	0.45248136	-0.016100869	1.0312405	-0.1942417	0.18202958	-0.16242196	0.25626007	-0.34562624	0.55837023	-0.5994915	0.45663956	0.18893757	1.161207	0.6382577	0.5481206	-0.24977171	-0.08800228	0.0374851	0.5294689	-1.1114072	-0.75351447	0.6863013	1.258212	0.35697624	0.53537005	0.4853059	1.1239952	-0.033012163	-0.2686114	0.043640617	0.16697755	0.7536046	-0.17610446	-0.2030275	0.38296217	-0.04584556	0.9887796	-0.83986264	-0.34724462	-0.5475044
0.6311222	0.44844514	0.93069094	-0.48405787	0.5288005	0.5683475	0.55795485	-0.63925874	-0.4973072	0.8088172	0.03286346	-0.41547278	0.29817405	-0.27052596	-1.0303627	-0.45381114	-0.44178295	0.27992746	1.0879085	0.11433307	-0.7176745	1.1476785	1.0791992	-0.087218665	-0.024949843	-0.34203258	0.09296618	0.04521553	-0.32397735	-0.1504049	-0.7585819	-0.34627992	0.067271166	-0.73617226	0.556596	-0.06486415	-0.28362727	-0.63813424	-0.5565319	-0.15397128	-0.11333378	0.8947102	-0.9529474	-0.83773947	-0.27262393	-0.5181539	-0.21680622	-0.66923076	-0.17426503	-0.3765082	0.44220734	-0.1785667	0.21064122	0.808452	-0.0022031895	-0.77711964	0.7421368	0.56243813	-0.5876843	0.7266507	-0.5013056	-0.14205387	-0.24432856	0.4868544	-0.18191126	-0.16808999	0.67573994	0.1850333	-0.2296552	0.8349292	-0.20934922	0.960546	0.13147633	0.7594141	0.34131342	-0.61459917	-0.13730095	0.50808895	-0.9549701	-0.006506603	-0.83399826	0.48260343	0.016879821	-0.4354702	0.2055059	-0.24828416	0.515065	0.3698252	-0.6417024	-1.5455443	-0.26492888	0.2623673	-0.25531286	0.48313725	-0.38418987	-0.08389415	0.15345591	-0.7923107	0.9602337	-0.3547603	0.30527875	-0.3611066	-0.35387227	-0.2548595	1.1965373	0.79564357	0.36441195	-0.39592618	0.68397295	0.06588244	0.50294274	0.33296478	-0.56564724	-0.35924208	0.59494674	0.17945084	-0.32034403	-0.032791622	-0.52346414	-0.9797665	-0.13139454	0.1505887	0.63836074	0.09385662	0.8721429	-0.86240953	-1.6544737	-1.3603806	-0.13204224	-0.9966884	-0.74405485	-0.30363604	0.2908058	-0.31573573	0.40836367	0.90976435	0.9341789	-0.5511897	-0.08678087	0.27513146	1.0706104	0.55885524	0.78176177	0.7142411	-0.21266262	0.45867777	0.6731428	1.0927508	1.046568	-0.98441976
0.07220803	-0.92141014	0.73972595	-0.53734	0.6377396	0.4802846	0.18359776	0.18711215	0.46131244	0.37257746	-0.512663	-0.33422926	-0.023410784	-0.9748983	0.11398365	-0.0041053053	0.10618318	-0.90489656	0.33770502	1.1199702	0.25526583	1.4338664	-0.149988	-0.36341327	-0.09416032	0.12983915	-1.1253493	0.02420689	-0.3338845	-0.3603857	-0.22911745	0.3693095	-0.629339	-0.12438045	-0.46772024	0.7327268	-0.1109504	-1.1503388	0.15572588	-0.06026562	-0.10248713	-1.0191512	-0.60609704	-0.49457428	-0.24873559	0.30419537	0.0070047947	0.5862854	0.47909713	-0.22322689	0.20841826	-0.4374168	0.088066496	0.18455862	1.034545	0.9367761	1.4884949	0.25430092	0.095708735	-0.40266657	-0.4242205	0.5112237	0.17762804	0.24741806	-0.5104575	0.52613723	0.45694563	-0.076936245	-0.3188417	-0.07298935	-0.76978344	0.88796157	0.027758498	0.08705566	-0.15350182	0.024940815	-0.1332671	0.577836	0.23278181	-0.034703646	0.08074608	-0.024669344	-0.8867588	0.1274985	0.7759833	-0.9047781	0.26881176	0.4593175	-0.068618834	0.060914345	-1.4912697	-0.60230637	0.30780277	-0.28853467	0.08316058	0.30585635	-0.39284688	0.31901398	0.52450836	-0.6095493	0.9450353	0.74729747	0.09145141	0.16496201	-0.31399179	0.3959715	-0.41098964	0.501954	0.030422926	1.0064836	-1.0060428	0.21729763	-0.2397996	-0.46394283	0.31178266	-0.30656853	0.87747604	-1.2920642	-0.45785782	-0.28425965	0.18233678	-0.07989358	1.1481467	0.54981714	0.37835506	0.8276457	-0.401971	0.15777951	-0.6868013	0.110111244	-0.38294074	0.07259774	-0.21776749	-0.0224438	0.35345504	0.24990124	0.45015705	0.08813975	-0.056807432	0.115951456	0.46755114	0.0042561376	1.1997898	-0.36398274	0.94776666	0.026113382	-0.38368124	-0.7827232	-0.20089978	-1.0336171
-0.14990112	-0.247662	-0.16864079	0.71401906	0.14338575	-0.2821808	0.21745437	0.19081312	-0.81565005	-0.23626412	-0.7309337	-0.03127336	-0.20791136	-0.8292402	0.42041644	-0.8129286	-0.2816132	0.48257333	0.14179197	0.24793561	0.43176895	-0.21520591	-0.4963623	0.73975164	0.64419854	0.3067749	-0.17392722	0.10652966	-0.5641932	0.045363408	0.5065265	-0.16552524	-0.5182526	-0.571612	0.9931302	-0.28583482	0.7496513	-0.8507437	0.20333256	-0.36990288	-0.8437922	-0.30044374	-0.7353142	0.112190515	-1.4483144	0.7739538	-0.2695396	-0.3745273	-0.49883354	0.29934636	-0.80054665	-0.61608404	-0.34221947	0.35095602	0.25577047	0.145424	0.07426861	0.6817949	-0.4084512	0.7383093	-0.5763851	0.20265453	-0.29653022	0.20104313	-0.6378608	0.05164462	-0.39580128	-1.2505727	0.26201302	0.09396459	0.51942235	-0.6841235	0.056416497	0.3141758	0.19995922	-0.709112	-0.48597947	0.4984744	-0.5982675	0.11605444	0.117706396	-0.4696668	-0.3795035	-0.7549073	0.3884398	-0.58718467	0.3769879	-0.0048819655	-0.26745746	-0.64373875	-0.7639044	1.175421	-0.52977717	-0.19013438	-0.99549824	-0.89351887	0.5289435	-0.2830631	0.93022984	-0.0023270247	-0.40355894	-0.10020235	0.28531048	0.9889714	0.3216254	-0.0913561	0.00801859	0.42163226	0.60795593	0.2201387	-0.21793483	-0.70877606	-0.011569044	0.2492823	-0.03442705	0.35928032	-0.09544178	-0.15238504	-0.021843186	-0.5545425	-0.047667507	-0.18862006	0.003714698	-0.93262297	0.7643984	-0.77024275	-0.9913637	0.72055966	-0.11514702	-0.06373662	0.14286926	0.71063334	0.14859727	0.014764124	0.3547647	-0.004851336	0.48246208	0.1480744	-0.20255952	0.61092865	-0.7223177	0.4896429	-0.39813516	-0.07207039	-0.46825573	0.4571349	-0.48259056	0.0029819568	-0.29312512	0.059849866
0.91122854	0.33753273	-0.27851915	0.2331981	0.36223382	0.52377474	0.15694772	-0.555884	-0.75115496	0.812088	-0.23782854	-0.24318075	0.7929644	-0.47152913	0.4645471	0.058804158	0.48262256	1.0239564	0.17785494	-0.02673866	0.20890583	0.3199244	-0.09029308	1.1200677	0.7388433	0.4848294	0.13943516	0.3752259	-0.20526582	-0.011438827	-0.539557	0.5273409	-0.19196644	-0.31868562	-0.121613756	-0.42569876	0.39339077	-0.8429109	0.37665728	0.13193986	-0.3717809	0.276966	-0.35258242	0.57810575	0.09101461	0.7694992	0.18778184	0.45671362	-0.34331003	0.42624846	-1.0389748	-0.5690949	0.11552783	0.015419273	-0.3546223	0.6389185	0.45149666	0.58375627	0.3782436	0.47656253	-0.094395004	-0.14822052	-0.813931	1.1083658	-0.28651312	-0.0343734	0.44915217	-1.0583649	-0.4501943	0.014483263	-0.28865567	0.36392507	-0.07996321	0.6661879	-0.036982216	0.4528845	-0.3392974	0.46258315	0.008131526	0.75728995	-0.12044902	-0.48642397	-0.28956848	0.03630035	-0.035804406	0.965847	0.116695955	0.6903977	-0.85111266	0.31263807	-0.45459965	-0.53405935	-0.0009366635	0.031852935	0.45198706	-0.29318926	0.43134877	0.84576017	-0.21323618	0.49004367	-0.0055055544	0.038323283	0.21874359	0.70765555	-0.6172026	0.86790895	-0.52913535	0.65425885	0.17983916	-0.42447516	-0.102643125	0.21741891	-0.4717553	0.17242748	-0.18227553	-0.19754602	-1.2339563	0.05774251	-0.05161749	0.509304	0.23903376	0.32769564	-0.09792537	-0.43949905	0.67608315	-0.7539653	0.01775227	-0.30175444	0.7184754	-0.4197542	0.31475553	0.5928719	0.121292576	-0.0146286525	-0.24132586	0.68356264	0.28682473	0.339082	0.15269972	-0.12085904	0.6998242	0.6621102	0.825435	1.1320056	0.117248036	0.35955125	0.12984289	-0.15966076	-0.107933715	0.3400183
0.6496661	0.34362668	0.7209294	-1.0030241	0.85532445	-0.732262	0.15603133	0.08522157	-0.38123935	0.12576193	0.22966933	1.0140687	0.21324262	-0.048313983	-1.4539937	0.036638107	0.6069909	0.10983759	0.042847082	0.9019751	0.753163	-0.1128014	-0.44578502	0.35810262	0.36915216	-0.107081465	-0.25701198	0.20864412	-1.1246676	0.7611192	0.2681873	0.12769505	-0.16233946	-0.7010634	0.49177164	0.6133765	0.45224988	-0.29107854	0.13652407	0.233087	0.4866565	0.2657346	0.21302305	0.16778973	-0.3221459	0.5573497	0.6851676	-0.21030083	0.103839464	-0.0040728324	-0.63803995	-0.3149038	-0.82545435	-0.46294647	0.42316952	1.3211625	-0.53735816	0.73089504	-0.54719853	-0.4701143	-1.1887442	-0.22147766	0.37490624	0.019976752	-0.18704899	-0.19820677	0.39425093	0.20007686	-0.72803843	-0.16763109	-0.20734276	0.20529234	-1.1135386	-0.21031682	-0.5402415	-0.45672956	0.210844	-0.0018715098	0.1081151	0.09492372	-0.4152026	0.46863264	0.42938733	-0.09382697	0.34943148	-0.79409546	0.12177383	-0.08035267	0.1772257	0.45225856	-0.04082611	-0.3274077	-0.65122014	0.06663013	-0.125255	-1.2410054	0.4801497	0.6223497	0.86183774	-0.5200408	0.095524825	-0.7800222	1.1178291	-0.62571317	-0.5488641	-0.33676147	0.45217466	0.4190312	0.2457507	-0.15457231	-0.2643892	-0.047809523	-0.72759295	0.5722033	0.06003889	0.041981887	-0.49140888	0.5670779	0.65939224	0.14147393	1.1124768	0.09560556	-0.8309457	-0.84224427	-0.5430535	-0.48390323	0.15995409	0.8724562	-0.42420036	-0.4896752	-0.4200394	0.7174174	-0.14364345	-0.43941188	-0.5007547	0.6088273	0.29557186	-0.7334505	-0.36580315	-0.10185531	-0.2017662	0.40295285	0.25525934	0.028524384	0.051506396	0.7407949	0.28743133	0.12081095	0.6590493	-0.6128777
-0.15950033	-0.4291474	-0.07180431	0.2967239	0.1989587	-0.10656821	-0.5680199	0.4445706	-0.065716885	0.10727923	-0.10015719	0.3114616	0.5749767	0.25176698	0.047684994	0.89251584	-0.7276286	-0.51677406	-0.5574641	0.1998279	-0.16354217	-0.077025704	-0.69980943	0.076398574	1.3102868	0.22891629	-0.16838363	-0.13090108	0.6652148	0.22993138	-0.34232992	-0.19947419	-0.61723095	0.11991091	0.23503664	0.20141791	0.17254837	-0.55010664	-0.47539315	0.41571656	0.6659823	0.7026838	0.16854037	0.62920743	-0.5634567	0.7796058	0.46467826	0.04314963	-0.8797633	-0.17445554	0.04373591	-0.2687385	-0.095492974	0.7177084	0.0075856927	0.1843747	-1.0816026	-0.24204995	0.9895952	-0.15422788	0.19740622	-0.5574297	-0.95981956	0.95527047	-0.25129402	-0.7604067	-0.31592914	0.6864922	-0.35995963	0.75276244	-0.09707477	-0.43224788	0.50033784	0.3679318	0.047554728	0.7658545	-0.2536542	0.47364712	0.6550621	-0.77013683	0.024145111	0.38247055	0.7645077	0.10796352	0.32982153	0.58014715	-0.15007347	-0.84495825	-0.2886691	-0.16469978	0.025014307	0.45625693	-0.22529525	0.23300941	-0.030588675	-0.54722935	0.16544253	-0.010108724	0.23455228	-0.8395085	0.015921187	-0.27491647	-0.4875082	0.7478011	-0.51715714	-0.333435	0.15983312	0.34316742	0.20419316	0.9315539	0.44043598	-0.19377664	-0.2949026	-0.13452047	0.45228338	0.2664183	0.4690098	-0.13704073	-0.19433911	0.3062734	0.15846345	0.028602788	0.82002324	-0.30728483	-0.050808962	-0.64627594	0.06533497	-0.19344021	-0.048477266	-0.98259825	-0.172385	0.19639571	0.2613726	-0.5743658	0.452874	0.590834	-0.3374751	-0.7789753	-0.6744145	-0.19033353	0.60483664	0.77692914	0.23880595	0.55023456	-0.1936739	0.3663415	-0.23482472	-0.1362997	0.2927292	0.08342327
0.75578755	0.5825619	0.39502758	-0.32569057	0.45967016	0.63921493	0.5099552	0.27828646	-0.31017464	-1.1394964	0.3209399	-0.63629884	-0.16161452	0.32860354	-0.19713035	0.4211729	-0.14584008	0.9142624	-0.99491626	0.14804329	0.6806422	0.7002268	-0.31123763	0.5572734	-0.30632654	0.97397596	0.2754633	0.25816023	0.032819387	-0.18037117	0.5053365	-0.23023227	-0.8648333	-0.7611633	0.13207248	0.5027312	0.726051	0.4585271	-0.2117518	0.4119486	0.22509599	-0.46477497	-0.35057354	-0.20303611	0.06688735	0.9883662	-0.48164788	0.86939144	-0.23886117	-0.45329183	-1.1089454	-0.08157434	-0.4553818	0.34678042	0.39992747	0.29446778	0.5393785	0.4270083	0.51634216	0.37037438	-0.80261075	0.34715283	-0.8163008	0.97281873	-0.24915406	-0.045175675	-0.47086906	-0.64474565	0.37441406	1.2693596	-1.4360464	0.39277676	0.64479107	0.3605469	-0.48429307	1.4081117	-0.076155886	0.22897518	-0.19430517	-0.20505051	0.2860647	-0.027867196	-0.2155332	0.46853018	0.6830984	0.051697914	0.37317622	-0.14904225	-0.06473998	0.40073055	0.15039317	-0.7631153	-0.33502066	-1.4994469	0.85855997	-0.8957536	0.01741969	-0.13258211	0.08938162	0.22280596	-0.05748495	-0.6150893	-0.32031643	0.25415078	-0.46640843	-0.22078879	0.20817848	-0.6838802	-0.13447157	0.17309612	0.27622706	-0.3543752	-0.9702823	0.8700765	-0.23436236	-0.6111421	-0.7973529	-0.31771904	-0.5535052	0.23376785	0.46010184	-0.40033123	-0.09081895	0.33593565	-0.43961668	0.10660784	0.042535555	0.09381413	-0.011943328	-0.7870765	-0.16269171	0.3555541	0.9542787	0.48438028	-0.038117807	0.3533597	0.20154074	-1.2428973	-0.60214573	0.01535394	0.5564751	-0.6796215	1.4452198	0.76468736	0.22302352	0.55373615	0.5034236	1.2303131	-0.5517569	0.5355113
0.4625084	0.39324096	-0.52667844	-0.46321842	0.057550322	0.092567146	-0.430062	0.7332052	-0.8051592	0.4620561	-0.3638223	-0.6939026	-0.16751978	-0.11138244	-0.82276946	-0.040221196	-0.14999849	-0.60231006	0.19303228	0.1939713	-0.19962357	0.7400098	-0.17305058	0.1323777	0.36610052	-0.28559208	-0.09835527	1.147531	1.4133403	0.69462323	0.8191094	0.03535438	0.40754086	0.8796576	0.07669018	0.5761286	-0.09644906	-0.9630343	0.2079363	-0.50091887	-0.69874287	0.26443502	-0.14483976	-0.26357576	0.13367398	0.2006053	-0.18919085	0.33174992	-0.21060649	-0.10699943	-0.1644196	-0.24203904	0.16488232	-0.17786545	-0.58372253	0.5063224	0.27198958	0.5903324	-0.6285061	0.69552565	-0.6386434	-0.42196625	-0.27860758	-0.1259353	-0.013744201	0.0041953595	0.31245264	0.6461343	-0.13611898	0.057847574	0.3944151	-0.71099615	-0.7078449	-0.5009087	-0.7290621	0.29798347	0.1303773	0.5675839	0.8416683	0.28801066	-0.20359652	-0.2098998	-0.95991933	0.20304696	-0.26728648	-0.044548195	0.55267185	0.55632466	0.7453603	-0.27054816	-0.20382631	0.62123513	-0.1625308	-0.34452304	0.07707535	0.15261365	-0.16222523	-0.45208466	0.5730678	-0.43305495	-0.06498355	-0.34712756	0.27479306	1.1271322	-0.057226896	0.41560757	0.19825253	-0.042293288	-0.3011054	-0.73692584	0.28662786	0.28714696	-0.9915527	0.48720264	0.024768313	-0.48648924	0.49931374	-0.03082476	0.42887783	-0.34283528	0.974614	0.59789383	-0.7771859	-0.22295725	-0.2008942	-0.02514996	-0.24400912	-0.034932423	0.21086964	-1.0465907	0.2735585	-0.112552345	0.22978373	-0.84452116	-0.2662679	-0.08724548	-0.0062555503	0.19217263	0.519451	-0.63642544	0.73439676	-0.5468603	0.17249036	0.09003513	0.89178187	0.7294493	-0.07378617	0.40335196	0.2912691	-0.76645464
0.46508184	-0.8966327	0.14948699	-0.43043905	-0.4592025	-0.49671388	-0.88410085	0.036130674	-0.8858217	0.9793031	-0.38970584	-0.04339565	-0.41068673	0.13612737	0.14219785	-0.10373126	0.44157186	-0.3813786	-0.5842081	0.095092796	-0.62572706	0.40981457	0.21827392	-0.80346066	0.8911922	0.42165828	0.6112211	-0.2219444	0.30182412	-0.6563118	0.23392668	0.39211795	0.07398573	1.1181257	-0.29229227	-0.98231137	0.7161326	-0.19280669	-0.1535586	0.22929516	-0.7937837	0.8417808	-0.12010256	-0.22655512	0.43044966	-0.13818936	-0.5519481	-0.20477983	-0.8711874	1.1137595	0.4621123	-0.047416136	0.5245538	0.56967485	-0.25271532	-0.33560577	0.69186765	-0.09632593	-0.84201497	-0.34254757	-0.25444755	-0.13911568	-0.6721175	0.18886754	-0.3890053	-0.061825473	-0.07444901	-0.055920664	-0.0290089	0.46659753	-0.8060645	-0.015082521	0.29303294	0.61230224	-0.035929397	0.45472673	0.43075123	0.6722792	-0.15245165	-0.32072848	0.4461136	0.0611029	-0.69433534	-0.20057791	0.6485254	0.101382	0.078180246	-0.047641166	0.3366155	-0.54038256	0.52960026	-0.056054305	-0.17729418	-0.3459221	0.48211464	-0.4553517	-0.24699472	0.2533868	0.5249563	-0.05654905	-0.66104513	0.3398577	-0.38910592	0.618851	-0.6160299	0.56980383	0.93865293	0.32183072	0.08954555	0.43920913	1.2808046	-0.16833831	-1.0753412	0.3401007	0.9207107	-0.66000235	-0.20743844	-0.11567081	-0.27931482	0.15845193	-0.16776597	-0.07599581	0.5627921	-1.5654974	0.9827427	0.11418467	-0.09928157	-0.28133374	0.7829382	-0.19157648	-0.7379928	0.6877812	0.5638082	-0.43994203	-0.087765604	0.16945966	0.69826066	-0.0552213	0.43894705	-0.13440214	0.45231038	0.67528397	0.72569406	-0.17125735	-0.50479877	0.34491318	-0.7162181	0.54052687	-0.23304418	-0.0320073
-0.38305962	-1.4564804	-0.35339415	-0.39519525	0.26879126	-0.02793181	0.19979659	-0.48330268	-1.0930059	0.49019367	-0.5078686	0.31029326	-0.9166872	-0.014644635	-0.659377	-0.59937245	-0.30903518	0.95961785	0.33886904	0.6383724	0.14201026	0.23425953	0.064486474	0.45981804	0.23987342	0.09427125	-1.0721668	0.48915082	-0.14570223	-0.09358079	1.2388576	0.051931437	0.8324188	-0.17246085	0.5680353	0.2854154	-0.006885247	-0.3860446	0.26828545	-0.047899526	-0.5289582	-0.09690062	0.23016562	-0.10760972	0.19648166	0.35100687	0.730764	-0.12996958	-0.83288765	0.8988075	0.6625882	0.52423024	-0.83350307	-0.12206431	-0.055586804	-0.8109755	1.3176159	0.5200557	-0.08018918	0.56444883	0.18630591	-0.02923914	0.57319224	0.5878004	0.4618029	0.008970937	1.6330369	-0.3907293	0.49363068	1.1800126	-0.19356376	0.17893195	-0.88938046	0.5228236	0.5391453	0.11757411	-0.093472615	1.0781839	0.09496593	0.71260256	-0.26564056	-0.56600875	0.4071114	0.52743024	0.5705701	-0.18013516	0.41619667	-0.96622723	0.027924264	-0.8840828	-0.73680717	-0.33681688	0.06964226	-0.5035804	0.315666	-0.4033074	0.21973391	0.22930516	0.7369898	-0.021816092	-0.6952696	0.40218705	-0.28356305	-0.20624197	0.6599281	0.52566755	-0.02015948	-0.51811445	0.5124625	0.060210515	-0.44420612	-0.60022956	0.27470255	0.3073285	-0.26172858	-0.99165535	-0.022447238	-0.4289738	-0.21470015	-0.32121727	0.95212835	-0.27523142	-0.30984762	0.29347318	-0.4581145	-1.2139047	0.3346857	-0.5457033	-0.08110375	0.21576421	0.8302179	0.67978376	0.62238777	0.70927095	-0.05621745	0.6851185	0.9053568	-0.9789022	-0.1679806	-0.02708521	-0.24611339	-0.13225485	-0.18248418	-0.593601	-0.6992291	0.10882293	-0.033568792	-0.030691855	0.70197445	0.12542105
0.21001238	0.081734754	0.5618292	0.080525815	-0.22292443	-0.097000174	0.47266233	0.7841926	-0.67307293	0.11292122	0.1719879	0.64818484	-0.6548718	-0.971566	0.57805514	-0.25585103	-0.015702898	0.44599634	-0.5498691	-0.56232816	0.28723732	0.25451946	-0.31740844	0.28613076	0.4501401	0.5748807	-0.39494675	-0.27534837	-0.36682713	-0.22134444	0.59992194	0.26310137	-0.31290805	-0.21038646	0.64415663	-0.059561577	-0.14006826	-0.45666718	0.27309993	-0.24428514	-0.22751836	0.2668107	0.28891152	-0.111749694	-0.64092994	0.27866593	-0.025234342	0.4383449	0.25321674	-0.13103434	-0.8103338	-0.90613914	0.45540392	-0.04298438	-0.19344355	-0.28182724	0.32114246	0.19894359	-0.48087174	0.3576684	-0.48334947	-0.12419322	-0.42362207	0.6207987	-0.33351845	0.23336227	-0.051812932	-0.36908877	0.2913672	-0.059000824	0.13609658	-0.29990834	-0.7035187	-0.17527051	-0.26703465	-0.17563188	0.142724	0.055975087	-0.92123926	-1.1918495	0.6434938	-0.46163034	-1.0840887	0.062140387	-0.23073564	-0.5786492	0.06316527	-0.15256733	-0.7151912	-0.6303126	-0.6207871	0.1965826	0.22967353	-0.193734	-0.38838336	0.6075462	0.077077426	0.21671867	1.3719333	-0.5733805	0.19927114	-0.8953024	0.51099324	-0.49927014	-0.14309944	-0.17909648	-0.053849638	-0.0973831	-0.39610568	0.36135018	0.030345783	-0.0705677	0.09315908	-0.7181448	0.35217938	-0.4729011	0.041372117	-0.3295482	-0.25446895	0.083493315	0.53689027	0.89202946	0.010389703	-0.31198227	0.043351535	0.48884335	0.4312956	-0.7308554	-0.2552452	0.102538094	0.5203351	-0.40520063	0.3897733	0.11334865	0.38961342	-0.45354187	-0.21930097	-0.6180664	-0.20684911	0.5392143	0.25002995	0.47510308	-0.053489298	0.22345383	0.031376768	-0.27774286	-0.037466135	0.08161043	0.52877915	-0.20782435
-0.64741397	0.032939184	-0.44949037	0.124109894	0.33723208	-0.86101764	0.48585954	0.1092524	-1.1312795	0.09378195	-0.740234	0.4182882	0.22081777	0.79570055	-0.017669966	-0.06931146	-0.29193407	-0.84277636	-0.685056	0.33523825	-0.04554598	0.7655636	1.1001345	0.2034601	0.5077114	0.2023022	0.364081	0.77804786	0.08201316	0.20591311	0.1717736	0.30734152	0.22430862	0.17723523	0.92163604	0.781708	0.3102918	-0.6471277	-0.7431444	0.48547286	-0.6447216	0.03635241	0.41561058	-0.8479742	0.09451194	0.4407618	0.3955944	0.21053666	-0.78067887	-0.48167148	0.093106784	-0.55782914	0.48904866	-0.40686625	0.15408719	-0.04851692	0.9602827	0.3732754	0.33773434	0.49471086	-0.5462801	-0.49147415	0.012901534	0.16941103	0.08413439	0.2614153	-0.25621513	1.0547724	-0.08024032	0.4254676	0.71552104	0.6190002	-0.2527462	0.080067925	-0.4156715	-0.5901174	0.27824485	0.8565273	-1.4113061	-0.83160937	-0.7903946	-0.7949804	0.034326438	-0.16604303	-0.66526103	0.46822837	0.7975765	-0.14699009	-0.29005358	-0.3744449	-0.9320328	0.30651093	-0.28324935	0.030138968	-0.5499113	-0.92862123	0.062304005	-0.29950538	-0.17380583	-1.0924596	-0.7154514	0.05376656	0.13481775	0.0009057791	-0.6144026	-0.18702894	-0.26810625	0.78490853	-0.51328236	0.31031862	-0.67693007	0.32882679	-0.23086071	-0.23967646	1.0281471	0.13799076	-0.33101195	-1.4011356	0.5801711	-0.53230643	0.43322685	-0.27557057	-0.65002257	-0.13633001	-0.09215622	0.14294228	0.38636348	-0.14648981	0.059729476	0.31842986	-0.8819936	-0.3114617	0.90312326	-0.06404645	0.12568086	0.22996375	-0.30141458	0.07154799	-0.30876127	0.76921266	1.0984219	0.44436234	1.1203948	0.027418675	0.0038458267	0.052482456	-0.11721889	-0.45330024	0.5702843	-0.7084258
-0.11497384	-0.6566968	0.26653972	-0.119381025	-0.36708602	0.06563725	-0.5251693	-0.062328223	-0.75605226	-0.14588547	-0.5796267	0.66977483	0.06370576	-0.15269846	-0.28381538	-0.50387454	-0.1602849	-0.03871524	-0.73235035	0.36731344	-0.18647006	0.4230995	-0.37071523	0.48524484	-0.4201952	-0.23707956	-0.4018265	-0.37076145	0.30808428	-0.36532786	0.34833965	-0.2799891	0.15624481	0.728728	0.7797351	-0.04274712	0.068459	0.31134394	0.1824896	0.09862113	-0.862213	0.84619397	-0.37718457	-1.1028142	-0.64406645	0.68131644	0.27457535	-0.20671988	-0.88096017	-0.013867404	0.25777736	0.54644257	0.021544086	-0.10217809	0.36887813	0.36586887	-0.113015644	0.19536708	0.065668255	-0.325668	-0.2340533	-0.042347282	-0.9573919	0.37024283	-0.33208132	-0.4909344	0.07677168	-0.33166355	-0.3600574	0.58985996	-0.046621103	-0.76267654	-0.32029358	0.39341626	-0.34858584	0.08084228	-0.6682107	0.7899081	0.28278786	0.33431295	-0.12022472	-0.17576143	-0.5529726	-0.17715847	0.4675604	-0.15779738	-0.026607737	-0.2814642	-1.0993396	-0.013100745	-0.5001233	-0.07897215	-0.9470407	-0.212551	0.87204665	-0.16168003	-0.32104403	0.08251215	-0.26857418	-0.36230648	-0.18380408	-0.75071824	0.33768207	0.037318494	-1.3378867	0.14916211	-0.16962045	0.15885147	0.40318885	-0.17650808	-0.3797855	-0.024330797	-0.52965474	-0.41026974	-0.5466805	1.0265155	-0.13138314	0.216317	0.122708455	-0.088617444	0.65254396	-0.5161641	-0.5886839	0.9607715	-0.035075046	-0.16429651	-0.3831641	-0.33071965	-0.370322	-1.7676077	-0.20098121	0.6967662	-0.01811194	0.5194142	-0.3319817	-0.013299099	-0.25839052	0.28576687	-0.23288275	-0.014157098	0.77828634	-0.1334	-0.0034358955	0.068893164	0.08721677	0.957793	-0.4621469	0.5597867	0.13398701	0.25449204
0.45935836	-0.018658526	-0.49487028	-0.90407544	-0.5684006	-0.5114569	-0.81666523	0.40961817	-0.13821763	1.12419	-0.535228	-0.5615928	-0.3173716	-0.59359354	0.24534075	0.2795495	0.37314862	-0.64962196	0.39656967	-0.25582558	-0.12163207	0.41693616	0.09879238	-0.047237843	0.5544303	1.4878653	-0.29260987	-0.9754573	-0.008865192	-0.0774405	0.13242525	0.20380174	-0.5298734	0.42786855	-0.31053057	0.29578406	0.070286036	-0.989944	0.04307854	0.017019914	0.025707757	0.15151438	0.24552919	-0.6727697	-0.12725145	-0.40913346	0.29067132	-0.09395671	-0.4603813	-0.6512272	-0.72090447	-0.931666	-0.1294836	-0.24510908	-0.5656414	-0.044950005	-0.029559039	-0.40929613	-0.3444413	0.9083819	0.14718758	0.31641763	0.2705193	-0.53279775	0.44050023	-0.41352066	-0.072196476	0.11166479	-0.03354715	-0.16080205	-0.5451765	0.158364	0.63270515	0.11515532	-1.1690378	-0.65388715	0.9330544	-0.81117576	-0.4442483	-1.0173181	-0.44738707	0.574608	0.7142815	-0.3569112	1.4028343	0.2251413	-0.14408927	1.5780716	-0.6476179	-0.11101814	-1.2914345	-0.61951196	-0.13529322	-0.4038964	0.85833114	-0.11628384	-0.15768497	0.72189254	0.91459864	0.15196836	-0.49744654	-0.6827252	-0.29874745	0.6147902	0.21673663	0.10094072	0.35771346	0.040840395	-0.27221432	-0.67151374	0.91607666	0.036678616	-0.54996353	-0.28913108	0.47347844	-0.33853745	0.43854436	-0.6985961	-0.3424513	-1.3997078	0.41093305	1.2574841	-0.23049885	-0.2979207	-0.76151705	0.40351966	0.11332669	-0.6471496	-0.36197534	-0.91256547	-1.5856297	-0.7363668	-0.7704977	-1.0075057	0.50836587	0.4119431	0.5084039	-0.26222053	-0.19763051	-0.1509582	0.9553347	0.065772675	0.85661364	-0.44821113	0.821725	0.040203817	-0.2810103	0.2962549	0.40408558	-1.0389991
0.65532935	-1.2138146	1.8815275	-0.013783138	0.98294824	0.8926818	0.1085276	0.11060182	0.57335943	0.65986747	0.2993019	-0.68120503	-1.1757051	-0.33051297	0.4242609	-0.3827666	0.44950718	-0.53518826	0.45641744	-0.32072976	-0.34084556	1.1206505	-0.46739814	0.65937954	0.15930088	0.080857195	-0.9574749	-0.04546808	-0.63060033	0.36872008	0.0062744915	-0.51947016	0.05262352	0.09610633	-0.34298158	0.18010628	0.5258447	-0.116314895	0.7923771	-0.14762336	0.47382393	-0.54048914	-0.93264365	0.36722136	-0.18289883	0.46720102	0.16579647	-0.11066897	-0.5150648	0.47914103	0.33151144	-0.41413394	0.6168759	0.029834196	0.0009891929	0.120638445	-0.7017254	0.15600687	0.7656504	0.51334935	0.12204415	-0.17651144	-0.22154532	1.0500934	-0.33124134	-0.5899931	0.573375	0.06358842	0.4410788	0.41415477	-0.73283505	0.5897669	-0.36011073	-0.39156955	-0.7025199	0.17033054	0.7697833	1.0752685	-0.04443571	0.2506529	0.6088454	0.1919772	0.13262658	0.14262693	0.27208608	0.121424906	-0.15730499	-0.6678561	-1.0442468	0.50502884	0.038707122	-0.06344267	-0.29118133	-0.13517906	0.8776493	-0.05693184	0.11827194	-0.016436884	1.9248967	-1.009856	1.108956	-0.67708284	-0.47287896	0.47539112	-0.86511326	-0.42342895	0.14804746	-0.22560337	1.2634362	-0.27102536	-0.64729935	1.1770166	-1.0672576	0.02773048	-0.20510575	-0.020358283	0.24909613	0.25160003	0.1377374	-0.10756065	-0.91135526	-0.19675569	-0.017678956	-0.30895063	0.8898382	-0.45488003	-0.6123332	0.3951736	0.12364891	-0.28599668	-0.27933934	0.1258074	0.34842715	-0.22243932	0.14746998	1.1663495	0.39961413	0.21537438	0.1796933	-0.38101768	0.49552754	-0.03780563	0.6845423	-0.21740249	-0.28732958	-0.9605768	0.08032734	-0.3207842	1.0292001	-0.34866938
